Datetime,Open,High,Low,Close,Volume
2024-04-24 13:30:00+00:00,163.07000732421875,163.72999572753906,162.5500030517578,162.8000030517578,107325
2024-04-24 14:30:00+00:00,162.8000030517578,163.19500732421875,162.02999877929688,162.22999572753906,153167
2024-04-24 15:30:00+00:00,162.30999755859375,162.5800018310547,161.6999969482422,161.88999938964844,107013
2024-04-24 16:30:00+00:00,161.8800048828125,161.9600067138672,161.25,161.40499877929688,88870
2024-04-24 17:30:00+00:00,161.42999267578125,161.96499633789062,161.39999389648438,161.6300048828125,135160
2024-04-24 18:30:00+00:00,161.6199951171875,161.80999755859375,161.22000122070312,161.69000244140625,163815
2024-04-24 19:30:00+00:00,161.7100067138672,161.97000122070312,161.55999755859375,161.8000030517578,238831
2024-04-25 13:30:00+00:00,161.11000061035156,161.60000610351562,159.22500610351562,159.88999938964844,140825
2024-04-25 14:30:00+00:00,159.97000122070312,159.97000122070312,158.9499969482422,159.42999267578125,110030
2024-04-25 15:30:00+00:00,159.42599487304688,160.58999633789062,159.3249969482422,160.34500122070312,78689
2024-04-25 16:30:00+00:00,160.27000427246094,160.30999755859375,159.6699981689453,159.69000244140625,67349
2024-04-25 17:30:00+00:00,159.67999267578125,160.86000061035156,159.67999267578125,160.3699951171875,140408
2024-04-25 18:30:00+00:00,160.39999389648438,161.5500030517578,160.34500122070312,161.47999572753906,155075
2024-04-25 19:30:00+00:00,161.46249389648438,161.46249389648438,160.4499969482422,161.05999755859375,332762
2024-04-26 13:30:00+00:00,160.6199951171875,162.13999938964844,160.5500030517578,161.02999877929688,65159
2024-04-26 14:30:00+00:00,160.9499969482422,161.4499969482422,160.0399932861328,160.2899932861328,119352
2024-04-26 15:30:00+00:00,160.33999633789062,160.51919555664062,160.1300048828125,160.17999267578125,88231
2024-04-26 16:30:00+00:00,160.1300048828125,160.5399932861328,160.0,160.4199981689453,72106
2024-04-26 17:30:00+00:00,160.41000366210938,160.7899932861328,160.14999389648438,160.75999450683594,88819
2024-04-26 18:30:00+00:00,160.75999450683594,160.9600067138672,160.32000732421875,160.47999572753906,111640
2024-04-26 19:30:00+00:00,160.4499969482422,160.5800018310547,159.82000732421875,159.88999938964844,266788
2024-04-29 13:30:00+00:00,160.49000549316406,161.39999389648438,160.49000549316406,161.30999755859375,95946
2024-04-29 14:30:00+00:00,161.2899932861328,161.4199981689453,160.74000549316406,161.35000610351562,97427
2024-04-29 15:30:00+00:00,161.42999267578125,161.7899932861328,161.14999389648438,161.77000427246094,88048
2024-04-29 16:30:00+00:00,161.77999877929688,162.05999755859375,161.4499969482422,161.9600067138672,121622
2024-04-29 17:30:00+00:00,161.89999389648438,162.02499389648438,161.6699981689453,161.9499969482422,99722
2024-04-29 18:30:00+00:00,161.9499969482422,161.9499969482422,161.2100067138672,161.5030059814453,92468
2024-04-29 19:30:00+00:00,161.4499969482422,161.62989807128906,161.05999755859375,161.3300018310547,254762
2024-04-30 13:30:00+00:00,160.33999633789062,160.3699951171875,158.39500427246094,158.6649932861328,91174
2024-04-30 14:30:00+00:00,158.58999633789062,158.6699981689453,157.9149932861328,158.1300048828125,124610
2024-04-30 15:30:00+00:00,158.0500030517578,158.32000732421875,157.58999633789062,158.00999450683594,73236
2024-04-30 16:30:00+00:00,157.8350067138672,158.0,157.3699951171875,157.5399932861328,49304
2024-04-30 17:30:00+00:00,157.47999572753906,157.88999938964844,157.16000366210938,157.22500610351562,57778
2024-04-30 18:30:00+00:00,157.22000122070312,157.5399932861328,156.97500610351562,157.27000427246094,106610
2024-04-30 19:30:00+00:00,157.26100158691406,157.58999633789062,156.9149932861328,157.1699981689453,246710
2024-05-01 13:30:00+00:00,156.8699951171875,159.14999389648438,156.50999450683594,156.80999755859375,96648
2024-05-01 14:30:00+00:00,156.94000244140625,157.00999450683594,156.27999877929688,156.9199981689453,61071
2024-05-01 15:30:00+00:00,156.92999267578125,157.6699981689453,156.82000732421875,157.6699981689453,64578
2024-05-01 16:30:00+00:00,157.60499572753906,157.66000366210938,157.0,157.02999877929688,61355
2024-05-01 17:30:00+00:00,157.05999755859375,157.75999450683594,157.0,157.5,82380
2024-05-01 18:30:00+00:00,157.4499969482422,158.11000061035156,156.67999267578125,157.91000366210938,121150
2024-05-01 19:30:00+00:00,157.91000366210938,157.9199981689453,156.5500030517578,156.77000427246094,171591
2024-05-02 13:30:00+00:00,157.72999572753906,157.72999572753906,156.41000366210938,157.52499389648438,53932
2024-05-02 14:30:00+00:00,157.4886016845703,157.55999755859375,156.52000427246094,156.52000427246094,59989
2024-05-02 15:30:00+00:00,156.52000427246094,157.0500030517578,156.02999877929688,156.38999938964844,53650
2024-05-02 16:30:00+00:00,156.44000244140625,156.57000732421875,156.13999938964844,156.52499389648438,48936
2024-05-02 17:30:00+00:00,156.6199951171875,156.69000244140625,156.32000732421875,156.64999389648438,56939
2024-05-02 18:30:00+00:00,156.6699981689453,157.32000732421875,156.5800018310547,156.8000030517578,137108
2024-05-02 19:30:00+00:00,156.72999572753906,156.72999572753906,155.99000549316406,156.35000610351562,191513
2024-05-03 13:30:00+00:00,157.0800018310547,158.2899932861328,157.0800018310547,157.42999267578125,68127
2024-05-03 14:30:00+00:00,157.42999267578125,157.92999267578125,157.0,157.15809631347656,51235
2024-05-03 15:30:00+00:00,157.16000366210938,157.58999633789062,157.125,157.58999633789062,41190
2024-05-03 16:30:00+00:00,157.58999633789062,157.85000610351562,157.55999755859375,157.58999633789062,45149
2024-05-03 17:30:00+00:00,157.5991973876953,158.13909912109375,157.5991973876953,157.77000427246094,53577
2024-05-03 18:30:00+00:00,157.73500061035156,157.8699951171875,157.5,157.72500610351562,86563
2024-05-03 19:30:00+00:00,157.69000244140625,157.72999572753906,157.30999755859375,157.3699951171875,167018
2024-05-06 13:30:00+00:00,158.6999969482422,159.77000427246094,157.64999389648438,157.77000427246094,54023
2024-05-06 14:30:00+00:00,157.63119506835938,157.67999267578125,156.82000732421875,156.82000732421875,80264
2024-05-06 15:30:00+00:00,156.83999633789062,156.9499969482422,155.63499450683594,155.75,81148
2024-05-06 16:30:00+00:00,155.7949981689453,155.9949951171875,155.5050048828125,155.8000030517578,76818
2024-05-06 17:30:00+00:00,155.75999450683594,155.99000549316406,155.44000244140625,155.8800048828125,81141
2024-05-06 18:30:00+00:00,155.92999267578125,156.0449981689453,155.625,155.7100067138672,83123
2024-05-06 19:30:00+00:00,155.7050018310547,156.75900268554688,155.49000549316406,156.69000244140625,250964
2024-05-07 13:30:00+00:00,157.22000122070312,157.75,156.3000030517578,156.77000427246094,85582
2024-05-07 14:30:00+00:00,156.69500732421875,156.93499755859375,156.00999450683594,156.30999755859375,78837
2024-05-07 15:30:00+00:00,156.27999877929688,156.3699951171875,155.77999877929688,156.11000061035156,70661
2024-05-07 16:30:00+00:00,156.1199951171875,156.1199951171875,155.3800048828125,155.5,80440
2024-05-07 17:30:00+00:00,155.5,155.875,155.2899932861328,155.82000732421875,88122
2024-05-07 18:30:00+00:00,155.82000732421875,156.05999755859375,155.25999450683594,155.52499389648438,163297
2024-05-07 19:30:00+00:00,155.57000732421875,155.66250610351562,154.85000610351562,154.91000366210938,319363
2024-05-08 13:30:00+00:00,154.0399932861328,155.0,154.0399932861328,154.49000549316406,59304
2024-05-08 14:30:00+00:00,154.17999267578125,154.60000610351562,153.80999755859375,154.0,46853
2024-05-08 15:30:00+00:00,154.0399932861328,154.1199951171875,153.63999938964844,153.72999572753906,57553
2024-05-08 16:30:00+00:00,153.77000427246094,154.11000061035156,153.52000427246094,154.07000732421875,47089
2024-05-08 17:30:00+00:00,153.97000122070312,154.19000244140625,153.82000732421875,153.91000366210938,54356
2024-05-08 18:30:00+00:00,153.91000366210938,154.52499389648438,153.75999450683594,154.4250030517578,79790
2024-05-08 19:30:00+00:00,154.41000366210938,154.5800018310547,154.0399932861328,154.3300018310547,255720
2024-05-09 13:30:00+00:00,154.83999633789062,155.14999389648438,154.49000549316406,154.52999877929688,57055
2024-05-09 14:30:00+00:00,154.53500366210938,155.47999572753906,154.35000610351562,154.94000244140625,96813
2024-05-09 15:30:00+00:00,154.9250030517578,154.97000122070312,154.43499755859375,154.7050018310547,39607
2024-05-09 16:30:00+00:00,154.69500732421875,155.0500030517578,154.6199951171875,154.97000122070312,34403
2024-05-09 17:30:00+00:00,154.97000122070312,155.15499877929688,154.8300018310547,154.94500732421875,43066
2024-05-09 18:30:00+00:00,154.9600067138672,155.35000610351562,154.86000061035156,155.2100067138672,58787
2024-05-09 19:30:00+00:00,155.17999267578125,155.63999938964844,155.0500030517578,155.3300018310547,172807
2024-05-10 13:30:00+00:00,155.97999572753906,155.97999572753906,154.0800018310547,154.4499969482422,60673
2024-05-10 14:30:00+00:00,154.5399932861328,155.64999389648438,154.30999755859375,155.47000122070312,99623
2024-05-10 15:30:00+00:00,155.5399932861328,155.5399932861328,155.08680725097656,155.30999755859375,56915
2024-05-10 16:30:00+00:00,155.3300018310547,155.43499755859375,155.1999969482422,155.2550048828125,32559
2024-05-10 17:30:00+00:00,155.24000549316406,155.24000549316406,154.66000366210938,154.8699951171875,41143
2024-05-10 18:30:00+00:00,154.86000061035156,155.2100067138672,154.58999633789062,154.77499389648438,84023
2024-05-10 19:30:00+00:00,154.77499389648438,155.41000366210938,154.75999450683594,155.33999633789062,201110
2024-05-13 13:30:00+00:00,155.82000732421875,157.06500244140625,155.63499450683594,157.02499389648438,81742
2024-05-13 14:30:00+00:00,157.00999450683594,157.32000732421875,156.85499572753906,157.0399932861328,83632
2024-05-13 15:30:00+00:00,156.97000122070312,157.24000549316406,156.90750122070312,157.0749969482422,66145
2024-05-13 16:30:00+00:00,157.10000610351562,157.1999969482422,156.8300018310547,157.08999633789062,103693
2024-05-13 17:30:00+00:00,157.1649932861328,157.3000030517578,156.89999389648438,157.26499938964844,83435
2024-05-13 18:30:00+00:00,157.26499938964844,157.5800018310547,157.19000244140625,157.39999389648438,101319
2024-05-13 19:30:00+00:00,157.40499877929688,157.61000061035156,157.3096923828125,157.5500030517578,206431
2024-05-14 13:30:00+00:00,158.64999389648438,158.64999389648438,156.6649932861328,156.77499389648438,92299
2024-05-14 14:30:00+00:00,156.6699981689453,156.85000610351562,156.0592041015625,156.4499969482422,76991
2024-05-14 15:30:00+00:00,156.39999389648438,156.5500030517578,156.125,156.5500030517578,88342
2024-05-14 16:30:00+00:00,156.5800018310547,156.5800018310547,155.13999938964844,155.2899932861328,40074
2024-05-14 17:30:00+00:00,155.25999450683594,155.64739990234375,155.25999450683594,155.2696990966797,45180
2024-05-14 18:30:00+00:00,155.25,155.6199951171875,154.92999267578125,154.94000244140625,86372
2024-05-14 19:30:00+00:00,154.96499633789062,155.8000030517578,154.9499969482422,155.57000732421875,120474
2024-05-15 13:30:00+00:00,156.0,157.1699981689453,155.39999389648438,155.66000366210938,39697
2024-05-15 14:30:00+00:00,155.5,155.71499633789062,154.6300048828125,154.93499755859375,61599
2024-05-15 15:30:00+00:00,154.9886016845703,155.49000549316406,154.8800048828125,155.17999267578125,36983
2024-05-15 16:30:00+00:00,155.25999450683594,155.5,155.15499877929688,155.44000244140625,36468
2024-05-15 17:30:00+00:00,155.35499572753906,155.8000030517578,155.1199951171875,155.63999938964844,42406
2024-05-15 18:30:00+00:00,155.57000732421875,155.57000732421875,155.1699981689453,155.1699981689453,54230
2024-05-15 19:30:00+00:00,155.1199951171875,155.36000061035156,154.97000122070312,155.0,135864
2024-05-16 13:30:00+00:00,154.74000549316406,155.21499633789062,153.5749969482422,154.5850067138672,97902
2024-05-16 14:30:00+00:00,154.55499267578125,154.67999267578125,153.92999267578125,154.1649932861328,53435
2024-05-16 15:30:00+00:00,154.1300048828125,155.19000244140625,154.10000610351562,154.94000244140625,52200
2024-05-16 16:30:00+00:00,154.8000030517578,154.97999572753906,154.50999450683594,154.55499267578125,34286
2024-05-16 17:30:00+00:00,154.5449981689453,154.74000549316406,154.3000030517578,154.66000366210938,28074
2024-05-16 18:30:00+00:00,154.6199951171875,154.9600067138672,154.52999877929688,154.5399932861328,46394
2024-05-16 19:30:00+00:00,154.55999755859375,154.64999389648438,154.02999877929688,154.08999633789062,125218
2024-05-17 13:30:00+00:00,154.83999633789062,154.83999633789062,153.22999572753906,153.45750427246094,50380
2024-05-17 14:30:00+00:00,153.36000061035156,153.4499969482422,152.55999755859375,152.64999389648438,52729
2024-05-17 15:30:00+00:00,152.52000427246094,152.77999877929688,152.1999969482422,152.47500610351562,47881
2024-05-17 16:30:00+00:00,152.47500610351562,152.70989990234375,152.3800048828125,152.6300048828125,38113
2024-05-17 17:30:00+00:00,152.6999969482422,153.0399932861328,152.44000244140625,153.0399932861328,40407
2024-05-17 18:30:00+00:00,153.10499572753906,153.2100067138672,152.80999755859375,152.83999633789062,56689
2024-05-17 19:30:00+00:00,152.89500427246094,153.05999755859375,152.72999572753906,152.97000122070312,150262
2024-05-20 13:30:00+00:00,152.83999633789062,153.38999938964844,151.75999450683594,153.38999938964844,65109
2024-05-20 14:30:00+00:00,153.3000030517578,153.38999938964844,152.80999755859375,153.2949981689453,54628
2024-05-20 15:30:00+00:00,153.24000549316406,153.44000244140625,152.5050048828125,152.5050048828125,48445
2024-05-20 16:30:00+00:00,152.5500030517578,152.87989807128906,152.30999755859375,152.66000366210938,48116
2024-05-20 17:30:00+00:00,152.77000427246094,152.9499969482422,152.11000061035156,152.58999633789062,56895
2024-05-20 18:30:00+00:00,152.58999633789062,152.60000610351562,152.18099975585938,152.24000549316406,57683
2024-05-20 19:30:00+00:00,152.22999572753906,152.38999938964844,151.8000030517578,152.00999450683594,126934
2024-05-21 13:30:00+00:00,151.8300018310547,152.1199951171875,151.02000427246094,151.19000244140625,54075
2024-05-21 14:30:00+00:00,151.07000732421875,151.24000549316406,150.443603515625,151.1699981689453,110171
2024-05-21 15:30:00+00:00,151.1750030517578,151.22000122070312,150.1300048828125,150.23500061035156,87847
2024-05-21 16:30:00+00:00,150.27000427246094,151.03990173339844,150.27000427246094,150.7100067138672,77921
2024-05-21 17:30:00+00:00,150.75,151.2899932861328,150.6999969482422,151.1699981689453,98064
2024-05-21 18:30:00+00:00,151.1699981689453,151.36000061035156,150.75,151.27000427246094,100406
2024-05-21 19:30:00+00:00,151.25,151.55999755859375,151.19000244140625,151.52000427246094,172540
2024-05-22 13:30:00+00:00,151.16000366210938,151.97000122070312,150.3350067138672,150.83999633789062,66519
2024-05-22 14:30:00+00:00,150.8800048828125,150.94500732421875,150.11000061035156,150.17999267578125,65964
2024-05-22 15:30:00+00:00,150.19500732421875,150.38999938964844,150.0500030517578,150.27000427246094,64106
2024-05-22 16:30:00+00:00,150.1999969482422,150.5,149.9149932861328,149.9149932861328,58409
2024-05-22 17:30:00+00:00,149.90499877929688,150.3000030517578,149.2100067138672,149.2449951171875,69210
2024-05-22 18:30:00+00:00,149.24000549316406,149.9949951171875,149.22000122070312,149.74000549316406,142138
2024-05-22 19:30:00+00:00,149.77000427246094,150.02999877929688,149.00999450683594,149.47999572753906,286923
2024-05-23 13:30:00+00:00,149.00999450683594,149.00999450683594,146.0,146.39999389648438,87006
2024-05-23 14:30:00+00:00,146.4550018310547,147.02999877929688,146.27999877929688,146.5050048828125,53674
2024-05-23 15:30:00+00:00,146.46499633789062,146.6999969482422,146.2050018310547,146.4499969482422,49137
2024-05-23 16:30:00+00:00,146.5500030517578,146.7899932861328,146.2899932861328,146.55499267578125,56007
2024-05-23 17:30:00+00:00,146.5,146.50999450683594,145.94000244140625,146.02499389648438,66721
2024-05-23 18:30:00+00:00,145.97999572753906,146.4199981689453,145.9199981689453,146.13999938964844,99525
2024-05-23 19:30:00+00:00,146.1999969482422,146.2239990234375,145.55999755859375,145.69000244140625,137025
2024-05-24 13:30:00+00:00,146.27999877929688,146.6699981689453,145.41000366210938,145.85989379882812,57247
2024-05-24 14:30:00+00:00,145.81300354003906,145.87240600585938,145.14999389648438,145.47000122070312,42980
2024-05-24 15:30:00+00:00,145.4600067138672,145.64999389648438,145.14500427246094,145.57000732421875,46038
2024-05-24 16:30:00+00:00,145.61500549316406,145.80499267578125,145.47999572753906,145.69000244140625,40353
2024-05-24 17:30:00+00:00,145.66000366210938,145.82000732421875,145.10000610351562,145.10000610351562,37233
2024-05-24 18:30:00+00:00,145.1199951171875,145.4149932861328,145.0749969482422,145.22000122070312,63950
2024-05-24 19:30:00+00:00,145.17999267578125,145.3699951171875,144.92999267578125,145.22999572753906,93340
2024-05-28 13:30:00+00:00,144.9600067138672,145.75,144.29100036621094,144.48109436035156,64877
2024-05-28 14:30:00+00:00,144.50999450683594,144.50999450683594,143.8800048828125,144.13999938964844,71271
2024-05-28 15:30:00+00:00,144.14999389648438,144.19000244140625,143.26499938964844,143.39999389648438,65095
2024-05-28 16:30:00+00:00,143.38999938964844,143.55499267578125,142.66000366210938,142.82000732421875,41770
2024-05-28 17:30:00+00:00,142.9199981689453,143.0,142.1999969482422,142.32000732421875,51154
2024-05-28 18:30:00+00:00,142.08999633789062,142.19000244140625,141.75999450683594,142.05999755859375,55216
2024-05-28 19:30:00+00:00,142.02999877929688,142.10000610351562,141.6199951171875,141.75999450683594,195058
2024-05-29 13:30:00+00:00,140.47000122070312,141.55499267578125,139.85000610351562,139.85000610351562,86872
2024-05-29 14:30:00+00:00,140.0050048828125,140.1199951171875,139.39999389648438,139.88999938964844,66788
2024-05-29 15:30:00+00:00,139.80999755859375,139.9499969482422,139.44000244140625,139.88999938964844,61060
2024-05-29 16:30:00+00:00,139.8800048828125,139.9600067138672,139.57009887695312,139.85000610351562,51749
2024-05-29 17:30:00+00:00,139.76499938964844,140.0399932861328,139.19000244140625,139.4499969482422,77120
2024-05-29 18:30:00+00:00,139.44000244140625,139.6199951171875,139.17999267578125,139.43499755859375,75604
2024-05-29 19:30:00+00:00,139.38999938964844,139.52999877929688,139.14999389648438,139.1999969482422,206451
2024-05-30 13:30:00+00:00,139.67999267578125,140.7899932861328,139.32000732421875,140.16000366210938,55795
2024-05-30 14:30:00+00:00,140.3699951171875,141.10000610351562,140.3699951171875,140.6999969482422,53119
2024-05-30 15:30:00+00:00,140.6999969482422,140.8800048828125,140.5,140.61000061035156,31987
2024-05-30 16:30:00+00:00,140.67999267578125,140.9499969482422,140.4199981689453,140.71499633789062,57252
2024-05-30 17:30:00+00:00,140.77000427246094,140.7799072265625,139.92999267578125,140.16000366210938,67036
2024-05-30 18:30:00+00:00,140.22999572753906,140.3531951904297,140.11000061035156,140.32000732421875,47398
2024-05-30 19:30:00+00:00,140.36000061035156,140.74000549316406,140.2100067138672,140.67999267578125,164533
2024-05-31 13:30:00+00:00,140.7100067138672,141.6300048828125,140.47999572753906,141.59500122070312,50572
2024-05-31 14:30:00+00:00,141.51499938964844,141.94000244140625,141.1999969482422,141.8000030517578,55268
2024-05-31 15:30:00+00:00,141.8000030517578,142.13999938964844,141.66000366210938,142.13999938964844,45732
2024-05-31 16:30:00+00:00,142.16000366210938,143.02000427246094,142.0800018310547,142.85000610351562,83608
2024-05-31 17:30:00+00:00,142.84730529785156,143.52000427246094,142.74000549316406,143.27000427246094,70284
2024-05-31 18:30:00+00:00,143.2899932861328,143.66000366210938,143.05499267578125,143.12249755859375,91843
2024-05-31 19:30:00+00:00,143.11000061035156,144.42999267578125,142.92999267578125,144.19000244140625,326235
2024-06-03 13:30:00+00:00,144.94000244140625,145.4499969482422,143.8455047607422,144.72999572753906,105569
2024-06-03 14:30:00+00:00,144.69000244140625,144.88499450683594,144.02000427246094,144.17999267578125,77899
2024-06-03 15:30:00+00:00,144.27000427246094,144.27000427246094,142.92999267578125,143.1199951171875,50560
2024-06-03 16:30:00+00:00,143.11000061035156,143.69000244140625,143.00999450683594,143.69000244140625,48357
2024-06-03 17:30:00+00:00,143.67999267578125,143.99000549316406,143.4600067138672,143.80999755859375,58138
2024-06-03 18:30:00+00:00,143.8000030517578,144.08999633789062,143.72000122070312,144.02999877929688,89056
2024-06-03 19:30:00+00:00,144.02999877929688,144.16000366210938,143.60000610351562,144.14999389648438,176688
2024-06-04 13:30:00+00:00,143.52000427246094,144.61500549316406,143.52000427246094,143.97000122070312,64448
2024-06-04 14:30:00+00:00,143.97000122070312,144.6999969482422,143.82000732421875,144.60699462890625,99980
2024-06-04 15:30:00+00:00,144.55999755859375,144.67999267578125,143.9499969482422,144.1300048828125,99383
2024-06-04 16:30:00+00:00,144.19000244140625,144.35000610351562,143.8800048828125,143.93499755859375,57203
2024-06-04 17:30:00+00:00,143.97000122070312,144.2899932861328,143.75999450683594,144.26499938964844,86632
2024-06-04 18:30:00+00:00,144.1699981689453,144.50999450683594,143.98129272460938,144.1199951171875,82321
2024-06-04 19:30:00+00:00,144.13499450683594,144.77999877929688,144.0218963623047,144.75999450683594,227093
2024-06-05 13:30:00+00:00,144.9199981689453,145.16000366210938,142.60000610351562,143.44000244140625,69321
2024-06-05 14:30:00+00:00,143.4499969482422,143.77000427246094,143.1199951171875,143.58999633789062,77378
2024-06-05 15:30:00+00:00,143.61000061035156,143.7949981689453,143.43499755859375,143.75999450683594,58835
2024-06-05 16:30:00+00:00,143.72999572753906,144.0399932861328,143.30999755859375,143.57000732421875,47949
2024-06-05 17:30:00+00:00,143.56500244140625,143.72999572753906,143.35000610351562,143.63999938964844,48126
2024-06-05 18:30:00+00:00,143.60000610351562,143.97000122070312,143.49000549316406,143.60000610351562,95985
2024-06-05 19:30:00+00:00,143.57000732421875,143.58999633789062,142.89999389648438,142.9600067138672,186993
2024-06-06 13:30:00+00:00,142.99000549316406,144.00999450683594,142.99000549316406,143.41000366210938,62993
2024-06-06 14:30:00+00:00,143.47999572753906,143.69000244140625,142.86500549316406,143.6699981689453,44553
2024-06-06 15:30:00+00:00,143.6300048828125,143.77999877929688,143.30999755859375,143.60000610351562,89518
2024-06-06 16:30:00+00:00,143.5050048828125,143.80999755859375,143.49000549316406,143.7550048828125,78718
2024-06-06 17:30:00+00:00,143.7100067138672,143.75999450683594,143.08120727539062,143.19500732421875,99504
2024-06-06 18:30:00+00:00,143.14999389648438,143.99000549316406,143.11000061035156,143.86500549316406,86523
2024-06-06 19:30:00+00:00,143.875,144.63999938964844,143.77999877929688,144.61000061035156,213235
2024-06-07 13:30:00+00:00,143.0399932861328,144.58999633789062,142.60000610351562,144.58999633789062,78555
2024-06-07 14:30:00+00:00,144.4949951171875,144.63999938964844,144.0399932861328,144.39999389648438,56160
2024-06-07 15:30:00+00:00,144.39500427246094,144.89999389648438,144.39500427246094,144.69000244140625,65900
2024-06-07 16:30:00+00:00,144.74000549316406,145.25,144.69000244140625,145.1300048828125,53243
2024-06-07 17:30:00+00:00,145.11000061035156,145.64999389648438,144.97999572753906,145.61000061035156,69833
2024-06-07 18:30:00+00:00,145.57000732421875,146.22000122070312,145.5399932861328,146.17999267578125,146578
2024-06-07 19:30:00+00:00,146.16000366210938,146.3350067138672,145.02999877929688,145.1699981689453,283635
2024-06-10 13:30:00+00:00,144.63999938964844,144.84500122070312,142.08999633789062,142.08999633789062,105360
2024-06-10 14:30:00+00:00,142.08999633789062,142.3300018310547,141.52999877929688,141.57000732421875,62500
2024-06-10 15:30:00+00:00,141.6199951171875,142.27999877929688,141.50999450683594,141.8300018310547,61120
2024-06-10 16:30:00+00:00,141.86500549316406,142.20779418945312,141.6300048828125,142.1699981689453,69020
2024-06-10 17:30:00+00:00,142.1699981689453,142.85000610351562,142.1699981689453,142.57000732421875,47378
2024-06-10 18:30:00+00:00,142.64999389648438,142.88999938964844,142.55999755859375,142.7899932861328,86903
2024-06-10 19:30:00+00:00,142.77000427246094,142.8000030517578,142.33999633789062,142.5,239949
2024-06-11 13:30:00+00:00,142.14999389648438,142.2550048828125,140.88999938964844,141.60499572753906,67491
2024-06-11 14:30:00+00:00,141.5,141.8800048828125,141.19500732421875,141.19500732421875,93922
2024-06-11 15:30:00+00:00,141.22000122070312,142.3000030517578,141.1999969482422,141.6199951171875,53817
2024-06-11 16:30:00+00:00,141.6699981689453,142.0,141.61000061035156,141.64999389648438,45833
2024-06-11 17:30:00+00:00,141.65499877929688,142.02999877929688,141.49000549316406,142.02000427246094,62925
2024-06-11 18:30:00+00:00,141.9503936767578,142.14999389648438,141.60000610351562,142.1199951171875,95246
2024-06-11 19:30:00+00:00,142.1199951171875,142.1699981689453,141.4199981689453,142.0500030517578,195288
2024-06-12 13:30:00+00:00,143.27999877929688,143.5800018310547,142.4387969970703,142.96290588378906,62164
2024-06-12 14:30:00+00:00,142.9199981689453,143.4600067138672,142.78500366210938,143.13499450683594,75857
2024-06-12 15:30:00+00:00,143.14500427246094,143.60830688476562,142.9499969482422,143.3300018310547,34584
2024-06-12 16:30:00+00:00,143.27000427246094,143.56689453125,142.92999267578125,143.3300018310547,84375
2024-06-12 17:30:00+00:00,143.3000030517578,143.35000610351562,142.3800048828125,142.67999267578125,40566
2024-06-12 18:30:00+00:00,142.7100067138672,142.88999938964844,142.22000122070312,142.3800048828125,49420
2024-06-12 19:30:00+00:00,142.32000732421875,142.99000549316406,142.27999877929688,142.75,134963
2024-06-13 13:30:00+00:00,142.0,142.38999938964844,139.7906951904297,139.85000610351562,85669
2024-06-13 14:30:00+00:00,139.77999877929688,140.22000122070312,139.52000427246094,140.22000122070312,81677
2024-06-13 15:30:00+00:00,140.22999572753906,140.73500061035156,140.10000610351562,140.73500061035156,44189
2024-06-13 16:30:00+00:00,140.72500610351562,140.8975067138672,140.4499969482422,140.71499633789062,74039
2024-06-13 17:30:00+00:00,140.71499633789062,141.07000732421875,140.52499389648438,141.0500030517578,63391
2024-06-13 18:30:00+00:00,141.0449981689453,141.3699951171875,140.80999755859375,140.86500549316406,69876
2024-06-13 19:30:00+00:00,140.82000732421875,140.94000244140625,140.52000427246094,140.91000366210938,262213
2024-06-14 13:30:00+00:00,138.74000549316406,138.8000030517578,134.84950256347656,135.43499755859375,249674
2024-06-14 14:30:00+00:00,135.33999633789062,135.91000366210938,134.89999389648438,135.8000030517578,155960
2024-06-14 15:30:00+00:00,135.8000030517578,136.02000427246094,135.14999389648438,135.51499938964844,75088
2024-06-14 16:30:00+00:00,135.51499938964844,136.63999938964844,135.4600067138672,136.19500732421875,75170
2024-06-14 17:30:00+00:00,136.2050018310547,136.3459930419922,135.3699951171875,135.80999755859375,125283
2024-06-14 18:30:00+00:00,135.82000732421875,136.66000366210938,135.82000732421875,136.66000366210938,76394
2024-06-14 19:30:00+00:00,136.6300048828125,136.7100067138672,136.27999877929688,136.7100067138672,226674
2024-06-17 13:30:00+00:00,136.6999969482422,138.5800018310547,136.4499969482422,138.3699951171875,89509
2024-06-17 14:30:00+00:00,138.30999755859375,139.02999877929688,138.22999572753906,138.7845001220703,113511
2024-06-17 15:30:00+00:00,138.76499938964844,139.3800048828125,138.69000244140625,139.26499938964844,75979
2024-06-17 16:30:00+00:00,139.1999969482422,139.24000549316406,138.80999755859375,138.97999572753906,65595
2024-06-17 17:30:00+00:00,139.0,140.0,139.0,140.0,73439
2024-06-17 18:30:00+00:00,140.01499938964844,140.10000610351562,139.7899932861328,140.0850067138672,107657
2024-06-17 19:30:00+00:00,140.11000061035156,140.1999969482422,139.5800018310547,139.85000610351562,250963
2024-06-18 13:30:00+00:00,139.92999267578125,141.47999572753906,139.92999267578125,140.83999633789062,69007
2024-06-18 14:30:00+00:00,140.77999877929688,140.88999938964844,140.27999877929688,140.3800048828125,52991
2024-06-18 15:30:00+00:00,140.32000732421875,140.7050018310547,140.02000427246094,140.02000427246094,52777
2024-06-18 16:30:00+00:00,140.0850067138672,140.16000366210938,139.69000244140625,139.9550018310547,57311
2024-06-18 17:30:00+00:00,139.93499755859375,140.0800018310547,139.61000061035156,139.61000061035156,63334
2024-06-18 18:30:00+00:00,139.6300048828125,139.94500732421875,139.3699951171875,139.5,90099
2024-06-18 19:30:00+00:00,139.47999572753906,139.6750030517578,139.30999755859375,139.35000610351562,205282
2024-06-20 13:30:00+00:00,139.07000732421875,141.42999267578125,139.07000732421875,140.8000946044922,63942
2024-06-20 14:30:00+00:00,140.91250610351562,141.23219299316406,140.07000732421875,141.07000732421875,67514
2024-06-20 15:30:00+00:00,140.98500061035156,141.33999633789062,140.8300018310547,141.33999633789062,56186
2024-06-20 16:30:00+00:00,141.3000030517578,141.61000061035156,141.13999938964844,141.4199981689453,50880
2024-06-20 17:30:00+00:00,141.4600067138672,141.85000610351562,141.4600067138672,141.8000030517578,54627
2024-06-20 18:30:00+00:00,141.82000732421875,142.1300048828125,141.72000122070312,142.05999755859375,81559
2024-06-20 19:30:00+00:00,142.0399932861328,142.10000610351562,141.38999938964844,141.4199981689453,211216
2024-06-21 13:30:00+00:00,141.3699951171875,141.82000732421875,140.57000732421875,141.1699981689453,149445
2024-06-21 14:30:00+00:00,141.1699981689453,141.4550018310547,140.71009826660156,140.77609252929688,51447
2024-06-21 15:30:00+00:00,140.74000549316406,141.25999450683594,140.72999572753906,140.875,29070
2024-06-21 16:30:00+00:00,140.9600067138672,141.16000366210938,140.8300018310547,141.03500366210938,26014
2024-06-21 17:30:00+00:00,140.9600067138672,141.23199462890625,140.61000061035156,140.74789428710938,42413
2024-06-21 18:30:00+00:00,140.7100067138672,141.35000610351562,140.7100067138672,141.16700744628906,60388
2024-06-21 19:30:00+00:00,141.19500732421875,141.89999389648438,141.1199951171875,141.38999938964844,191032
2024-06-24 13:30:00+00:00,141.69000244140625,142.3800048828125,141.47999572753906,142.27000427246094,59766
2024-06-24 14:30:00+00:00,142.32000732421875,142.8699951171875,142.0,142.72000122070312,67219
2024-06-24 15:30:00+00:00,142.8000030517578,142.9600067138672,142.17999267578125,142.27999877929688,44188
2024-06-24 16:30:00+00:00,142.3000030517578,142.39999389648438,141.80999755859375,142.0399932861328,40090
2024-06-24 17:30:00+00:00,142.0749969482422,142.2899932861328,141.8300018310547,142.24000549316406,41583
2024-06-24 18:30:00+00:00,142.1699981689453,142.27000427246094,141.8350067138672,141.8350067138672,64238
2024-06-24 19:30:00+00:00,141.8800048828125,142.2899932861328,141.8800048828125,142.00999450683594,148250
2024-06-25 13:30:00+00:00,141.58999633789062,141.58999633789062,140.36000061035156,140.77999877929688,51687
2024-06-25 14:30:00+00:00,140.57000732421875,140.9600067138672,139.63999938964844,139.64999389648438,43247
2024-06-25 15:30:00+00:00,139.7550048828125,139.89999389648438,139.22000122070312,139.72500610351562,62898
2024-06-25 16:30:00+00:00,139.69000244140625,139.86000061035156,139.24000549316406,139.71249389648438,64114
2024-06-25 17:30:00+00:00,139.6999969482422,139.9149932861328,139.47000122070312,139.88999938964844,54333
2024-06-25 18:30:00+00:00,139.89999389648438,139.99000549316406,138.94000244140625,139.24000549316406,78771
2024-06-25 19:30:00+00:00,139.19000244140625,139.33999633789062,138.9199981689453,139.08999633789062,133370
2024-06-26 13:30:00+00:00,138.16000366210938,138.552001953125,137.1699981689453,137.74000549316406,56370
2024-06-26 14:30:00+00:00,137.61000061035156,137.8300018310547,137.1699981689453,137.7050018310547,41666
2024-06-26 15:30:00+00:00,137.7050018310547,138.08999633789062,137.5,137.82000732421875,42058
2024-06-26 16:30:00+00:00,137.80479431152344,138.3000030517578,137.77999877929688,137.99000549316406,38925
2024-06-26 17:30:00+00:00,138.0500030517578,138.17999267578125,137.85440063476562,138.08999633789062,54553
2024-06-26 18:30:00+00:00,138.13999938964844,138.13999938964844,137.69000244140625,137.81500244140625,129045
2024-06-26 19:30:00+00:00,137.8000030517578,138.2449951171875,137.67999267578125,137.97000122070312,117575
2024-06-27 13:30:00+00:00,138.07000732421875,138.5449981689453,137.07000732421875,137.44500732421875,60617
2024-06-27 14:30:00+00:00,137.46499633789062,137.74000549316406,137.07000732421875,137.63999938964844,36808
2024-06-27 15:30:00+00:00,137.5500030517578,137.75999450683594,137.00999450683594,137.02999877929688,54229
2024-06-27 16:30:00+00:00,137.0,137.05999755859375,136.75999450683594,137.00999450683594,41870
2024-06-27 17:30:00+00:00,137.00999450683594,137.00999450683594,136.1300048828125,136.1699981689453,46353
2024-06-27 18:30:00+00:00,136.1999969482422,136.61000061035156,136.1699981689453,136.53990173339844,63323
2024-06-27 19:30:00+00:00,136.50999450683594,137.4499969482422,136.50999450683594,137.44000244140625,241979
2024-06-28 13:30:00+00:00,136.88999938964844,138.22279357910156,136.5800018310547,137.94000244140625,102046
2024-06-28 14:30:00+00:00,138.0399932861328,138.4499969482422,137.8300018310547,138.0789031982422,74529
2024-06-28 15:30:00+00:00,138.01499938964844,138.36000061035156,137.60000610351562,138.00999450683594,47617
2024-06-28 16:30:00+00:00,138.0399932861328,138.38999938964844,137.92999267578125,138.13999938964844,46038
2024-06-28 17:30:00+00:00,138.07000732421875,138.22000122070312,137.75999450683594,137.82000732421875,50261
2024-06-28 18:30:00+00:00,137.8000030517578,137.82000732421875,137.38999938964844,137.63999938964844,60664
2024-06-28 19:30:00+00:00,137.6300048828125,138.67999267578125,137.41000366210938,138.5399932861328,232906
2024-07-01 13:30:00+00:00,138.32000732421875,138.72999572753906,135.80499267578125,136.27999877929688,142791
2024-07-01 14:30:00+00:00,136.2899932861328,136.2899932861328,135.63999938964844,135.9550018310547,75498
2024-07-01 15:30:00+00:00,136.0800018310547,136.125,135.27999877929688,135.27999877929688,54636
2024-07-01 16:30:00+00:00,135.27000427246094,135.5198974609375,134.85000610351562,135.27999877929688,68290
2024-07-01 17:30:00+00:00,135.25999450683594,135.39999389648438,134.91000366210938,134.91000366210938,95077
2024-07-01 18:30:00+00:00,134.9600067138672,135.11000061035156,134.05999755859375,134.05999755859375,120661
2024-07-01 19:30:00+00:00,134.10000610351562,134.68499755859375,133.80999755859375,133.8300018310547,395435
2024-07-02 13:30:00+00:00,133.64999389648438,136.0399932861328,133.3800048828125,135.7100067138672,89334
2024-07-02 14:30:00+00:00,135.61500549316406,136.33999633789062,135.3699951171875,136.27000427246094,89270
2024-07-02 15:30:00+00:00,136.21499633789062,136.22000122070312,135.4499969482422,135.45550537109375,72066
2024-07-02 16:30:00+00:00,135.4600067138672,135.75,135.3300018310547,135.56500244140625,62726
2024-07-02 17:30:00+00:00,135.52000427246094,135.94000244140625,135.47999572753906,135.6999969482422,68486
2024-07-02 18:30:00+00:00,135.6999969482422,136.0,135.64999389648438,135.8489990234375,120324
2024-07-02 19:30:00+00:00,135.8249969482422,136.0919952392578,135.64999389648438,136.0,165176
2024-07-03 13:30:00+00:00,134.92999267578125,135.6300048828125,133.5800018310547,133.5800018310547,116403
2024-07-03 14:30:00+00:00,133.61500549316406,133.91000366210938,132.38999938964844,132.38999938964844,110311
2024-07-03 15:30:00+00:00,132.36000061035156,133.61000061035156,132.35000610351562,133.27999877929688,141639
2024-07-05 13:30:00+00:00,132.8000030517578,133.10000610351562,131.9600067138672,131.97000122070312,101482
2024-07-05 14:30:00+00:00,131.8800048828125,132.35000610351562,131.02999877929688,131.4499969482422,176668
2024-07-05 15:30:00+00:00,131.44000244140625,131.44000244140625,130.6999969482422,131.0749969482422,110869
2024-07-05 16:30:00+00:00,131.06500244140625,131.47999572753906,130.92999267578125,131.32000732421875,60508
2024-07-05 17:30:00+00:00,131.25999450683594,131.7100067138672,131.25999450683594,131.47000122070312,63673
2024-07-05 18:30:00+00:00,131.50999450683594,131.67999267578125,131.24000549316406,131.61000061035156,103385
2024-07-05 19:30:00+00:00,131.55999755859375,132.74000549316406,131.5500030517578,132.42999267578125,244035
2024-07-08 13:30:00+00:00,132.97999572753906,133.92999267578125,132.9550018310547,133.14999389648438,69642
2024-07-08 14:30:00+00:00,133.08999633789062,133.41000366210938,132.77000427246094,132.8300018310547,57665
2024-07-08 15:30:00+00:00,132.75999450683594,132.77000427246094,132.36000061035156,132.72000122070312,52798
2024-07-08 16:30:00+00:00,132.80990600585938,132.9600067138672,132.6999969482422,132.8000030517578,48680
2024-07-08 17:30:00+00:00,132.77999877929688,132.77999877929688,132.17999267578125,132.50999450683594,80507
2024-07-08 18:30:00+00:00,132.49000549316406,132.97000122070312,132.4499969482422,132.9149932861328,99047
2024-07-08 19:30:00+00:00,132.91000366210938,132.96499633789062,132.50999450683594,132.8699951171875,238024
2024-07-09 13:30:00+00:00,132.6300048828125,132.8800048828125,131.58999633789062,131.9199981689453,87241
2024-07-09 14:30:00+00:00,131.8800048828125,132.39999389648438,131.5399932861328,131.5749969482422,61035
2024-07-09 15:30:00+00:00,131.5500030517578,131.59500122070312,131.14999389648438,131.36500549316406,69230
2024-07-09 16:30:00+00:00,131.36500549316406,131.6750030517578,131.27999877929688,131.5449981689453,83554
2024-07-09 17:30:00+00:00,131.50010681152344,131.77999877929688,131.25999450683594,131.27000427246094,79789
2024-07-09 18:30:00+00:00,131.27000427246094,131.3800048828125,130.85000610351562,130.98399353027344,102765
2024-07-09 19:30:00+00:00,130.98500061035156,131.27499389648438,130.82000732421875,131.05999755859375,258737
2024-07-10 13:30:00+00:00,131.55999755859375,132.02999877929688,130.6199951171875,131.4550018310547,83402
2024-07-10 14:30:00+00:00,131.36000061035156,131.6649932861328,131.19000244140625,131.31500244140625,70780
2024-07-10 15:30:00+00:00,131.28500366210938,132.1199951171875,131.2700958251953,131.8300018310547,73001
2024-07-10 16:30:00+00:00,131.8343048095703,132.22000122070312,131.66000366210938,131.72000122070312,68668
2024-07-10 17:30:00+00:00,131.75,131.75,131.3300018310547,131.41000366210938,48535
2024-07-10 18:30:00+00:00,131.44000244140625,131.99000549316406,131.42999267578125,131.97500610351562,95108
2024-07-10 19:30:00+00:00,131.9600067138672,132.5399932861328,131.9499969482422,132.47000122070312,184674
2024-07-11 13:30:00+00:00,133.07000732421875,135.67999267578125,133.07000732421875,134.8000030517578,123533
2024-07-11 14:30:00+00:00,134.8249969482422,135.0749969482422,134.47999572753906,135.0399932861328,117147
2024-07-11 15:30:00+00:00,135.0399932861328,135.8000030517578,135.02999877929688,135.2003936767578,81900
2024-07-11 16:30:00+00:00,135.16000366210938,135.3502960205078,134.9199981689453,135.30499267578125,87372
2024-07-11 17:30:00+00:00,135.27000427246094,135.74000549316406,135.19000244140625,135.72999572753906,99399
2024-07-11 18:30:00+00:00,135.71749877929688,135.97000122070312,135.5399932861328,135.86000061035156,153324
2024-07-11 19:30:00+00:00,135.83999633789062,136.5800018310547,135.6999969482422,136.49000549316406,281019
2024-07-12 13:30:00+00:00,137.8000030517578,137.9199981689453,136.44000244140625,137.4499969482422,98455
2024-07-12 14:30:00+00:00,137.5399932861328,138.30999755859375,137.42999267578125,138.22500610351562,96442
2024-07-12 15:30:00+00:00,138.2100067138672,138.58990478515625,138.07000732421875,138.3249969482422,78773
2024-07-12 16:30:00+00:00,138.30999755859375,138.97000122070312,138.1699981689453,138.77999877929688,87508
2024-07-12 17:30:00+00:00,138.77000427246094,138.97000122070312,138.4949951171875,138.66000366210938,76253
2024-07-12 18:30:00+00:00,138.61000061035156,138.88999938964844,138.3800048828125,138.86500549316406,80314
2024-07-12 19:30:00+00:00,138.85499572753906,139.0399932861328,138.1999969482422,138.2899932861328,266901
2024-07-15 13:30:00+00:00,137.61000061035156,139.8000030517578,137.3699951171875,139.35000610351562,143699
2024-07-15 14:30:00+00:00,139.22999572753906,140.7100067138672,139.2100067138672,140.69000244140625,133347
2024-07-15 15:30:00+00:00,140.69500732421875,141.1699981689453,140.3699951171875,141.0399932861328,137257
2024-07-15 16:30:00+00:00,141.0399932861328,141.22000122070312,140.8350067138672,140.92999267578125,114069
2024-07-15 17:30:00+00:00,140.8699951171875,142.1300048828125,140.6999969482422,142.10000610351562,144795
2024-07-15 18:30:00+00:00,142.10000610351562,142.14999389648438,141.69000244140625,141.74000549316406,172989
2024-07-15 19:30:00+00:00,141.75999450683594,141.75999450683594,141.10000610351562,141.22999572753906,343056
2024-07-16 13:30:00+00:00,141.99000549316406,143.1999969482422,140.66000366210938,142.8000030517578,143662
2024-07-16 14:30:00+00:00,142.80099487304688,142.85499572753906,142.22999572753906,142.43499755859375,146057
2024-07-16 15:30:00+00:00,142.35000610351562,142.5,142.0,142.47999572753906,130623
2024-07-16 16:30:00+00:00,142.47000122070312,142.6699981689453,142.19000244140625,142.2899932861328,137246
2024-07-16 17:30:00+00:00,142.2949981689453,142.55499267578125,142.2877960205078,142.3300018310547,99933
2024-07-16 18:30:00+00:00,142.32000732421875,142.44000244140625,141.9600067138672,141.99000549316406,122645
2024-07-16 19:30:00+00:00,141.97999572753906,142.0399932861328,141.64999389648438,141.72000122070312,345800
2024-07-17 13:30:00+00:00,141.49000549316406,143.3800048828125,141.25999450683594,143.1649932861328,103804
2024-07-17 14:30:00+00:00,143.1649932861328,143.64999389648438,142.97999572753906,143.39999389648438,99542
2024-07-17 15:30:00+00:00,143.27999877929688,143.8300018310547,143.1999969482422,143.72000122070312,61343
2024-07-17 16:30:00+00:00,143.74000549316406,143.85000610351562,143.35000610351562,143.51499938964844,59298
2024-07-17 17:30:00+00:00,143.51499938964844,143.77000427246094,143.3927001953125,143.6699981689453,80417
2024-07-17 18:30:00+00:00,143.66000366210938,143.8000030517578,143.55999755859375,143.6699981689453,85326
2024-07-17 19:30:00+00:00,143.6699981689453,144.16000366210938,143.36749267578125,144.07000732421875,254744
2024-07-18 13:30:00+00:00,143.0,144.30999755859375,142.57000732421875,142.57000732421875,129334
2024-07-18 14:30:00+00:00,142.5,143.49000549316406,142.0749969482422,143.22999572753906,118384
2024-07-18 15:30:00+00:00,143.2100067138672,143.38499450683594,142.63499450683594,142.69000244140625,69345
2024-07-18 16:30:00+00:00,142.7050018310547,142.9499969482422,142.3000030517578,142.33999633789062,54032
2024-07-18 17:30:00+00:00,142.3300018310547,142.42999267578125,141.3000030517578,141.30999755859375,67385
2024-07-18 18:30:00+00:00,141.27000427246094,141.4600067138672,140.97760009765625,141.11000061035156,93385
2024-07-18 19:30:00+00:00,141.1199951171875,141.3000030517578,140.18499755859375,140.25,227521
2024-07-19 13:30:00+00:00,140.6199951171875,140.9499969482422,138.1300048828125,138.5399932861328,208092
2024-07-19 14:30:00+00:00,138.5050048828125,138.63999938964844,137.7100067138672,137.90499877929688,143536
2024-07-19 15:30:00+00:00,137.90499877929688,138.27999877929688,137.42999267578125,137.69000244140625,84941
2024-07-19 16:30:00+00:00,137.67999267578125,138.4550018310547,137.61000061035156,138.4550018310547,196867
2024-07-19 17:30:00+00:00,138.41000366210938,139.125,137.89999389648438,137.9600067138672,174053
2024-07-19 18:30:00+00:00,137.99000549316406,138.4759979248047,137.8000030517578,138.05999755859375,187852
2024-07-19 19:30:00+00:00,138.05999755859375,138.27999877929688,137.60000610351562,138.27000427246094,427532
2024-07-22 13:30:00+00:00,138.8300018310547,139.26499938964844,137.1300048828125,138.05999755859375,129126
2024-07-22 14:30:00+00:00,138.05999755859375,138.82000732421875,137.94000244140625,138.50999450683594,114015
2024-07-22 15:30:00+00:00,138.55499267578125,138.74000549316406,138.3000030517578,138.32000732421875,96032
2024-07-22 16:30:00+00:00,138.3000030517578,138.58999633789062,137.9600067138672,138.19000244140625,81293
2024-07-22 17:30:00+00:00,138.22000122070312,138.42999267578125,138.0800018310547,138.2550048828125,104039
2024-07-22 18:30:00+00:00,138.25999450683594,138.92999267578125,138.25999450683594,138.7449951171875,130540
2024-07-22 19:30:00+00:00,138.72000122070312,138.72000122070312,138.1699981689453,138.36000061035156,343926
2024-07-23 13:30:00+00:00,136.0,139.27000427246094,134.38999938964844,137.7050018310547,370960
2024-07-23 14:30:00+00:00,137.75999450683594,137.75999450683594,135.0500030517578,135.59500122070312,309985
2024-07-23 15:30:00+00:00,135.49000549316406,137.17999267578125,135.3000030517578,136.25999450683594,162369
2024-07-23 16:30:00+00:00,136.2100067138672,136.64999389648438,136.10000610351562,136.44000244140625,122120
2024-07-23 17:30:00+00:00,136.44000244140625,137.3300018310547,135.97999572753906,137.22500610351562,177551
2024-07-23 18:30:00+00:00,137.27000427246094,137.82000732421875,137.14999389648438,137.69000244140625,216312
2024-07-23 19:30:00+00:00,137.6999969482422,138.00999450683594,137.16000366210938,137.25999450683594,443307
2024-07-24 13:30:00+00:00,137.0399932861328,137.0399932861328,134.7100067138672,135.34500122070312,123119
2024-07-24 14:30:00+00:00,135.35000610351562,136.2899932861328,135.0800018310547,135.92999267578125,110044
2024-07-24 15:30:00+00:00,135.8699951171875,136.22999572753906,135.5399932861328,135.7949981689453,90484
2024-07-24 16:30:00+00:00,135.75999450683594,136.0800018310547,135.66000366210938,135.9199981689453,69578
2024-07-24 17:30:00+00:00,135.8699951171875,136.97999572753906,135.82000732421875,136.88999938964844,112715
2024-07-24 18:30:00+00:00,136.92999267578125,137.0800018310547,136.0,136.12600708007812,145803
2024-07-24 19:30:00+00:00,136.17999267578125,136.1999969482422,135.70899963378906,135.77999877929688,264657
2024-07-25 13:30:00+00:00,135.52999877929688,140.6699981689453,135.47999572753906,139.5050048828125,168590
2024-07-25 14:30:00+00:00,139.46099853515625,139.85000610351562,138.67999267578125,139.68499755859375,116712
2024-07-25 15:30:00+00:00,139.68499755859375,140.32249450683594,139.27000427246094,140.16000366210938,83327
2024-07-25 16:30:00+00:00,140.14999389648438,140.64999389648438,139.91000366210938,140.57000732421875,57616
2024-07-25 17:30:00+00:00,140.52999877929688,140.54229736328125,140.0399932861328,140.14999389648438,68100
2024-07-25 18:30:00+00:00,140.13999938964844,140.13999938964844,139.35000610351562,139.7100067138672,87555
2024-07-25 19:30:00+00:00,139.66000366210938,139.68499755859375,137.83999633789062,138.02000427246094,258493
2024-07-26 13:30:00+00:00,138.5,142.25,138.30499267578125,142.00999450683594,146223
2024-07-26 14:30:00+00:00,141.88499450683594,142.6300048828125,141.375,142.49000549316406,100778
2024-07-26 15:30:00+00:00,142.5399932861328,143.57000732421875,142.51499938964844,143.1199951171875,97730
2024-07-26 16:30:00+00:00,143.14999389648438,143.3699951171875,142.52999877929688,142.58999633789062,62939
2024-07-26 17:30:00+00:00,142.5850067138672,142.64999389648438,142.07000732421875,142.38999938964844,64495
2024-07-26 18:30:00+00:00,142.3249969482422,142.6300048828125,141.88999938964844,142.52000427246094,86652
2024-07-26 19:30:00+00:00,142.49000549316406,142.6199951171875,141.8000030517578,141.99000549316406,209177
2024-07-29 13:30:00+00:00,141.41000366210938,142.25999450683594,140.77000427246094,141.61500549316406,95699
2024-07-29 14:30:00+00:00,141.55999755859375,142.7698974609375,141.3000030517578,142.4228057861328,85625
2024-07-29 15:30:00+00:00,142.4199981689453,142.77999877929688,142.23500061035156,142.5050048828125,58466
2024-07-29 16:30:00+00:00,142.42999267578125,143.1699981689453,142.4199981689453,142.58999633789062,76801
2024-07-29 17:30:00+00:00,142.53500366210938,142.7100067138672,142.33999633789062,142.47000122070312,55663
2024-07-29 18:30:00+00:00,142.3699951171875,142.92999267578125,142.3699951171875,142.8699951171875,70864
2024-07-29 19:30:00+00:00,142.93499755859375,143.38499450683594,142.64999389648438,142.8000030517578,193270
2024-07-30 13:30:00+00:00,143.69000244140625,145.4199981689453,143.6699981689453,144.52999877929688,86450
2024-07-30 14:30:00+00:00,144.52999877929688,145.1750030517578,144.38009643554688,144.84500122070312,85100
2024-07-30 15:30:00+00:00,144.83999633789062,145.24000549316406,144.75999450683594,145.14999389648438,68618
2024-07-30 16:30:00+00:00,145.16000366210938,145.5500030517578,144.99000549316406,145.13999938964844,71344
2024-07-30 17:30:00+00:00,145.14999389648438,145.61000061035156,145.1199951171875,145.5850067138672,94313
2024-07-30 18:30:00+00:00,145.5500030517578,146.32000732421875,145.5355987548828,146.32000732421875,94606
2024-07-30 19:30:00+00:00,146.30999755859375,147.3800048828125,146.25799560546875,147.08999633789062,242144
2024-07-31 13:30:00+00:00,147.3800048828125,147.83999633789062,145.85000610351562,147.5500030517578,131657
2024-07-31 14:30:00+00:00,147.47999572753906,148.0800018310547,147.2100067138672,147.69000244140625,92920
2024-07-31 15:30:00+00:00,147.6300048828125,147.86000061035156,147.28500366210938,147.5050048828125,73696
2024-07-31 16:30:00+00:00,147.55999755859375,147.7100067138672,146.6199951171875,146.85000610351562,99306
2024-07-31 17:30:00+00:00,146.9600067138672,147.6300048828125,146.75,147.3699951171875,71034
2024-07-31 18:30:00+00:00,147.3699951171875,148.8800048828125,147.36000061035156,147.9149932861328,118518
2024-07-31 19:30:00+00:00,147.83999633789062,147.83999633789062,146.63999938964844,147.11000061035156,318959
2024-08-01 13:30:00+00:00,147.6199951171875,149.22000122070312,146.08999633789062,146.11500549316406,172682
2024-08-01 14:30:00+00:00,146.11500549316406,146.11500549316406,143.02999877929688,143.02999877929688,161132
2024-08-01 15:30:00+00:00,143.03500366210938,143.5800018310547,142.39999389648438,142.53500366210938,134464
2024-08-01 16:30:00+00:00,142.57000732421875,144.0399932861328,142.5399932861328,143.91000366210938,82036
2024-08-01 17:30:00+00:00,143.84500122070312,144.14999389648438,143.02999877929688,143.27999877929688,66865
2024-08-01 18:30:00+00:00,143.19000244140625,143.19000244140625,142.4510040283203,142.8885955810547,151082
2024-08-01 19:30:00+00:00,142.97000122070312,143.5449981689453,142.80999755859375,143.42999267578125,188560
2024-08-02 13:30:00+00:00,143.3699951171875,143.3699951171875,141.6199951171875,141.9600067138672,81037
2024-08-02 14:30:00+00:00,141.94000244140625,142.49000549316406,140.60000610351562,140.88499450683594,89148
2024-08-02 15:30:00+00:00,140.80999755859375,142.30999755859375,140.63999938964844,142.16000366210938,111550
2024-08-02 16:30:00+00:00,142.1649932861328,142.5699005126953,141.6750030517578,141.9149932861328,106586
2024-08-02 17:30:00+00:00,141.92999267578125,142.44000244140625,141.33999633789062,142.44000244140625,97696
2024-08-02 18:30:00+00:00,142.41000366210938,142.5,142.05999755859375,142.14999389648438,114788
2024-08-02 19:30:00+00:00,142.22999572753906,142.58999633789062,141.6300048828125,142.5399932861328,310361
2024-08-05 13:30:00+00:00,141.8699951171875,141.8699951171875,137.17999267578125,138.72999572753906,171001
2024-08-05 14:30:00+00:00,138.77999877929688,139.0800018310547,138.02999877929688,138.8699951171875,136080
2024-08-05 15:30:00+00:00,138.7899932861328,139.75750732421875,138.41000366210938,139.6199951171875,92477
2024-08-05 16:30:00+00:00,139.6699981689453,139.7100067138672,138.3800048828125,138.94000244140625,65989
2024-08-05 17:30:00+00:00,138.85000610351562,139.02000427246094,138.0500030517578,138.80999755859375,79388
2024-08-05 18:30:00+00:00,138.80999755859375,138.8800048828125,138.0886993408203,138.27499389648438,117075
2024-08-05 19:30:00+00:00,138.1999969482422,138.5399932861328,137.8509979248047,138.4600067138672,232764
2024-08-06 13:30:00+00:00,138.35000610351562,141.147705078125,138.16000366210938,140.73500061035156,66962
2024-08-06 14:30:00+00:00,140.66000366210938,140.8800048828125,139.5,139.8300018310547,62478
2024-08-06 15:30:00+00:00,139.8000030517578,140.66000366210938,139.6999969482422,140.58999633789062,50960
2024-08-06 16:30:00+00:00,140.5500030517578,140.7050018310547,140.1300048828125,140.4199981689453,48584
2024-08-06 17:30:00+00:00,140.44000244140625,141.3300018310547,140.44000244140625,141.3300018310547,81173
2024-08-06 18:30:00+00:00,141.31500244140625,141.77000427246094,140.6300048828125,141.22500610351562,99974
2024-08-06 19:30:00+00:00,141.22500610351562,141.36000061035156,140.02999877929688,140.02999877929688,233938
2024-08-07 13:30:00+00:00,140.7899932861328,141.8249969482422,140.5500030517578,140.9600067138672,39665
2024-08-07 14:30:00+00:00,140.97000122070312,141.91900634765625,140.9499969482422,141.64999389648438,34551
2024-08-07 15:30:00+00:00,141.62010192871094,141.9199981689453,140.8800048828125,141.1999969482422,32716
2024-08-07 16:30:00+00:00,141.2041015625,141.22999572753906,139.24000549316406,139.71499633789062,81082
2024-08-07 17:30:00+00:00,139.8699951171875,140.02999877929688,138.8300018310547,139.38999938964844,58744
2024-08-07 18:30:00+00:00,139.28500366210938,139.52000427246094,139.0,139.3300018310547,49772
2024-08-07 19:30:00+00:00,139.25999450683594,139.3000030517578,137.05999755859375,137.19000244140625,234708
2024-08-08 13:30:00+00:00,137.67999267578125,139.4600067138672,137.67999267578125,138.77999877929688,58533
2024-08-08 14:30:00+00:00,138.89999389648438,139.0399932861328,138.35000610351562,138.74000549316406,64653
2024-08-08 15:30:00+00:00,138.88760375976562,138.9600067138672,137.8000030517578,137.89999389648438,78887
2024-08-08 16:30:00+00:00,137.78500366210938,138.36000061035156,137.25,138.36000061035156,62086
2024-08-08 17:30:00+00:00,138.3300018310547,138.5800018310547,138.1199951171875,138.15499877929688,53206
2024-08-08 18:30:00+00:00,138.22000122070312,138.4499969482422,137.72999572753906,138.33999633789062,78693
2024-08-08 19:30:00+00:00,138.3699951171875,138.5,138.05999755859375,138.42999267578125,139800
2024-08-09 13:30:00+00:00,138.36000061035156,138.48939514160156,136.3800048828125,137.5050048828125,54708
2024-08-09 14:30:00+00:00,137.56500244140625,137.8079071044922,137.17999267578125,137.17999267578125,32788
2024-08-09 15:30:00+00:00,137.17999267578125,137.27999877929688,136.90499877929688,137.15499877929688,37154
2024-08-09 16:30:00+00:00,137.1699981689453,137.5749969482422,136.97999572753906,137.52000427246094,25055
2024-08-09 17:30:00+00:00,137.5601043701172,137.58999633789062,136.72000122070312,136.72999572753906,33630
2024-08-09 18:30:00+00:00,136.60000610351562,137.47999572753906,136.44000244140625,137.47999572753906,98444
2024-08-09 19:30:00+00:00,137.4499969482422,137.4499969482422,137.10000610351562,137.14999389648438,109805
2024-08-12 13:30:00+00:00,137.27999877929688,137.49000549316406,136.21499633789062,137.4799041748047,66700
2024-08-12 14:30:00+00:00,137.4600067138672,137.4799041748047,136.32000732421875,136.41000366210938,41164
2024-08-12 15:30:00+00:00,136.2899932861328,136.94219970703125,136.1300048828125,136.7050018310547,36875
2024-08-12 16:30:00+00:00,136.68499755859375,136.72999572753906,135.6999969482422,135.8300018310547,40956
2024-08-12 17:30:00+00:00,135.77000427246094,135.9600067138672,135.6199951171875,135.63999938964844,32394
2024-08-12 18:30:00+00:00,135.63999938964844,135.92999267578125,135.5850067138672,135.73500061035156,43598
2024-08-12 19:30:00+00:00,135.6699981689453,135.7100067138672,135.30999755859375,135.63999938964844,118606
2024-08-13 13:30:00+00:00,136.00999450683594,137.11000061035156,135.25999450683594,135.82000732421875,47073
2024-08-13 14:30:00+00:00,135.72999572753906,136.44500732421875,135.60000610351562,136.44500732421875,39369
2024-08-13 15:30:00+00:00,136.47999572753906,137.0749969482422,136.38499450683594,136.9199981689453,27520
2024-08-13 16:30:00+00:00,136.75,137.06210327148438,136.69500732421875,136.8699951171875,18758
2024-08-13 17:30:00+00:00,136.88999938964844,137.08999633789062,136.77999877929688,136.9654998779297,34356
2024-08-13 18:30:00+00:00,136.92999267578125,137.2100067138672,136.82339477539062,137.05999755859375,38173
2024-08-13 19:30:00+00:00,137.00999450683594,137.20120239257812,136.57000732421875,136.8800048828125,112186
2024-08-14 13:30:00+00:00,137.05999755859375,137.47000122070312,136.63999938964844,137.28370666503906,44482
2024-08-14 14:30:00+00:00,137.30499267578125,137.3300018310547,136.67999267578125,137.0399932861328,29934
2024-08-14 15:30:00+00:00,137.0399932861328,137.23500061035156,136.8699951171875,136.9499969482422,22651
2024-08-14 16:30:00+00:00,136.9499969482422,137.25999450683594,136.84500122070312,137.01499938964844,16360
2024-08-14 17:30:00+00:00,137.1300048828125,137.1300048828125,136.86000061035156,136.9499969482422,23419
2024-08-14 18:30:00+00:00,137.0500030517578,137.5500030517578,137.0500030517578,137.41000366210938,42745
2024-08-14 19:30:00+00:00,137.40499877929688,137.49000549316406,137.14999389648438,137.1699981689453,140114
2024-08-15 13:30:00+00:00,138.9199981689453,139.9499969482422,137.99000549316406,138.32000732421875,75537
2024-08-15 14:30:00+00:00,138.3000030517578,138.56500244140625,138.04100036621094,138.36000061035156,40094
2024-08-15 15:30:00+00:00,138.34800720214844,138.6999969482422,138.22999572753906,138.69000244140625,49633
2024-08-15 16:30:00+00:00,138.67999267578125,138.75999450683594,138.36500549316406,138.69500732421875,46538
2024-08-15 17:30:00+00:00,138.69500732421875,138.74000549316406,138.0800018310547,138.39999389648438,53073
2024-08-15 18:30:00+00:00,138.33999633789062,138.8000030517578,138.25,138.78500366210938,57138
2024-08-15 19:30:00+00:00,138.8000030517578,139.0500030517578,138.33999633789062,138.58999633789062,144007
2024-08-16 13:30:00+00:00,138.85000610351562,139.0850067138672,138.27999877929688,139.00999450683594,72213
2024-08-16 14:30:00+00:00,139.00999450683594,139.3800048828125,138.69000244140625,139.08999633789062,37296
2024-08-16 15:30:00+00:00,139.10499572753906,139.39500427246094,138.86000061035156,139.3000030517578,32530
2024-08-16 16:30:00+00:00,139.2550048828125,139.4600067138672,139.08999633789062,139.08999633789062,30153
2024-08-16 17:30:00+00:00,139.08999633789062,139.10000610351562,138.66000366210938,138.82000732421875,44083
2024-08-16 18:30:00+00:00,138.83999633789062,138.9499969482422,138.39999389648438,138.5749969482422,49479
2024-08-16 19:30:00+00:00,138.52000427246094,138.9499969482422,138.50999450683594,138.8300018310547,146866
2024-08-19 13:30:00+00:00,139.25,139.5399932861328,138.4600067138672,138.97999572753906,55402
2024-08-19 14:30:00+00:00,138.92999267578125,139.3800048828125,138.91000366210938,139.25999450683594,42538
2024-08-19 15:30:00+00:00,139.1999969482422,139.27000427246094,138.8625030517578,139.11000061035156,32765
2024-08-19 16:30:00+00:00,139.0800018310547,139.1199951171875,138.8300018310547,138.86500549316406,30949
2024-08-19 17:30:00+00:00,138.84500122070312,138.9499969482422,138.6300048828125,138.67999267578125,46845
2024-08-19 18:30:00+00:00,138.67999267578125,138.8699951171875,138.14999389648438,138.50999450683594,54773
2024-08-19 19:30:00+00:00,138.52000427246094,138.7899932861328,138.32000732421875,138.63999938964844,135754
2024-08-20 13:30:00+00:00,138.52000427246094,139.0500030517578,138.35000610351562,138.47999572753906,44241
2024-08-20 14:30:00+00:00,138.4949951171875,138.77000427246094,138.22000122070312,138.3000030517578,37082
2024-08-20 15:30:00+00:00,138.3300018310547,138.67999267578125,138.27059936523438,138.63999938964844,34903
2024-08-20 16:30:00+00:00,138.5800018310547,138.9600067138672,138.5800018310547,138.75,41385
2024-08-20 17:30:00+00:00,138.74000549316406,139.16000366210938,138.72500610351562,139.0449981689453,31668
2024-08-20 18:30:00+00:00,139.0399932861328,139.32000732421875,138.9149932861328,139.2899932861328,55142
2024-08-20 19:30:00+00:00,139.28500366210938,139.5850067138672,139.14999389648438,139.52999877929688,165285
2024-08-21 13:30:00+00:00,140.5800018310547,142.35000610351562,139.99000549316406,142.27499389648438,91884
2024-08-21 14:30:00+00:00,142.27000427246094,142.75,142.08999633789062,142.6999969482422,132755
2024-08-21 15:30:00+00:00,142.6999969482422,143.22500610351562,142.6800994873047,143.2050018310547,73736
2024-08-21 16:30:00+00:00,143.2100067138672,143.75,143.1999969482422,143.74000549316406,66071
2024-08-21 17:30:00+00:00,143.77999877929688,143.8800048828125,143.22000122070312,143.3699951171875,69650
2024-08-21 18:30:00+00:00,143.3773956298828,143.6699981689453,143.27699279785156,143.60499572753906,71888
2024-08-21 19:30:00+00:00,143.60499572753906,143.97000122070312,143.49000549316406,143.64999389648438,167240
2024-08-22 13:30:00+00:00,142.97999572753906,143.27000427246094,141.89999389648438,141.9199981689453,68373
2024-08-22 14:30:00+00:00,141.97999572753906,142.23080444335938,141.44740295410156,141.68499755859375,38522
2024-08-22 15:30:00+00:00,141.72999572753906,142.25,141.55999755859375,142.10000610351562,30298
2024-08-22 16:30:00+00:00,142.1199951171875,142.1699981689453,141.17999267578125,141.22999572753906,27830
2024-08-22 17:30:00+00:00,141.22000122070312,141.72000122070312,141.0399932861328,141.48809814453125,33202
2024-08-22 18:30:00+00:00,141.52000427246094,141.92999267578125,141.52000427246094,141.75999450683594,41565
2024-08-22 19:30:00+00:00,141.77999877929688,141.8000030517578,140.82000732421875,141.3800048828125,131363
2024-08-23 13:30:00+00:00,142.41000366210938,142.79379272460938,142.02499389648438,142.40179443359375,56726
2024-08-23 14:30:00+00:00,142.42999267578125,143.42999267578125,142.0399932861328,143.2747039794922,37951
2024-08-23 15:30:00+00:00,143.30999755859375,143.57000732421875,141.5800018310547,141.64999389648438,47387
2024-08-23 16:30:00+00:00,141.67999267578125,142.05999755859375,141.64999389648438,142.0399932861328,25919
2024-08-23 17:30:00+00:00,142.02999877929688,142.1300048828125,141.92190551757812,142.0800018310547,28982
2024-08-23 18:30:00+00:00,142.0850067138672,142.41000366210938,142.0800018310547,142.3000030517578,45610
2024-08-23 19:30:00+00:00,142.30389404296875,142.35000610351562,141.92999267578125,142.2100067138672,116649
2024-08-26 13:30:00+00:00,143.25,143.8800048828125,142.83009338378906,143.8800048828125,47017
2024-08-26 14:30:00+00:00,143.89999389648438,144.49000549316406,142.66000366210938,142.7100067138672,41674
2024-08-26 15:30:00+00:00,142.72000122070312,142.99000549316406,142.6699981689453,142.8800048828125,32981
2024-08-26 16:30:00+00:00,142.86000061035156,142.8800048828125,142.1699981689453,142.21249389648438,46666
2024-08-26 17:30:00+00:00,142.22000122070312,142.3800048828125,141.8300018310547,142.3632049560547,54404
2024-08-26 18:30:00+00:00,142.3699951171875,142.7100067138672,142.27999877929688,142.5,105127
2024-08-26 19:30:00+00:00,142.44000244140625,143.0399932861328,142.25,143.0399932861328,177424
2024-08-27 13:30:00+00:00,142.89999389648438,143.1699981689453,142.0800018310547,142.50999450683594,57512
2024-08-27 14:30:00+00:00,142.5399932861328,142.6699981689453,142.2100067138672,142.30999755859375,32235
2024-08-27 15:30:00+00:00,142.3000030517578,142.5500030517578,142.1300048828125,142.4199981689453,32435
2024-08-27 16:30:00+00:00,142.44500732421875,142.61000061035156,142.1999969482422,142.5749969482422,23057
2024-08-27 17:30:00+00:00,142.61000061035156,142.7100067138672,142.14500427246094,142.25,27368
2024-08-27 18:30:00+00:00,142.2899932861328,142.4199981689453,142.1999969482422,142.4199981689453,32682
2024-08-27 19:30:00+00:00,142.3800048828125,142.80999755859375,142.25,142.7100067138672,252432
2024-08-28 13:30:00+00:00,142.85000610351562,143.30999755859375,142.00999450683594,142.9499969482422,94532
2024-08-28 14:30:00+00:00,143.0,143.5399932861328,142.89999389648438,143.1999969482422,51549
2024-08-28 15:30:00+00:00,143.13999938964844,143.22999572753906,142.1300048828125,142.22000122070312,46044
2024-08-28 16:30:00+00:00,142.1699981689453,142.5699005126953,142.08999633789062,142.3249969482422,54945
2024-08-28 17:30:00+00:00,142.36000061035156,142.52999877929688,141.88999938964844,142.10000610351562,74080
2024-08-28 18:30:00+00:00,142.1374053955078,142.67250061035156,142.05999755859375,142.6699981689453,84248
2024-08-28 19:30:00+00:00,142.63999938964844,142.7100067138672,142.3249969482422,142.52000427246094,169788
2024-08-29 13:30:00+00:00,143.33999633789062,143.4499969482422,141.77000427246094,143.0449981689453,50107
2024-08-29 14:30:00+00:00,143.08999633789062,143.39999389648438,142.7550048828125,143.1699981689453,31061
2024-08-29 15:30:00+00:00,143.19000244140625,143.27999877929688,143.08999633789062,143.2449951171875,31750
2024-08-29 16:30:00+00:00,143.2449951171875,143.4600067138672,142.88999938964844,142.9499969482422,26613
2024-08-29 17:30:00+00:00,142.9550018310547,143.57000732421875,142.9550018310547,143.11000061035156,35549
2024-08-29 18:30:00+00:00,143.2751007080078,143.2751007080078,142.58999633789062,142.80999755859375,54781
2024-08-29 19:30:00+00:00,142.86500549316406,142.86500549316406,142.02999877929688,142.2899932861328,96299
2024-08-30 13:30:00+00:00,142.77000427246094,143.26499938964844,142.47000122070312,143.0399932861328,39174
2024-08-30 14:30:00+00:00,143.01499938964844,143.01499938964844,142.30999755859375,142.3105010986328,42366
2024-08-30 15:30:00+00:00,142.35499572753906,142.35499572753906,141.75,141.76499938964844,35704
2024-08-30 16:30:00+00:00,141.72999572753906,141.92999267578125,141.5449981689453,141.75999450683594,29557
2024-08-30 17:30:00+00:00,141.72000122070312,142.2100067138672,141.6649932861328,142.1699981689453,35261
2024-08-30 18:30:00+00:00,142.14999389648438,142.82899475097656,142.02999877929688,142.74000549316406,89520
2024-08-30 19:30:00+00:00,142.74000549316406,143.4199981689453,142.72999572753906,143.22999572753906,228583
2024-09-03 13:30:00+00:00,142.99000549316406,143.22999572753906,141.52999877929688,141.85499572753906,82379
2024-09-03 14:30:00+00:00,141.86000061035156,144.10000610351562,141.77999877929688,143.89500427246094,69142
2024-09-03 15:30:00+00:00,143.94000244140625,144.27499389648438,143.77999877929688,144.25999450683594,71442
2024-09-03 16:30:00+00:00,144.25,144.44000244140625,143.9600067138672,144.27000427246094,47705
2024-09-03 17:30:00+00:00,144.22000122070312,144.25,143.49000549316406,143.80499267578125,52907
2024-09-03 18:30:00+00:00,143.83250427246094,143.8699951171875,143.22000122070312,143.41000366210938,59764
2024-09-03 19:30:00+00:00,143.47000122070312,143.5399932861328,142.80999755859375,143.22999572753906,150651
2024-09-04 13:30:00+00:00,143.33999633789062,144.1699981689453,142.52999877929688,142.5800018310547,49533
2024-09-04 14:30:00+00:00,142.59500122070312,142.59500122070312,141.22000122070312,141.27000427246094,90258
2024-09-04 15:30:00+00:00,141.1999969482422,141.1999969482422,140.0850067138672,140.08999633789062,45740
2024-09-04 16:30:00+00:00,140.08999633789062,140.4499969482422,139.71499633789062,139.83999633789062,68710
2024-09-04 17:30:00+00:00,139.81500244140625,140.08999633789062,139.35000610351562,139.97500610351562,53640
2024-09-04 18:30:00+00:00,139.97999572753906,140.25,139.7100067138672,140.21499633789062,66729
2024-09-04 19:30:00+00:00,140.22999572753906,141.3000030517578,140.08999633789062,141.2100067138672,191972
2024-09-05 13:30:00+00:00,141.3800048828125,141.88499450683594,135.00999450683594,135.58999633789062,338865
2024-09-05 14:30:00+00:00,135.68499755859375,137.0,135.3800048828125,136.28819274902344,166240
2024-09-05 15:30:00+00:00,136.3300018310547,136.5500030517578,135.9499969482422,136.5399932861328,185273
2024-09-05 16:30:00+00:00,136.55999755859375,137.10000610351562,136.3800048828125,136.60000610351562,90116
2024-09-05 17:30:00+00:00,136.60000610351562,136.97500610351562,136.52499389648438,136.625,106250
2024-09-05 18:30:00+00:00,136.6300048828125,136.9600067138672,136.19000244140625,136.53500366210938,145222
2024-09-05 19:30:00+00:00,136.55999755859375,137.3699951171875,136.52999877929688,137.33999633789062,286916
2024-09-06 13:30:00+00:00,136.30999755859375,137.7899932861328,136.30999755859375,136.5500030517578,60238
2024-09-06 14:30:00+00:00,136.63999938964844,136.77999877929688,134.39999389648438,134.71270751953125,106114
2024-09-06 15:30:00+00:00,134.69000244140625,134.75,134.16009521484375,134.25,42626
2024-09-06 16:30:00+00:00,134.24000549316406,134.6999969482422,134.1999969482422,134.27499389648438,59042
2024-09-06 17:30:00+00:00,134.27000427246094,134.44000244140625,134.13999938964844,134.44000244140625,86073
2024-09-06 18:30:00+00:00,134.44349670410156,134.66000366210938,134.0500030517578,134.4600067138672,105985
2024-09-06 19:30:00+00:00,134.4550018310547,134.6699981689453,134.08999633789062,134.38999938964844,231412
2024-09-09 13:30:00+00:00,134.91000366210938,135.8000030517578,133.24000549316406,135.6199951171875,152071
2024-09-09 14:30:00+00:00,135.65499877929688,136.36520385742188,135.65499877929688,136.2100067138672,54083
2024-09-09 15:30:00+00:00,136.0800018310547,136.6999969482422,136.0800018310547,136.4499969482422,46836
2024-09-09 16:30:00+00:00,136.4199981689453,136.83999633789062,136.4199981689453,136.6199951171875,44872
2024-09-09 17:30:00+00:00,136.61500549316406,136.6199951171875,136.33999633789062,136.5500030517578,49301
2024-09-09 18:30:00+00:00,136.42999267578125,136.69000244140625,136.1699981689453,136.1699981689453,55776
2024-09-09 19:30:00+00:00,136.1999969482422,136.64999389648438,135.9199981689453,136.6199951171875,201858
2024-09-10 13:30:00+00:00,136.83999633789062,136.88999938964844,134.83999633789062,135.25,81799
2024-09-10 14:30:00+00:00,135.25999450683594,136.11500549316406,134.97000122070312,135.90960693359375,60773
2024-09-10 15:30:00+00:00,135.8300018310547,135.91000366210938,134.75999450683594,134.9250030517578,39011
2024-09-10 16:30:00+00:00,134.90499877929688,135.4499969482422,134.83999633789062,135.14999389648438,38796
2024-09-10 17:30:00+00:00,135.22500610351562,135.32000732421875,134.72000122070312,135.28500366210938,65336
2024-09-10 18:30:00+00:00,135.24000549316406,135.8990020751953,135.22999572753906,135.7030029296875,90962
2024-09-10 19:30:00+00:00,135.72500610351562,135.8249969482422,135.11000061035156,135.75,174697
2024-09-11 13:30:00+00:00,135.0,135.0,132.5399932861328,132.63999938964844,94953
2024-09-11 14:30:00+00:00,132.5800018310547,132.78500366210938,132.3101043701172,132.44500732421875,60914
2024-09-11 15:30:00+00:00,132.41000366210938,133.47000122070312,132.3699951171875,133.36000061035156,68551
2024-09-11 16:30:00+00:00,133.375,134.16000366210938,133.14999389648438,133.80369567871094,50629
2024-09-11 17:30:00+00:00,133.67999267578125,134.30990600585938,133.67999267578125,134.11000061035156,49292
2024-09-11 18:30:00+00:00,134.1199951171875,134.82899475097656,134.07000732421875,134.74000549316406,64049
2024-09-11 19:30:00+00:00,134.63999938964844,135.2899932861328,134.22999572753906,135.11000061035156,133163
2024-09-12 13:30:00+00:00,135.05999755859375,135.60000610351562,133.2100067138672,133.72999572753906,46529
2024-09-12 14:30:00+00:00,133.72500610351562,135.3300018310547,133.52000427246094,135.0449981689453,143757
2024-09-12 15:30:00+00:00,135.11000061035156,135.44000244140625,134.67999267578125,134.83999633789062,63455
2024-09-12 16:30:00+00:00,134.8000030517578,135.42999267578125,134.7100067138672,135.42999267578125,29875
2024-09-12 17:30:00+00:00,135.52000427246094,135.8800048828125,135.4499969482422,135.76499938964844,38773
2024-09-12 18:30:00+00:00,135.77499389648438,135.8000030517578,135.33999633789062,135.6300048828125,48193
2024-09-12 19:30:00+00:00,135.66000366210938,136.24000549316406,135.58999633789062,136.2100067138672,143330
2024-09-13 13:30:00+00:00,137.05999755859375,137.7799072265625,136.1300048828125,137.32139587402344,71293
2024-09-13 14:30:00+00:00,137.2899932861328,137.85330200195312,136.74000549316406,136.74000549316406,71688
2024-09-13 15:30:00+00:00,136.7449951171875,137.61990356445312,136.7100067138672,137.22500610351562,65586
2024-09-13 16:30:00+00:00,137.11000061035156,137.27999877929688,136.57000732421875,137.05499267578125,96858
2024-09-13 17:30:00+00:00,137.05499267578125,137.32000732421875,136.75,136.77000427246094,38525
2024-09-13 18:30:00+00:00,136.78500366210938,137.3209991455078,136.5850067138672,137.32000732421875,79388
2024-09-13 19:30:00+00:00,137.24000549316406,137.64999389648438,137.11500549316406,137.32000732421875,153066
2024-09-16 13:30:00+00:00,138.32000732421875,139.4199981689453,137.8300018310547,137.8699951171875,70688
2024-09-16 14:30:00+00:00,137.9600067138672,137.97000122070312,137.2899932861328,137.2899932861328,48242
2024-09-16 15:30:00+00:00,137.30999755859375,137.54220581054688,137.08999633789062,137.28500366210938,70272
2024-09-16 16:30:00+00:00,137.30499267578125,137.85000610351562,137.10000610351562,137.24240112304688,60547
2024-09-16 17:30:00+00:00,137.0500030517578,137.72500610351562,136.8800048828125,137.6649932861328,60220
2024-09-16 18:30:00+00:00,137.6699981689453,137.86500549316406,137.19000244140625,137.19000244140625,78289
2024-09-16 19:30:00+00:00,137.27499389648438,137.50999450683594,137.0500030517578,137.3699951171875,197505
2024-09-17 13:30:00+00:00,137.97000122070312,139.22000122070312,137.789794921875,138.8350067138672,58773
2024-09-17 14:30:00+00:00,138.84500122070312,139.25,138.6999969482422,139.02890014648438,34210
2024-09-17 15:30:00+00:00,138.96009826660156,139.08999633789062,138.5399932861328,138.69000244140625,36418
2024-09-17 16:30:00+00:00,138.61000061035156,138.61000061035156,137.7100067138672,138.11000061035156,33037
2024-09-17 17:30:00+00:00,138.10000610351562,138.32400512695312,137.93499755859375,137.97999572753906,37172
2024-09-17 18:30:00+00:00,137.9550018310547,137.9550018310547,137.63999938964844,137.69000244140625,43580
2024-09-17 19:30:00+00:00,137.74000549316406,137.7602996826172,137.1699981689453,137.3300018310547,115877
2024-09-18 13:30:00+00:00,139.39999389648438,141.10499572753906,138.83639526367188,139.60440063476562,69947
2024-09-18 14:30:00+00:00,139.55999755859375,139.67999267578125,139.19000244140625,139.50999450683594,27913
2024-09-18 15:30:00+00:00,139.5500030517578,139.5500030517578,138.52000427246094,138.74000549316406,33875
2024-09-18 16:30:00+00:00,138.79119873046875,139.10000610351562,138.7100067138672,138.83999633789062,41671
2024-09-18 17:30:00+00:00,138.89999389648438,140.27000427246094,138.4199981689453,139.3874969482422,43611
2024-09-18 18:30:00+00:00,139.5800018310547,140.0,138.44500732421875,138.86000061035156,57737
2024-09-18 19:30:00+00:00,138.99000549316406,139.0500030517578,137.85000610351562,138.0800018310547,85227
2024-09-19 13:30:00+00:00,139.61000061035156,140.0,138.4149932861328,138.83999633789062,44392
2024-09-19 14:30:00+00:00,138.9199981689453,139.20010375976562,138.1999969482422,138.8000030517578,44880
2024-09-19 15:30:00+00:00,138.7100067138672,138.75999450683594,138.25999450683594,138.67999267578125,29798
2024-09-19 16:30:00+00:00,138.6999969482422,139.2281036376953,138.64999389648438,139.02000427246094,31364
2024-09-19 17:30:00+00:00,139.0500030517578,139.27499389648438,138.75010681152344,138.9499969482422,33689
2024-09-19 18:30:00+00:00,139.00999450683594,139.10000610351562,138.6999969482422,138.7449951171875,59914
2024-09-19 19:30:00+00:00,138.6999969482422,139.4600067138672,138.55999755859375,139.1699981689453,111107
2024-09-20 13:30:00+00:00,138.58999633789062,138.67999267578125,136.80999755859375,137.7100067138672,172793
2024-09-20 14:30:00+00:00,137.77000427246094,137.7899932861328,137.17930603027344,137.36000061035156,34751
2024-09-20 15:30:00+00:00,137.35000610351562,137.59939575195312,137.08999633789062,137.5,37155
2024-09-20 16:30:00+00:00,137.55999755859375,137.64999389648438,137.27999877929688,137.32000732421875,35738
2024-09-20 17:30:00+00:00,137.32000732421875,137.4499969482422,136.77000427246094,136.7949981689453,62444
2024-09-20 18:30:00+00:00,136.72999572753906,136.7825927734375,136.0399932861328,136.25,67625
2024-09-20 19:30:00+00:00,136.23500061035156,137.10000610351562,135.97000122070312,137.0399932861328,169618
2024-09-23 13:30:00+00:00,137.1300048828125,137.89500427246094,136.11000061035156,136.46499633789062,43578
2024-09-23 14:30:00+00:00,136.38999938964844,136.55999755859375,136.17999267578125,136.41000366210938,59340
2024-09-23 15:30:00+00:00,136.5,137.21499633789062,136.39999389648438,137.15359497070312,73523
2024-09-23 16:30:00+00:00,137.2100067138672,137.50999450683594,136.9199981689453,137.50999450683594,48090
2024-09-23 17:30:00+00:00,137.50999450683594,137.75999450683594,137.35000610351562,137.5500030517578,60049
2024-09-23 18:30:00+00:00,137.5500030517578,137.72000122070312,137.3000030517578,137.5749969482422,70359
2024-09-23 19:30:00+00:00,137.61000061035156,137.92999267578125,137.2899932861328,137.7899932861328,211364
2024-09-24 13:30:00+00:00,137.39999389648438,138.17999267578125,137.05999755859375,138.17999267578125,55947
2024-09-24 14:30:00+00:00,138.2899932861328,139.11000061035156,138.11000061035156,138.24000549316406,78092
2024-09-24 15:30:00+00:00,138.15499877929688,138.42999267578125,137.88999938964844,138.39999389648438,71628
2024-09-24 16:30:00+00:00,138.39999389648438,139.07000732421875,138.3101043701172,138.63999938964844,59932
2024-09-24 17:30:00+00:00,138.6300048828125,139.3699951171875,138.5800018310547,139.32000732421875,92709
2024-09-24 18:30:00+00:00,139.13999938964844,139.89999389648438,139.0,139.6999969482422,106867
2024-09-24 19:30:00+00:00,139.7100067138672,139.8300018310547,139.19000244140625,139.72999572753906,205376
2024-09-25 13:30:00+00:00,140.02000427246094,140.02000427246094,138.2899932861328,138.47999572753906,81216
2024-09-25 14:30:00+00:00,138.58999633789062,139.25,138.36000061035156,138.9781951904297,58819
2024-09-25 15:30:00+00:00,138.9499969482422,139.1300048828125,138.47000122070312,138.7100067138672,67712
2024-09-25 16:30:00+00:00,138.61500549316406,138.74000549316406,138.42999267578125,138.64999389648438,66685
2024-09-25 17:30:00+00:00,138.68499755859375,138.68499755859375,138.04010009765625,138.36000061035156,88508
2024-09-25 18:30:00+00:00,138.39999389648438,138.7899932861328,138.2899932861328,138.72999572753906,87669
2024-09-25 19:30:00+00:00,138.72999572753906,138.72999572753906,138.21499633789062,138.5500030517578,230763
2024-09-26 13:30:00+00:00,139.1999969482422,140.11000061035156,138.7819061279297,139.47000122070312,66776
2024-09-26 14:30:00+00:00,139.61000061035156,140.77000427246094,139.58999633789062,140.50999450683594,86339
2024-09-26 15:30:00+00:00,140.3708953857422,141.05999755859375,140.3708953857422,140.94000244140625,40763
2024-09-26 16:30:00+00:00,140.9600067138672,141.55999755859375,140.9199981689453,141.2100067138672,54770
2024-09-26 17:30:00+00:00,141.16000366210938,141.3300018310547,140.96009826660156,140.96009826660156,41814
2024-09-26 18:30:00+00:00,141.07000732421875,141.5876007080078,140.89259338378906,141.05999755859375,68635
2024-09-26 19:30:00+00:00,141.02999877929688,141.6300048828125,140.6300048828125,141.5,133572
2024-09-27 13:30:00+00:00,142.33999633789062,142.89999389648438,141.49000549316406,142.8350067138672,62094
2024-09-27 14:30:00+00:00,142.74000549316406,143.5800018310547,142.5050048828125,143.47999572753906,50342
2024-09-27 15:30:00+00:00,143.55999755859375,143.5800018310547,141.80999755859375,141.85000610351562,57437
2024-09-27 16:30:00+00:00,141.75,141.8800048828125,141.1699981689453,141.4600067138672,44008
2024-09-27 17:30:00+00:00,141.49000549316406,141.96499633789062,141.30999755859375,141.5850067138672,74533
2024-09-27 18:30:00+00:00,141.58999633789062,142.0399932861328,141.27999877929688,141.39199829101562,54244
2024-09-27 19:30:00+00:00,141.35220336914062,141.4550018310547,141.02999877929688,141.17999267578125,89009
2024-09-30 13:30:00+00:00,141.33999633789062,141.33999633789062,139.82000732421875,140.2050018310547,61812
2024-09-30 14:30:00+00:00,140.0489044189453,140.75,139.8699951171875,139.8699951171875,46127
2024-09-30 15:30:00+00:00,139.9199981689453,140.11000061035156,139.39999389648438,139.89999389648438,60361
2024-09-30 16:30:00+00:00,139.97000122070312,140.41000366210938,139.77000427246094,140.35000610351562,37584
2024-09-30 17:30:00+00:00,140.33999633789062,140.44000244140625,139.0,139.44000244140625,31608
2024-09-30 18:30:00+00:00,139.32000732421875,139.63999938964844,138.91000366210938,139.2899932861328,61078
2024-09-30 19:30:00+00:00,139.27999877929688,139.91000366210938,139.22000122070312,139.69000244140625,147433
2024-10-01 13:30:00+00:00,139.89999389648438,139.89999389648438,138.00999450683594,139.36500549316406,70329
2024-10-01 14:30:00+00:00,139.3300018310547,139.89999389648438,138.87759399414062,139.85499572753906,51393
2024-10-01 15:30:00+00:00,139.94000244140625,140.50770568847656,139.30999755859375,139.52499389648438,67306
2024-10-01 16:30:00+00:00,139.52499389648438,140.4600067138672,139.33999633789062,139.7050018310547,68871
2024-10-01 17:30:00+00:00,139.6199951171875,140.4770050048828,139.42999267578125,140.34500122070312,78077
2024-10-01 18:30:00+00:00,140.2899932861328,140.3350067138672,139.47000122070312,139.59500122070312,76274
2024-10-01 19:30:00+00:00,139.58999633789062,139.88499450683594,139.39999389648438,139.64999389648438,166885
2024-10-02 13:30:00+00:00,138.74000549316406,139.6750030517578,137.88150024414062,138.56500244140625,85295
2024-10-02 14:30:00+00:00,138.56500244140625,139.44000244140625,138.5399932861328,139.3699951171875,46746
2024-10-02 15:30:00+00:00,139.42999267578125,139.53500366210938,138.9600067138672,139.1999969482422,37394
2024-10-02 16:30:00+00:00,139.2100067138672,139.27999877929688,138.8300018310547,138.88999938964844,38856
2024-10-02 17:30:00+00:00,138.82000732421875,139.08999633789062,138.49000549316406,138.55999755859375,44479
2024-10-02 18:30:00+00:00,138.58999633789062,138.83999633789062,138.52499389648438,138.61500549316406,65564
2024-10-02 19:30:00+00:00,138.58999633789062,138.86000061035156,138.2899932861328,138.7899932861328,181013
2024-10-03 13:30:00+00:00,137.85000610351562,138.02499389648438,136.4040069580078,136.77000427246094,45614
2024-10-03 14:30:00+00:00,136.64999389648438,137.25,136.30999755859375,137.11000061035156,44714
2024-10-03 15:30:00+00:00,137.10000610351562,137.61000061035156,137.0399932861328,137.35000610351562,44647
2024-10-03 16:30:00+00:00,137.32000732421875,137.35000610351562,136.49000549316406,136.67999267578125,42773
2024-10-03 17:30:00+00:00,136.66000366210938,137.00999450683594,136.63999938964844,136.94000244140625,40139
2024-10-03 18:30:00+00:00,136.88999938964844,136.94000244140625,136.52000427246094,136.5500030517578,63165
2024-10-03 19:30:00+00:00,136.5850067138672,136.82000732421875,136.35479736328125,136.55999755859375,147196
2024-10-04 13:30:00+00:00,137.4600067138672,138.30999755859375,137.07000732421875,137.2100067138672,69641
2024-10-04 14:30:00+00:00,137.21499633789062,137.6699981689453,136.59140014648438,136.68499755859375,58230
2024-10-04 15:30:00+00:00,136.58999633789062,137.50999450683594,136.58999633789062,136.9199981689453,47608
2024-10-04 16:30:00+00:00,136.86500549316406,137.5399932861328,136.67999267578125,136.67999267578125,39779
2024-10-04 17:30:00+00:00,136.64999389648438,136.80999755859375,136.27999877929688,136.6199951171875,57294
2024-10-04 18:30:00+00:00,136.66000366210938,136.8800048828125,136.47999572753906,136.72000122070312,79885
2024-10-04 19:30:00+00:00,136.71499633789062,136.8300018310547,136.4499969482422,136.6699981689453,134768
2024-10-07 13:30:00+00:00,136.02999877929688,136.57000732421875,135.17999267578125,135.80999755859375,83935
2024-10-07 14:30:00+00:00,135.8300018310547,136.14500427246094,135.3699951171875,135.56500244140625,48433
2024-10-07 15:30:00+00:00,135.50999450683594,135.57000732421875,135.11749267578125,135.47000122070312,32500
2024-10-07 16:30:00+00:00,135.3975067138672,135.75,135.11000061035156,135.69000244140625,36175
2024-10-07 17:30:00+00:00,135.63999938964844,135.63999938964844,135.18499755859375,135.36000061035156,30550
2024-10-07 18:30:00+00:00,135.32000732421875,135.3800048828125,134.8000030517578,135.13999938964844,53707
2024-10-07 19:30:00+00:00,135.16000366210938,135.39999389648438,134.88999938964844,134.99000549316406,170603
2024-10-08 13:30:00+00:00,134.0,134.3000030517578,132.82000732421875,132.82000732421875,82198
2024-10-08 14:30:00+00:00,132.7899932861328,133.97999572753906,132.75999450683594,133.97999572753906,68376
2024-10-08 15:30:00+00:00,133.9199981689453,134.06500244140625,133.49000549316406,133.60629272460938,61604
2024-10-08 16:30:00+00:00,133.60000610351562,133.77999877929688,133.0399932861328,133.55499267578125,51440
2024-10-08 17:30:00+00:00,133.50999450683594,133.78280639648438,133.11000061035156,133.57000732421875,54903
2024-10-08 18:30:00+00:00,133.4499969482422,133.99000549316406,133.35000610351562,133.3800048828125,94950
2024-10-08 19:30:00+00:00,133.38499450683594,133.6999969482422,133.30999755859375,133.67999267578125,177795
2024-10-09 13:30:00+00:00,134.13999938964844,134.97000122070312,133.35499572753906,133.5,56774
2024-10-09 14:30:00+00:00,133.51499938964844,134.44000244140625,133.36000061035156,134.38999938964844,63747
2024-10-09 15:30:00+00:00,134.35000610351562,134.77999877929688,134.27999877929688,134.65989685058594,56946
2024-10-09 16:30:00+00:00,134.59500122070312,134.59500122070312,133.91000366210938,133.92999267578125,94499
2024-10-09 17:30:00+00:00,133.89840698242188,134.0989990234375,133.27999877929688,133.35499572753906,52194
2024-10-09 18:30:00+00:00,133.35499572753906,133.6999969482422,133.1199951171875,133.6300048828125,67225
2024-10-09 19:30:00+00:00,133.6300048828125,133.80999755859375,133.3300018310547,133.75,150869
2024-10-10 13:30:00+00:00,133.75999450683594,134.25,133.00999450683594,133.64500427246094,64321
2024-10-10 14:30:00+00:00,133.75,134.27999877929688,133.60000610351562,134.2100067138672,53928
2024-10-10 15:30:00+00:00,134.19000244140625,134.57000732421875,134.1199951171875,134.35000610351562,56699
2024-10-10 16:30:00+00:00,134.38999938964844,134.52999877929688,133.75,133.9499969482422,42192
2024-10-10 17:30:00+00:00,133.9600067138672,133.97459411621094,133.32000732421875,133.35000610351562,47972
2024-10-10 18:30:00+00:00,133.31500244140625,133.3912353515625,133.05999755859375,133.18499755859375,55435
2024-10-10 19:30:00+00:00,133.2100067138672,133.6300048828125,133.2100067138672,133.38999938964844,113824
2024-10-11 13:30:00+00:00,133.67999267578125,135.5749969482422,133.67999267578125,135.5749969482422,46418
2024-10-11 14:30:00+00:00,135.53500366210938,136.3300018310547,135.39999389648438,136.06500244140625,107392
2024-10-11 15:30:00+00:00,136.13999938964844,136.5399932861328,135.9499969482422,136.2100067138672,48714
2024-10-11 16:30:00+00:00,136.2100067138672,136.47000122070312,136.13999938964844,136.4250030517578,123306
2024-10-11 17:30:00+00:00,136.49000549316406,137.02999877929688,136.46859741210938,136.89999389648438,55100
2024-10-11 18:30:00+00:00,136.94000244140625,137.69000244140625,136.92999267578125,137.4600067138672,114649
2024-10-11 19:30:00+00:00,137.36000061035156,137.73500061035156,137.17999267578125,137.2449951171875,190408
2024-10-14 13:30:00+00:00,136.91000366210938,138.1300048828125,136.66859436035156,137.83999633789062,48415
2024-10-14 14:30:00+00:00,137.93499755859375,138.49960327148438,137.85000610351562,138.3699951171875,44818
2024-10-14 15:30:00+00:00,138.38999938964844,138.73500061035156,138.1699981689453,138.65499877929688,51722
2024-10-14 16:30:00+00:00,138.64999389648438,138.68499755859375,138.27000427246094,138.35000610351562,31603
2024-10-14 17:30:00+00:00,138.35000610351562,138.85000610351562,138.27499389648438,138.7899932861328,43345
2024-10-14 18:30:00+00:00,138.77000427246094,139.08999633789062,138.66000366210938,139.00999450683594,77206
2024-10-14 19:30:00+00:00,139.0500030517578,139.60000610351562,138.88999938964844,139.44000244140625,215943
2024-10-15 13:30:00+00:00,139.4600067138672,142.22000122070312,139.4600067138672,142.22000122070312,100044
2024-10-15 14:30:00+00:00,142.10000610351562,142.2449951171875,141.3101043701172,141.9600067138672,121012
2024-10-15 15:30:00+00:00,141.85499572753906,142.0399932861328,141.57000732421875,141.57000732421875,71983
2024-10-15 16:30:00+00:00,141.47000122070312,141.8800048828125,140.8800048828125,140.99000549316406,56929
2024-10-15 17:30:00+00:00,140.9149932861328,141.0,140.1699981689453,140.25999450683594,57145
2024-10-15 18:30:00+00:00,140.22999572753906,140.4499969482422,139.9199981689453,139.9199981689453,78435
2024-10-15 19:30:00+00:00,139.89999389648438,140.52000427246094,139.77499389648438,140.41000366210938,259481
2024-10-16 13:30:00+00:00,142.22000122070312,143.58999633789062,141.52999877929688,143.13999938964844,94086
2024-10-16 14:30:00+00:00,143.08999633789062,143.80999755859375,143.04750061035156,143.19000244140625,111550
2024-10-16 15:30:00+00:00,143.22000122070312,143.3800048828125,143.05999755859375,143.1699981689453,80542
2024-10-16 16:30:00+00:00,143.1300048828125,143.1300048828125,142.6300048828125,142.6300048828125,65464
2024-10-16 17:30:00+00:00,142.63999938964844,143.3300018310547,142.5800018310547,143.16000366210938,71279
2024-10-16 18:30:00+00:00,143.17999267578125,143.36500549316406,142.81069946289062,142.9600067138672,92434
2024-10-16 19:30:00+00:00,142.9600067138672,143.28500366210938,142.6999969482422,143.16000366210938,210109
2024-10-17 13:30:00+00:00,143.1199951171875,143.36000061035156,142.17999267578125,142.7899932861328,50575
2024-10-17 14:30:00+00:00,142.7899932861328,143.3800048828125,142.67999267578125,142.8800048828125,36809
2024-10-17 15:30:00+00:00,142.94000244140625,143.4600067138672,142.86099243164062,143.4199981689453,36455
2024-10-17 16:30:00+00:00,143.3699951171875,143.44000244140625,143.08700561523438,143.17999267578125,39922
2024-10-17 17:30:00+00:00,143.14999389648438,143.6699981689453,143.11000061035156,143.44000244140625,71697
2024-10-17 18:30:00+00:00,143.41000366210938,143.97000122070312,143.3000030517578,143.47999572753906,122047
2024-10-17 19:30:00+00:00,143.41000366210938,143.9600067138672,143.38999938964844,143.66000366210938,233495
2024-10-18 13:30:00+00:00,144.2899932861328,144.2899932861328,143.00999450683594,143.1699981689453,88337
2024-10-18 14:30:00+00:00,143.1649932861328,143.57000732421875,143.1199951171875,143.13999938964844,68512
2024-10-18 15:30:00+00:00,143.1199951171875,143.3699951171875,142.6999969482422,143.25759887695312,42377
2024-10-18 16:30:00+00:00,143.2550048828125,143.2550048828125,142.6999969482422,142.7100067138672,35639
2024-10-18 17:30:00+00:00,142.73500061035156,142.97000122070312,142.6199951171875,142.74000549316406,48777
2024-10-18 18:30:00+00:00,142.75,143.0050048828125,142.61000061035156,142.6199951171875,95268
2024-10-18 19:30:00+00:00,142.61000061035156,143.2100067138672,142.4499969482422,143.17999267578125,187998
2024-10-21 13:30:00+00:00,143.6699981689453,144.2100067138672,143.0500030517578,143.47000122070312,77176
2024-10-21 14:30:00+00:00,143.47000122070312,143.82000732421875,142.47000122070312,142.7100067138672,103500
2024-10-21 15:30:00+00:00,142.6699981689453,143.1999969482422,142.61000061035156,142.9600067138672,80018
2024-10-21 16:30:00+00:00,142.9199981689453,143.4550018310547,142.6699981689453,143.15499877929688,74537
2024-10-21 17:30:00+00:00,143.11500549316406,143.22999572753906,142.8300018310547,143.01499938964844,71140
2024-10-21 18:30:00+00:00,143.02499389648438,143.33999633789062,142.85000610351562,143.2100067138672,108742
2024-10-21 19:30:00+00:00,143.24000549316406,143.5,142.86000061035156,143.14999389648438,295527
2024-10-22 13:30:00+00:00,120.44000244140624,122.53990173339844,116.5,116.77999877929688,1998528
2024-10-22 14:30:00+00:00,116.77999877929688,117.91829681396484,115.17839813232422,115.3499984741211,892349
2024-10-22 15:30:00+00:00,115.37999725341795,115.56999969482422,113.93000030517578,114.87000274658205,780822
2024-10-22 16:30:00+00:00,114.86710357666016,115.49839782714844,114.7300033569336,114.96499633789062,589818
2024-10-22 17:30:00+00:00,115.00260162353516,116.66999816894533,114.80599975585938,116.19000244140624,435670
2024-10-22 18:30:00+00:00,116.18499755859376,116.3000030517578,114.5,114.55500030517578,509038
2024-10-22 19:30:00+00:00,114.58999633789062,114.91410064697266,112.73999786376952,113.08999633789062,1135658
2024-10-23 13:30:00+00:00,114.01000213623048,115.5,113.1500015258789,114.70500183105467,560321
2024-10-23 14:30:00+00:00,114.72149658203124,115.80999755859376,114.17120361328124,115.73999786376952,370034
2024-10-23 15:30:00+00:00,115.7147979736328,116.21499633789062,115.6999969482422,115.91079711914062,302132
2024-10-23 16:30:00+00:00,115.94000244140624,116.5,115.84010314941406,115.87999725341795,215122
2024-10-23 17:30:00+00:00,115.87999725341795,116.24960327148438,115.13999938964844,115.1999969482422,234037
2024-10-23 18:30:00+00:00,115.20999908447266,116.22000122070312,115.18000030517578,116.19000244140624,279344
2024-10-23 19:30:00+00:00,116.19000244140624,116.36000061035156,115.73999786376952,116.2300033569336,585212
2024-10-24 13:30:00+00:00,114.41999816894533,115.27100372314452,112.9250030517578,114.26000213623048,392355
2024-10-24 14:30:00+00:00,114.3249969482422,115.86000061035156,113.87999725341795,114.91000366210938,311569
2024-10-24 15:30:00+00:00,115.01499938964844,115.08000183105467,113.19000244140624,113.26000213623048,203623
2024-10-24 16:30:00+00:00,113.19000244140624,113.5999984741211,113.0999984741211,113.55999755859376,168846
2024-10-24 17:30:00+00:00,113.55999755859376,113.76000213623048,113.1999969482422,113.65499877929688,163860
2024-10-24 18:30:00+00:00,113.69000244140624,113.9800033569336,113.2300033569336,113.36000061035156,306359
2024-10-24 19:30:00+00:00,113.33999633789062,113.58999633789062,113.08999633789062,113.12000274658205,372912
2024-10-25 13:30:00+00:00,113.0,114.95870208740234,113.0,114.91000366210938,286226
2024-10-25 14:30:00+00:00,114.8957977294922,114.8957977294922,113.6449966430664,113.78500366210938,213679
2024-10-25 15:30:00+00:00,113.79000091552734,114.25,113.43000030517578,114.25,246951
2024-10-25 16:30:00+00:00,114.25,114.25,113.60050201416016,113.73999786376952,210241
2024-10-25 17:30:00+00:00,113.68000030517578,113.7699966430664,113.2822036743164,113.7699966430664,122928
2024-10-25 18:30:00+00:00,113.76000213623048,114.18000030517578,113.62000274658205,114.1500015258789,230211
2024-10-25 19:30:00+00:00,114.08000183105467,114.3499984741211,113.76000213623048,114.26000213623048,441162
2024-10-28 13:30:00+00:00,115.6500015258789,118.23370361328124,115.37000274658205,117.8949966430664,390956
2024-10-28 14:30:00+00:00,117.9499969482422,118.9499969482422,117.65499877929688,117.7300033569336,2014719
2024-10-28 15:30:00+00:00,117.66999816894533,118.06500244140624,117.37999725341795,117.5,329385
2024-10-28 16:30:00+00:00,117.45999908447266,118.3499984741211,116.97000122070312,118.20999908447266,166041
2024-10-28 17:30:00+00:00,118.25,118.9499969482422,118.05999755859376,118.2750015258789,156758
2024-10-28 18:30:00+00:00,118.31999969482422,118.98999786376952,118.27999877929688,118.8498992919922,210972
2024-10-28 19:30:00+00:00,118.83000183105467,119.08000183105467,118.22000122070312,118.37999725341795,353613
2024-10-29 13:30:00+00:00,117.19000244140624,118.5199966430664,116.94000244140624,118.20999908447266,183174
2024-10-29 14:30:00+00:00,118.20999908447266,118.20999908447266,116.83999633789062,117.19000244140624,152658
2024-10-29 15:30:00+00:00,117.2300033569336,117.43000030517578,116.87999725341795,117.08999633789062,133909
2024-10-29 16:30:00+00:00,117.0749969482422,117.0749969482422,116.5749969482422,117.01499938964844,1183980
2024-10-29 17:30:00+00:00,117.02999877929688,117.80999755859376,116.7699966430664,117.8000030517578,139494
2024-10-29 18:30:00+00:00,117.8000030517578,118.26080322265624,117.77999877929688,118.09500122070312,189248
2024-10-29 19:30:00+00:00,118.09500122070312,118.2699966430664,117.26000213623048,117.29000091552734,291235
2024-10-30 13:30:00+00:00,118.0999984741211,119.01000213623048,117.41000366210938,117.7300033569336,274400
2024-10-30 14:30:00+00:00,117.7300033569336,117.80999755859376,116.85469818115234,116.9000015258789,110546
2024-10-30 15:30:00+00:00,116.90470123291016,116.97000122070312,116.36499786376952,116.7249984741211,121115
2024-10-30 16:30:00+00:00,116.73500061035156,116.95999908447266,116.29000091552734,116.29000091552734,167675
2024-10-30 17:30:00+00:00,116.3499984741211,116.72000122070312,116.0500030517578,116.4499969482422,135269
2024-10-30 18:30:00+00:00,116.41000366210938,116.41000366210938,115.9250030517578,116.0749969482422,170299
2024-10-30 19:30:00+00:00,116.0999984741211,116.37999725341795,115.93499755859376,116.30999755859376,271025
2024-10-31 13:30:00+00:00,116.0,116.97000122070312,114.87000274658205,114.97000122070312,154734
2024-10-31 14:30:00+00:00,114.95999908447266,115.4499969482422,114.3499984741211,114.54000091552734,124683
2024-10-31 15:30:00+00:00,114.5999984741211,114.67759704589844,114.08000183105467,114.36000061035156,74845
2024-10-31 16:30:00+00:00,114.3499984741211,115.18250274658205,114.30999755859376,114.98500061035156,82610
2024-10-31 17:30:00+00:00,114.88999938964844,115.31999969482422,114.81009674072266,115.20819854736328,76362
2024-10-31 18:30:00+00:00,115.22000122070312,115.22000122070312,114.54000091552734,114.8499984741211,102591
2024-10-31 19:30:00+00:00,114.88999938964844,114.90899658203124,114.37000274658205,114.71499633789062,369933
2024-11-01 13:30:00+00:00,114.86000061035156,115.5198974609375,114.0,114.83999633789062,85123
2024-11-01 14:30:00+00:00,114.87000274658205,115.16999816894533,113.45999908447266,113.87999725341795,114079
2024-11-01 15:30:00+00:00,113.87000274658205,114.25,113.62999725341795,113.98999786376952,70848
2024-11-01 16:30:00+00:00,114.0,114.18000030517578,113.7624969482422,113.96499633789062,62089
2024-11-01 17:30:00+00:00,113.95459747314452,113.95459747314452,113.29000091552734,113.58000183105467,96731
2024-11-01 18:30:00+00:00,113.55999755859376,114.18499755859376,113.41500091552734,114.05500030517578,118118
2024-11-01 19:30:00+00:00,114.04499816894533,114.13899993896484,113.58000183105467,113.62999725341795,245464
2024-11-04 14:30:00+00:00,114.01000213623048,116.79499816894533,113.9749984741211,116.50370025634766,145613
2024-11-04 15:30:00+00:00,116.55500030517578,116.62000274658205,115.22000122070312,115.5,82353
2024-11-04 16:30:00+00:00,115.50499725341795,116.62000274658205,115.38500213623048,116.47000122070312,143926
2024-11-04 17:30:00+00:00,116.5,116.56999969482422,115.6500015258789,116.28500366210938,97005
2024-11-04 18:30:00+00:00,116.26499938964844,116.44000244140624,115.7699966430664,115.7699966430664,102016
2024-11-04 19:30:00+00:00,115.73490142822266,116.16000366210938,115.73490142822266,115.93499755859376,100722
2024-11-04 20:30:00+00:00,115.95999908447266,116.1500015258789,115.65910339355467,116.05999755859376,250368
2024-11-05 14:30:00+00:00,116.02999877929688,116.4800033569336,115.37999725341795,116.4800033569336,85875
2024-11-05 15:30:00+00:00,116.47000122070312,116.5,115.25499725341795,115.37000274658205,77102
2024-11-05 16:30:00+00:00,115.3499984741211,116.06500244140624,115.27999877929688,116.03500366210938,65117
2024-11-05 17:30:00+00:00,116.00060272216795,116.31999969482422,115.58499908447266,115.90779876708984,83320
2024-11-05 18:30:00+00:00,115.9250030517578,116.4749984741211,115.83000183105467,116.20999908447266,88188
2024-11-05 19:30:00+00:00,116.25,116.62000274658205,115.88999938964844,116.55999755859376,139410
2024-11-05 20:30:00+00:00,116.56500244140624,116.69000244140624,116.18000030517578,116.66000366210938,125566
2024-11-06 14:30:00+00:00,120.0,121.61000061035156,119.08499908447266,121.43499755859376,475834
2024-11-06 15:30:00+00:00,121.43499755859376,121.9499969482422,120.91999816894533,121.7699966430664,210241
2024-11-06 16:30:00+00:00,121.8000030517578,122.37000274658205,121.58000183105467,121.70999908447266,157905
2024-11-06 17:30:00+00:00,121.6750030517578,122.20999908447266,121.52999877929688,122.08000183105467,149299
2024-11-06 18:30:00+00:00,122.11000061035156,122.77999877929688,121.94000244140624,122.33999633789062,171897
2024-11-06 19:30:00+00:00,122.36000061035156,123.37000274658205,122.36000061035156,123.3550033569336,239030
2024-11-06 20:30:00+00:00,123.3550033569336,123.5500030517578,122.81999969482422,123.27999877929688,462094
2024-11-07 14:30:00+00:00,123.19000244140624,124.2300033569336,122.37999725341795,124.12000274658205,198388
2024-11-07 15:30:00+00:00,124.16000366210938,124.79000091552734,124.11000061035156,124.3499984741211,189378
2024-11-07 16:30:00+00:00,124.34850311279295,124.66000366210938,123.9250030517578,124.23999786376952,116975
2024-11-07 17:30:00+00:00,124.2699966430664,124.33000183105467,123.94000244140624,124.08000183105467,122944
2024-11-07 18:30:00+00:00,124.08000183105467,124.1999969482422,123.45999908447266,123.5500030517578,144606
2024-11-07 19:30:00+00:00,123.56500244140624,123.80999755859376,123.0500030517578,123.11000061035156,153962
2024-11-07 20:30:00+00:00,123.13999938964844,123.4800033569336,123.0500030517578,123.0500030517578,287722
2024-11-08 14:30:00+00:00,122.77999877929688,123.16500091552734,122.21499633789062,122.2249984741211,136171
2024-11-08 15:30:00+00:00,122.25,123.33000183105467,122.25,122.91500091552734,106313
2024-11-08 16:30:00+00:00,122.91500091552734,123.25,122.66000366210938,122.91999816894533,101773
2024-11-08 17:30:00+00:00,122.8000030517578,122.88999938964844,122.4000015258789,122.54499816894533,107974
2024-11-08 18:30:00+00:00,122.48999786376952,122.88999938964844,122.3000030517578,122.73999786376952,83757
2024-11-08 19:30:00+00:00,122.73999786376952,122.8550033569336,122.51499938964844,122.55999755859376,105963
2024-11-08 20:30:00+00:00,122.5730972290039,122.6500015258789,122.16000366210938,122.41000366210938,301061
2024-11-11 14:30:00+00:00,123.22000122070312,124.58000183105467,123.22000122070312,123.44499969482422,103454
2024-11-11 15:30:00+00:00,123.48999786376952,123.72000122070312,123.2300033569336,123.36000061035156,71121
2024-11-11 16:30:00+00:00,123.2300033569336,123.68000030517578,123.08000183105467,123.1999969482422,88506
2024-11-11 17:30:00+00:00,123.22000122070312,123.30999755859376,122.18000030517578,122.2750015258789,97857
2024-11-11 18:30:00+00:00,122.2699966430664,122.63999938964844,122.1999969482422,122.5749969482422,105652
2024-11-11 19:30:00+00:00,122.55500030517578,122.61000061035156,122.16000366210938,122.4499969482422,94850
2024-11-11 20:30:00+00:00,122.38999938964844,122.48999786376952,122.01709747314452,122.3499984741211,170823
2024-11-12 14:30:00+00:00,122.08000183105467,122.7699966430664,121.4000015258789,121.93499755859376,185752
2024-11-12 15:30:00+00:00,121.8499984741211,122.70999908447266,121.4800033569336,122.6750030517578,147354
2024-11-12 16:30:00+00:00,122.66000366210938,123.16000366210938,122.5199966430664,122.88500213623048,123663
2024-11-12 17:30:00+00:00,122.88500213623048,122.9800033569336,122.27999877929688,122.70999908447266,105581
2024-11-12 18:30:00+00:00,122.70999908447266,123.06999969482422,122.5199966430664,122.72000122070312,113397
2024-11-12 19:30:00+00:00,122.7344970703125,122.76000213623048,122.31999969482422,122.44000244140624,175424
2024-11-12 20:30:00+00:00,122.4800033569336,122.88999938964844,122.4800033569336,122.76000213623048,322653
2024-11-13 14:30:00+00:00,122.38999938964844,123.12999725341795,122.09500122070312,123.0,95333
2024-11-13 15:30:00+00:00,123.0,124.04499816894533,122.8499984741211,123.83200073242188,118586
2024-11-13 16:30:00+00:00,123.84500122070312,124.4749984741211,123.66999816894533,123.9000015258789,147147
2024-11-13 17:30:00+00:00,123.88999938964844,124.31999969482422,123.70500183105467,123.9499969482422,122686
2024-11-13 18:30:00+00:00,123.93000030517578,124.0,123.66999816894533,123.71499633789062,114966
2024-11-13 19:30:00+00:00,123.69499969482422,124.13999938964844,123.45999908447266,124.12999725341795,169291
2024-11-13 20:30:00+00:00,124.12999725341795,124.1624984741211,123.66000366210938,123.68000030517578,339796
2024-11-14 14:30:00+00:00,124.98999786376952,126.3499984741211,124.54000091552734,125.23989868164062,168195
2024-11-14 15:30:00+00:00,125.22000122070312,125.4499969482422,124.06999969482422,124.33999633789062,111705
2024-11-14 16:30:00+00:00,124.31999969482422,124.73500061035156,123.90499877929688,124.38500213623048,123939
2024-11-14 17:30:00+00:00,124.4000015258789,125.26000213623048,124.13500213623048,124.7750015258789,234406
2024-11-14 18:30:00+00:00,124.80989837646484,124.9800033569336,124.35009765625,124.95999908447266,171830
2024-11-14 19:30:00+00:00,124.94000244140624,125.20999908447266,124.04000091552734,124.2249984741211,117989
2024-11-14 20:30:00+00:00,124.1999969482422,124.36000061035156,123.80999755859376,123.83999633789062,224495
2024-11-15 14:30:00+00:00,124.45999908447266,124.9499969482422,122.5,122.6999969482422,172255
2024-11-15 15:30:00+00:00,122.70999908447266,123.68000030517578,122.37999725341795,123.62000274658205,104736
2024-11-15 16:30:00+00:00,123.58000183105467,124.22000122070312,123.41000366210938,123.94000244140624,88880
2024-11-15 17:30:00+00:00,123.9000015258789,124.01000213623048,123.44000244140624,123.61000061035156,98107
2024-11-15 18:30:00+00:00,123.58499908447266,123.58499908447266,123.18460083007812,123.24500274658205,75956
2024-11-15 19:30:00+00:00,123.20500183105467,123.63999938964844,122.87000274658205,122.91000366210938,113577
2024-11-15 20:30:00+00:00,122.93499755859376,123.13999938964844,122.44000244140624,122.58999633789062,229534
2024-11-18 14:30:00+00:00,123.11000061035156,124.47000122070312,122.8499984741211,124.33499908447266,99149
2024-11-18 15:30:00+00:00,124.27999877929688,125.0,124.2770004272461,124.3499984741211,95924
2024-11-18 16:30:00+00:00,124.3678970336914,124.84500122070312,124.3678970336914,124.4499969482422,88491
2024-11-18 17:30:00+00:00,124.46499633789062,124.83999633789062,124.4000015258789,124.49500274658205,74779
2024-11-18 18:30:00+00:00,124.5199966430664,124.83999633789062,124.30999755859376,124.41999816894533,107069
2024-11-18 19:30:00+00:00,124.4000015258789,124.63999938964844,123.8000030517578,123.9000015258789,82104
2024-11-18 20:30:00+00:00,123.91000366210938,124.29000091552734,123.78009796142578,124.1999969482422,174183
2024-11-19 14:30:00+00:00,122.75,124.0,121.19000244140624,121.4250030517578,96476
2024-11-19 15:30:00+00:00,121.47000122070312,121.99949645996094,121.27100372314452,121.88999938964844,79545
2024-11-19 16:30:00+00:00,121.87000274658205,122.18000030517578,121.54859924316406,122.16000366210938,70596
2024-11-19 17:30:00+00:00,122.08999633789062,122.21939849853516,121.6999969482422,121.96499633789062,60468
2024-11-19 18:30:00+00:00,121.97000122070312,122.1500015258789,121.76000213623048,121.86000061035156,85150
2024-11-19 19:30:00+00:00,121.79000091552734,121.80139923095705,121.33000183105467,121.5500030517578,96884
2024-11-19 20:30:00+00:00,121.5500030517578,121.58000183105467,121.1999969482422,121.2300033569336,202094
2024-11-20 14:30:00+00:00,121.66999816894533,121.66999816894533,120.47599792480467,121.08999633789062,66331
2024-11-20 15:30:00+00:00,121.01499938964844,121.22000122070312,120.08999633789062,120.58999633789062,65774
2024-11-20 16:30:00+00:00,120.47000122070312,120.70999908447266,120.15129852294922,120.37000274658205,63879
2024-11-20 17:30:00+00:00,120.30999755859376,120.52999877929688,119.8499984741211,120.19499969482422,90976
2024-11-20 18:30:00+00:00,120.19499969482422,120.25,119.75,120.19499969482422,103893
2024-11-20 19:30:00+00:00,120.19499969482422,120.83000183105467,120.18000030517578,120.5,115324
2024-11-20 20:30:00+00:00,120.56500244140624,120.95999908447266,120.5500030517578,120.7699966430664,226095
2024-11-21 14:30:00+00:00,121.5199966430664,122.01000213623048,120.29000091552734,121.8000030517578,97935
2024-11-21 15:30:00+00:00,121.79519653320312,122.55999755859376,121.6500015258789,122.2249984741211,97662
2024-11-21 16:30:00+00:00,122.2249984741211,122.2699966430664,121.44000244140624,121.83999633789062,82760
2024-11-21 17:30:00+00:00,121.76000213623048,122.18000030517578,121.7300033569336,122.04000091552734,60466
2024-11-21 18:30:00+00:00,122.04499816894533,122.19000244140624,121.8499984741211,122.15499877929688,74757
2024-11-21 19:30:00+00:00,122.12000274658205,122.47000122070312,121.97000122070312,122.33000183105467,109964
2024-11-21 20:30:00+00:00,122.33999633789062,122.76699829101562,122.13999938964844,122.66000366210938,206248
2024-11-22 14:30:00+00:00,123.3000030517578,124.5500030517578,123.0,124.15499877929688,78561
2024-11-22 15:30:00+00:00,124.12999725341795,124.91999816894533,124.05999755859376,124.69000244140624,69482
2024-11-22 16:30:00+00:00,124.61000061035156,124.87999725341795,124.37149810791016,124.60749816894533,68273
2024-11-22 17:30:00+00:00,124.62999725341795,124.73999786376952,124.30999755859376,124.33999633789062,49299
2024-11-22 18:30:00+00:00,124.23999786376952,124.83000183105467,123.92340087890624,124.83000183105467,66117
2024-11-22 19:30:00+00:00,124.87000274658205,124.91000366210938,124.48999786376952,124.6999969482422,115667
2024-11-22 20:30:00+00:00,124.77999877929688,125.05999755859376,124.6500015258789,124.77999877929688,224240
2024-11-25 14:30:00+00:00,126.52999877929688,129.66000366210938,126.34500122070312,129.5749969482422,169474
2024-11-25 15:30:00+00:00,129.57000732421875,130.60000610351562,129.24000549316406,130.2283935546875,148992
2024-11-25 16:30:00+00:00,130.13999938964844,130.13999938964844,129.36500549316406,129.6999969482422,116653
2024-11-25 17:30:00+00:00,129.7100067138672,130.0800018310547,129.57000732421875,129.77999877929688,133605
2024-11-25 18:30:00+00:00,129.82000732421875,130.00999450683594,129.61000061035156,129.99819946289062,93457
2024-11-25 19:30:00+00:00,129.9875030517578,130.30999755859375,129.8950958251953,130.30999755859375,116772
2024-11-25 20:30:00+00:00,130.25,130.35000610351562,129.4199981689453,129.52999877929688,254563
2024-11-26 14:30:00+00:00,128.64999389648438,129.02499389648438,127.33999633789062,127.80999755859376,99205
2024-11-26 15:30:00+00:00,127.79499816894533,128.51499938964844,127.45999908447266,128.33999633789062,76695
2024-11-26 16:30:00+00:00,128.24000549316406,128.2899932861328,127.5199966430664,127.9000015258789,63740
2024-11-26 17:30:00+00:00,127.875,128.11000061035156,127.61000061035156,127.91999816894533,59886
2024-11-26 18:30:00+00:00,127.95999908447266,128.0,127.43000030517578,127.86499786376952,109903
2024-11-26 19:30:00+00:00,127.86000061035156,127.94000244140624,127.54000091552734,127.68000030517578,100909
2024-11-26 20:30:00+00:00,127.6750030517578,128.20899963378906,127.6500015258789,127.875,169546
2024-11-27 14:30:00+00:00,128.0,128.72999572753906,127.0999984741211,127.1500015258789,96893
2024-11-27 15:30:00+00:00,127.22000122070312,127.51000213623048,126.76000213623048,127.11000061035156,108304
2024-11-27 16:30:00+00:00,127.12000274658205,127.12000274658205,126.59010314941406,126.86000061035156,69913
2024-11-27 17:30:00+00:00,126.95500183105467,127.08999633789062,126.72000122070312,126.98999786376952,51123
2024-11-27 18:30:00+00:00,126.9499969482422,127.02999877929688,126.58999633789062,126.93000030517578,70742
2024-11-27 19:30:00+00:00,126.95999908447266,127.12999725341795,126.68000030517578,126.83999633789062,68755
2024-11-27 20:30:00+00:00,126.83000183105467,127.0,126.7300033569336,126.80999755859376,147964
2024-11-29 14:30:00+00:00,126.5199966430664,127.68000030517578,126.33000183105467,127.36000061035156,102478
2024-11-29 15:30:00+00:00,127.41000366210938,127.44830322265624,126.9499969482422,127.2300033569336,68911
2024-11-29 16:30:00+00:00,127.19000244140624,127.3000030517578,126.76129913330078,126.8499984741211,73339
2024-12-02 14:30:00+00:00,127.58999633789062,127.58999633789062,126.5500030517578,127.37000274658205,85608
2024-12-02 15:30:00+00:00,127.37000274658205,128.17999267578125,127.3550033569336,128.1300048828125,66043
2024-12-02 16:30:00+00:00,128.0500030517578,128.27000427246094,127.75,128.1300048828125,2014202
2024-12-02 17:30:00+00:00,128.13499450683594,128.52000427246094,128.10000610351562,128.50999450683594,72442
2024-12-02 18:30:00+00:00,128.50999450683594,128.5399932861328,127.7699966430664,127.95999908447266,75614
2024-12-02 19:30:00+00:00,127.96070098876952,128.18499755859375,127.41570281982422,127.62999725341795,114380
2024-12-02 20:30:00+00:00,127.58000183105467,127.87999725341795,127.41999816894533,127.56999969482422,331022
2024-12-03 14:30:00+00:00,127.25,127.51730346679688,126.1050033569336,127.33499908447266,87560
2024-12-03 15:30:00+00:00,127.38999938964844,127.38999938964844,126.22000122070312,126.5,68202
2024-12-03 16:30:00+00:00,126.48999786376952,127.23999786376952,126.26000213623048,127.20999908447266,78654
2024-12-03 17:30:00+00:00,127.16999816894533,127.41000366210938,127.08879852294922,127.3249969482422,66618
2024-12-03 18:30:00+00:00,127.3249969482422,127.91999816894533,127.30010223388672,127.63999938964844,106238
2024-12-03 19:30:00+00:00,127.61000061035156,127.81490325927734,127.53160095214844,127.56999969482422,80387
2024-12-03 20:30:00+00:00,127.52999877929688,127.5999984741211,127.23999786376952,127.37000274658205,146172
2024-12-04 14:30:00+00:00,126.73999786376952,127.38999938964844,125.9800033569336,126.35590362548828,80093
2024-12-04 15:30:00+00:00,126.43609619140624,126.9800033569336,126.20099639892578,126.91000366210938,71992
2024-12-04 16:30:00+00:00,127.0,127.5199966430664,126.9800033569336,126.9800033569336,55232
2024-12-04 17:30:00+00:00,127.0999984741211,127.17579650878906,126.58999633789062,126.631103515625,40499
2024-12-04 18:30:00+00:00,126.68499755859376,126.68499755859376,125.87000274658205,125.9250030517578,71208
2024-12-04 19:30:00+00:00,125.9291000366211,126.19000244140624,125.77999877929688,126.11000061035156,64387
2024-12-04 20:30:00+00:00,126.1156997680664,126.4499969482422,125.8499984741211,125.87999725341795,182265
2024-12-05 14:30:00+00:00,125.87000274658205,126.15499877929688,124.33999633789062,124.4800033569336,82258
2024-12-05 15:30:00+00:00,124.5,124.69000244140624,123.86000061035156,124.25,164652
2024-12-05 16:30:00+00:00,124.30999755859376,124.43499755859376,124.13999938964844,124.2699966430664,109754
2024-12-05 17:30:00+00:00,124.30999755859376,125.11000061035156,124.25,124.87999725341795,176408
2024-12-05 18:30:00+00:00,124.83999633789062,124.9800033569336,124.33000183105467,124.41999816894533,95636
2024-12-05 19:30:00+00:00,124.41000366210938,124.88500213623048,124.33999633789062,124.72000122070312,89623
2024-12-05 20:30:00+00:00,124.6999969482422,124.6999969482422,124.38999938964844,124.62999725341795,214401
2024-12-06 14:30:00+00:00,124.98999786376952,125.625,123.79000091552734,123.94879913330078,137686
2024-12-06 15:30:00+00:00,124.0999984741211,124.15499877929688,122.6999969482422,122.79499816894533,97783
2024-12-06 16:30:00+00:00,122.79499816894533,123.47000122070312,122.67019653320312,123.08999633789062,67932
2024-12-06 17:30:00+00:00,123.0500030517578,123.43000030517578,122.98500061035156,123.16000366210938,100338
2024-12-06 18:30:00+00:00,123.16000366210938,123.55999755859376,123.06999969482422,123.43990325927734,64252
2024-12-06 19:30:00+00:00,123.38500213623048,123.79989624023438,123.31999969482422,123.55999755859376,124760
2024-12-06 20:30:00+00:00,123.54499816894533,123.66000366210938,123.33999633789062,123.4499969482422,162431
2024-12-09 14:30:00+00:00,124.1999969482422,126.61737060546876,124.10269927978516,126.45999908447266,227477
2024-12-09 15:30:00+00:00,126.47000122070312,127.58000183105467,126.29000091552734,126.54000091552734,148347
2024-12-09 16:30:00+00:00,126.45999908447266,126.63500213623048,125.80999755859376,125.95999908447266,112293
2024-12-09 17:30:00+00:00,125.88999938964844,126.45500183105467,125.5801010131836,125.70819854736328,121961
2024-12-09 18:30:00+00:00,125.70999908447266,126.45999908447266,125.5,126.3499984741211,103041
2024-12-09 19:30:00+00:00,126.36000061035156,126.58309936523438,125.88999938964844,126.19000244140624,119476
2024-12-09 20:30:00+00:00,126.1500015258789,126.1500015258789,125.6500015258789,125.93000030517578,210113
2024-12-10 14:30:00+00:00,125.61000061035156,125.61000061035156,123.2300033569336,124.36499786376952,145269
2024-12-10 15:30:00+00:00,124.51000213623048,125.99500274658205,124.47000122070312,125.9800033569336,52000
2024-12-10 16:30:00+00:00,125.87000274658205,126.06999969482422,125.42610168457033,125.7300033569336,48542
2024-12-10 17:30:00+00:00,125.73999786376952,126.25,125.66000366210938,125.79000091552734,78002
2024-12-10 18:30:00+00:00,125.77999877929688,126.33999633789062,125.62000274658205,126.33999633789062,51370
2024-12-10 19:30:00+00:00,126.16999816894533,126.54000091552734,125.83100128173828,125.93000030517578,84497
2024-12-10 20:30:00+00:00,125.87999725341795,125.87999725341795,125.33999633789062,125.4000015258789,160604
2024-12-11 14:30:00+00:00,125.4800033569336,125.4800033569336,124.36000061035156,124.70500183105467,98150
2024-12-11 15:30:00+00:00,124.66000366210938,124.6750030517578,123.0999984741211,123.1500015258789,171853
2024-12-11 16:30:00+00:00,123.1750030517578,123.97000122070312,123.1750030517578,123.2300033569336,115377
2024-12-11 17:30:00+00:00,123.2300033569336,123.6050033569336,123.2300033569336,123.27549743652344,60020
2024-12-11 18:30:00+00:00,123.2300033569336,123.2750015258789,122.83000183105467,123.08000183105467,93368
2024-12-11 19:30:00+00:00,123.08499908447266,123.37000274658205,122.81999969482422,123.13999938964844,93945
2024-12-11 20:30:00+00:00,123.09500122070312,123.33999633789062,122.81999969482422,123.0,238144
2024-12-12 14:30:00+00:00,122.8499984741211,122.93499755859376,120.63999938964844,120.63999938964844,166282
2024-12-12 15:30:00+00:00,120.62010192871094,120.83999633789062,120.06999969482422,120.3499984741211,100170
2024-12-12 16:30:00+00:00,120.36319732666016,120.90499877929688,120.02010345458984,120.7300033569336,91005
2024-12-12 17:30:00+00:00,120.81999969482422,121.76000213623048,120.58000183105467,121.1999969482422,59680
2024-12-12 18:30:00+00:00,121.1999969482422,121.87999725341795,121.1999969482422,121.36000061035156,83193
2024-12-12 19:30:00+00:00,121.3499984741211,121.62000274658205,121.15519714355467,121.62000274658205,81095
2024-12-12 20:30:00+00:00,121.58499908447266,121.86000061035156,121.30999755859376,121.77999877929688,154634
2024-12-13 14:30:00+00:00,121.66000366210938,122.5,120.3301010131836,121.02999877929688,91400
2024-12-13 15:30:00+00:00,121.05500030517578,121.5500030517578,120.41000366210938,121.41010284423828,57489
2024-12-13 16:30:00+00:00,121.5,121.79000091552734,120.69000244140624,121.0199966430664,85369
2024-12-13 17:30:00+00:00,121.01000213623048,121.01000213623048,120.4800033569336,120.55999755859376,77172
2024-12-13 18:30:00+00:00,120.5625,120.7074966430664,120.27999877929688,120.63999938964844,88777
2024-12-13 19:30:00+00:00,120.62000274658205,121.02999877929688,120.61000061035156,120.65638732910156,101517
2024-12-13 20:30:00+00:00,120.66780090332033,121.33499908447266,120.66780090332033,121.20999908447266,145805
2024-12-16 14:30:00+00:00,121.1500015258789,121.37999725341795,119.37000274658205,121.1500015258789,151042
2024-12-16 15:30:00+00:00,120.99009704589844,121.37000274658205,120.4499969482422,120.4800033569336,79765
2024-12-16 16:30:00+00:00,120.5605010986328,120.56500244140624,119.72000122070312,119.87000274658205,92817
2024-12-16 17:30:00+00:00,119.73999786376952,119.87000274658205,118.95999908447266,119.17050170898438,107547
2024-12-16 18:30:00+00:00,119.2300033569336,119.3249969482422,118.94000244140624,118.9800033569336,121805
2024-12-16 19:30:00+00:00,118.9499969482422,119.38999938964844,118.72000122070312,119.04000091552734,212739
2024-12-16 20:30:00+00:00,119.01000213623048,119.05999755859376,118.51000213623048,118.56999969482422,253762
2024-12-17 14:30:00+00:00,117.97000122070312,119.6500015258789,117.43499755859376,119.16999816894533,160120
2024-12-17 15:30:00+00:00,119.01000213623048,119.07640075683594,118.05010223388672,118.11019897460938,68890
2024-12-17 16:30:00+00:00,118.11000061035156,118.63999938964844,117.83000183105467,118.36000061035156,63465
2024-12-17 17:30:00+00:00,118.31999969482422,118.87999725341795,118.27269744873048,118.84500122070312,116104
2024-12-17 18:30:00+00:00,118.83999633789062,119.18000030517578,118.62000274658205,118.90630340576172,127514
2024-12-17 19:30:00+00:00,118.87999725341795,118.88999938964844,118.26000213623048,118.38500213623048,140781
2024-12-17 20:30:00+00:00,118.33999633789062,118.55359649658205,117.98500061035156,118.47000122070312,294556
2024-12-18 14:30:00+00:00,118.3499984741211,119.52670288085938,117.78399658203124,119.37999725341795,216751
2024-12-18 15:30:00+00:00,119.37999725341795,119.6999969482422,118.36000061035156,118.85780334472656,68489
2024-12-18 16:30:00+00:00,118.88999938964844,118.93000030517578,118.33000183105467,118.70500183105467,64423
2024-12-18 17:30:00+00:00,118.70500183105467,118.7594985961914,117.9801025390625,118.0250015258789,56988
2024-12-18 18:30:00+00:00,118.06999969482422,119.0,118.0,118.23999786376952,196019
2024-12-18 19:30:00+00:00,118.1500015258789,118.6530990600586,116.6999969482422,117.02999877929688,174158
2024-12-18 20:30:00+00:00,117.08999633789062,117.09459686279295,115.52999877929688,115.58000183105467,241889
2024-12-19 14:30:00+00:00,115.63999938964844,117.1999969482422,115.22000122070312,115.43499755859376,131061
2024-12-19 15:30:00+00:00,115.41999816894533,115.7699966430664,114.8499984741211,115.61000061035156,183664
2024-12-19 16:30:00+00:00,115.6750030517578,115.96320343017578,115.20010375976562,115.8499984741211,99009
2024-12-19 17:30:00+00:00,115.80999755859376,115.94000244140624,115.41600036621094,115.87999725341795,95292
2024-12-19 18:30:00+00:00,115.8541030883789,115.88999938964844,115.31999969482422,115.45500183105467,113110
2024-12-19 19:30:00+00:00,115.5500030517578,115.77999877929688,115.2895965576172,115.37750244140624,134003
2024-12-19 20:30:00+00:00,115.36000061035156,115.45999908447266,114.54000091552734,114.62999725341795,210222
2024-12-20 14:30:00+00:00,114.36000061035156,115.83999633789062,113.4800033569336,114.23999786376952,304137
2024-12-20 15:30:00+00:00,114.33000183105467,115.1050033569336,113.83000183105467,114.9446029663086,84810
2024-12-20 16:30:00+00:00,114.97000122070312,116.51000213623048,114.97000122070312,116.33999633789062,90641
2024-12-20 17:30:00+00:00,116.31500244140624,116.61000061035156,115.82009887695312,115.9749984741211,104211
2024-12-20 18:30:00+00:00,115.95500183105467,116.62000274658205,115.95500183105467,116.45999908447266,137938
2024-12-20 19:30:00+00:00,116.54000091552734,116.66999816894533,115.87039947509766,116.0,137358
2024-12-20 20:30:00+00:00,116.04000091552734,116.58999633789062,115.4800033569336,115.80999755859376,270077
2024-12-23 14:30:00+00:00,114.8499984741211,115.7300033569336,114.37000274658205,115.70999908447266,117724
2024-12-23 15:30:00+00:00,115.6999969482422,115.93000030517578,115.34010314941406,115.46400451660156,112357
2024-12-23 16:30:00+00:00,115.43460083007812,116.04000091552734,115.31999969482422,115.71430206298828,100700
2024-12-23 17:30:00+00:00,115.81999969482422,116.16999816894533,115.35009765625,116.1500015258789,88462
2024-12-23 18:30:00+00:00,116.1449966430664,116.1999969482422,115.4800033569336,115.58999633789062,97559
2024-12-23 19:30:00+00:00,115.62000274658205,116.27999877929688,115.5749969482422,116.2300033569336,147470
2024-12-23 20:30:00+00:00,116.2300033569336,117.5,116.11000061035156,116.1999969482422,251761
2024-12-24 14:30:00+00:00,116.0999984741211,117.16000366210938,115.56500244140624,116.84500122070312,84043
2024-12-24 15:30:00+00:00,116.79000091552734,117.1697006225586,116.26000213623048,116.2699966430664,64963
2024-12-24 16:30:00+00:00,116.37999725341795,117.0,116.3427963256836,116.93499755859376,47612
2024-12-26 14:30:00+00:00,116.33000183105467,117.66000366210938,116.25,117.0,84270
2024-12-26 15:30:00+00:00,116.97000122070312,117.36000061035156,116.87000274658205,117.25499725341795,89117
2024-12-26 16:30:00+00:00,117.26000213623048,117.2750015258789,116.5,116.5500030517578,83515
2024-12-26 17:30:00+00:00,116.5500030517578,116.8000030517578,116.47000122070312,116.75,65147
2024-12-26 18:30:00+00:00,116.76000213623048,116.9185028076172,116.52999877929688,116.5824966430664,72658
2024-12-26 19:30:00+00:00,116.5500030517578,116.80500030517578,116.5,116.58000183105467,75225
2024-12-26 20:30:00+00:00,116.5500030517578,116.68000030517578,116.2249984741211,116.48999786376952,207747
2024-12-27 14:30:00+00:00,115.98999786376952,117.64990234375,115.60749816894533,116.48999786376952,72627
2024-12-27 15:30:00+00:00,116.59529876708984,116.97000122070312,116.37000274658205,116.80999755859376,77707
2024-12-27 16:30:00+00:00,116.75050354003906,117.16999816894533,116.11000061035156,116.4000015258789,129183
2024-12-27 17:30:00+00:00,116.4000015258789,116.6999969482422,116.27999877929688,116.47000122070312,54371
2024-12-27 18:30:00+00:00,116.45999908447266,116.9800033569336,116.33000183105467,116.88500213623048,43977
2024-12-27 19:30:00+00:00,116.87999725341795,117.2699966430664,116.81999969482422,116.86499786376952,139135
2024-12-27 20:30:00+00:00,116.86499786376952,117.27999877929688,116.8249969482422,117.01000213623048,168073
2024-12-30 14:30:00+00:00,116.19000244140624,116.64209747314452,115.33999633789062,115.69000244140624,213704
2024-12-30 15:30:00+00:00,115.68009948730467,116.2249984741211,115.58000183105467,116.02999877929688,142763
2024-12-30 16:30:00+00:00,115.98500061035156,116.4499969482422,115.8324966430664,116.37000274658205,108057
2024-12-30 17:30:00+00:00,116.37000274658205,116.68000030517578,116.22460174560548,116.40499877929688,100033
2024-12-30 18:30:00+00:00,116.37000274658205,116.69000244140624,116.31999969482422,116.6500015258789,112649
2024-12-30 19:30:00+00:00,116.63999938964844,117.00499725341795,116.54000091552734,116.86000061035156,152709
2024-12-30 20:30:00+00:00,116.86000061035156,116.9499969482422,115.79000091552734,115.81999969482422,251493
2024-12-31 14:30:00+00:00,116.11000061035156,117.45999908447266,116.11000061035156,117.11000061035156,114137
2024-12-31 15:30:00+00:00,117.16999816894533,117.4000015258789,116.63999938964844,116.73999786376952,82010
2024-12-31 16:30:00+00:00,116.72599792480467,116.8499984741211,116.16000366210938,116.2249984741211,72845
2024-12-31 17:30:00+00:00,116.2249984741211,116.76000213623048,116.08000183105467,116.41500091552734,71452
2024-12-31 18:30:00+00:00,116.41500091552734,116.88999938964844,116.20999908447266,116.4250030517578,72571
2024-12-31 19:30:00+00:00,116.37999725341795,116.69000244140624,116.2300033569336,116.62000274658205,78672
2024-12-31 20:30:00+00:00,116.62000274658205,116.875,116.48999786376952,116.81999969482422,205740
2025-01-02 14:30:00+00:00,117.36000061035156,118.83999633789062,117.25,117.91999816894533,118916
2025-01-02 15:30:00+00:00,117.83000183105467,117.9499969482422,117.19000244140624,117.68499755859376,122244
2025-01-02 16:30:00+00:00,117.7300033569336,117.98999786376952,117.51000213623048,117.51000213623048,80884
2025-01-02 17:30:00+00:00,117.4499969482422,117.4499969482422,116.7343978881836,116.86499786376952,70912
2025-01-02 18:30:00+00:00,116.86000061035156,116.86000061035156,116.20909881591795,116.46499633789062,94244
2025-01-02 19:30:00+00:00,116.41999816894533,116.47000122070312,115.87159729003906,116.37000274658205,89563
2025-01-02 20:30:00+00:00,116.3000030517578,116.33000183105467,115.89250183105467,116.0999984741211,263827
2025-01-03 14:30:00+00:00,116.30999755859376,116.49500274658205,114.85030364990234,116.06999969482422,143980
2025-01-03 15:30:00+00:00,116.12000274658205,116.33889770507812,115.3499984741211,115.59500122070312,131780
2025-01-03 16:30:00+00:00,115.66899871826172,116.7300033569336,115.59500122070312,116.18000030517578,113032
2025-01-03 17:30:00+00:00,116.13999938964844,116.70999908447266,116.12000274658205,116.70999908447266,54861
2025-01-03 18:30:00+00:00,116.77960205078124,116.9800033569336,116.52999877929688,116.71499633789062,59136
2025-01-03 19:30:00+00:00,116.76000213623048,117.22229766845705,116.73999786376952,117.05500030517578,96261
2025-01-03 20:30:00+00:00,117.0199966430664,117.13999938964844,116.39749908447266,116.83000183105467,216659
2025-01-06 14:30:00+00:00,117.13999938964844,118.43000030517578,116.87000274658205,118.33300018310548,132115
2025-01-06 15:30:00+00:00,118.29000091552734,119.0500030517578,118.12899780273438,118.81999969482422,159813
2025-01-06 16:30:00+00:00,118.8249969482422,119.1999969482422,118.52999877929688,118.88999938964844,192317
2025-01-06 17:30:00+00:00,118.93000030517578,119.06999969482422,118.58000183105467,118.58000183105467,99552
2025-01-06 18:30:00+00:00,118.58999633789062,118.70989990234376,117.98999786376952,117.98999786376952,70872
2025-01-06 19:30:00+00:00,117.9499969482422,118.06999969482422,117.29000091552734,117.56999969482422,74023
2025-01-06 20:30:00+00:00,117.5500030517578,117.7300033569336,117.27999877929688,117.37999725341795,176833
2025-01-07 14:30:00+00:00,118.25,119.23999786376952,117.75,118.18000030517578,96600
2025-01-07 15:30:00+00:00,118.0,118.68000030517578,117.72000122070312,117.84480285644533,87158
2025-01-07 16:30:00+00:00,117.98999786376952,118.27999877929688,117.6999969482422,118.0625,67455
2025-01-07 17:30:00+00:00,118.05500030517578,118.16999816894533,117.55999755859376,117.62329864501952,94369
2025-01-07 18:30:00+00:00,117.70999908447266,117.9000015258789,117.46009826660156,117.5999984741211,46867
2025-01-07 19:30:00+00:00,117.61000061035156,117.66999816894533,116.79000091552734,116.84500122070312,70095
2025-01-07 20:30:00+00:00,116.83999633789062,116.83999633789062,116.33000183105467,116.6500015258789,160485
2025-01-08 14:30:00+00:00,116.01000213623048,116.7300033569336,114.88999938964844,115.4843978881836,110336
2025-01-08 15:30:00+00:00,115.23999786376952,115.6999969482422,115.08000183105467,115.26499938964844,84982
2025-01-08 16:30:00+00:00,115.3000030517578,115.61000061035156,115.11000061035156,115.55999755859376,77951
2025-01-08 17:30:00+00:00,115.58499908447266,116.0199966430664,115.4000015258789,115.96499633789062,84894
2025-01-08 18:30:00+00:00,115.83999633789062,116.37000274658205,115.4499969482422,116.19000244140624,112940
2025-01-08 19:30:00+00:00,116.18329620361328,116.49019622802734,115.98999786376952,116.43000030517578,102418
2025-01-08 20:30:00+00:00,116.4000015258789,116.62000274658205,116.1624984741211,116.51000213623048,168224
2025-01-10 14:30:00+00:00,115.2300033569336,116.53500366210938,114.8000030517578,116.41500091552734,96822
2025-01-10 15:30:00+00:00,116.41500091552734,116.71499633789062,115.87000274658205,116.08999633789062,151065
2025-01-10 16:30:00+00:00,116.02999877929688,116.22000122070312,115.66999816894533,115.97000122070312,151709
2025-01-10 17:30:00+00:00,116.02999877929688,116.4000015258789,115.87870025634766,116.38999938964844,109558
2025-01-10 18:30:00+00:00,116.38999938964844,116.63999938964844,116.0999984741211,116.41500091552734,102765
2025-01-10 19:30:00+00:00,116.41500091552734,116.41500091552734,115.7699966430664,115.9000015258789,141821
2025-01-10 20:30:00+00:00,115.9499969482422,116.16000366210938,115.81999969482422,115.94000244140624,260832
2025-01-13 14:30:00+00:00,115.9499969482422,117.04830169677734,115.17150115966795,116.52999877929688,245221
2025-01-13 15:30:00+00:00,116.5500030517578,117.43000030517578,116.1750030517578,117.2300033569336,240513
2025-01-13 16:30:00+00:00,117.13999938964844,117.1500015258789,116.38999938964844,116.62000274658205,75731
2025-01-13 17:30:00+00:00,116.6426010131836,116.70819854736328,116.30999755859376,116.6449966430664,62568
2025-01-13 18:30:00+00:00,116.61000061035156,117.01000213623048,116.52999877929688,116.91419982910156,93901
2025-01-13 19:30:00+00:00,116.86000061035156,117.15129852294922,116.63999938964844,116.80999755859376,129386
2025-01-13 20:30:00+00:00,116.81500244140624,116.86000061035156,116.4800033569336,116.54000091552734,268243
2025-01-14 14:30:00+00:00,116.58000183105467,117.79499816894533,116.58000183105467,117.27999877929688,90854
2025-01-14 15:30:00+00:00,117.27999877929688,117.58999633789062,116.5199966430664,116.61000061035156,132936
2025-01-14 16:30:00+00:00,116.76499938964844,116.91999816894533,116.13999938964844,116.41999816894533,128384
2025-01-14 17:30:00+00:00,116.4800033569336,117.08000183105467,116.13999938964844,116.94000244140624,116304
2025-01-14 18:30:00+00:00,116.94000244140624,117.22000122070312,116.93000030517578,117.04000091552734,116800
2025-01-14 19:30:00+00:00,117.05999755859376,117.20999908447266,116.36000061035156,116.8000030517578,140023
2025-01-14 20:30:00+00:00,116.7925033569336,117.12999725341795,116.55999755859376,117.0199966430664,273599
2025-01-15 14:30:00+00:00,118.70999908447266,119.16000366210938,117.66000366210938,117.87000274658205,81093
2025-01-15 15:30:00+00:00,117.86499786376952,117.86499786376952,117.1999969482422,117.55819702148438,118729
2025-01-15 16:30:00+00:00,117.37000274658205,117.5,116.9800033569336,117.36750030517578,88117
2025-01-15 17:30:00+00:00,117.375,117.47000122070312,117.07119750976562,117.36000061035156,79025
2025-01-15 18:30:00+00:00,117.36000061035156,117.45999908447266,117.16000366210938,117.41000366210938,83989
2025-01-15 19:30:00+00:00,117.45999908447266,117.87000274658205,117.44000244140624,117.61000061035156,131032
2025-01-15 20:30:00+00:00,117.62000274658205,117.83000183105467,117.33000183105467,117.37999725341795,346832
2025-01-16 14:30:00+00:00,119.12000274658205,119.43499755859376,117.5999984741211,118.28500366210938,210034
2025-01-16 15:30:00+00:00,118.28500366210938,118.9000015258789,118.16500091552734,118.73429870605467,131783
2025-01-16 16:30:00+00:00,118.73999786376952,119.06999969482422,118.58000183105467,118.73500061035156,98929
2025-01-16 17:30:00+00:00,118.7300033569336,119.51000213623048,118.58000183105467,119.45999908447266,103508
2025-01-16 18:30:00+00:00,119.41000366210938,119.9800033569336,119.33000183105467,119.37000274658205,216836
2025-01-16 19:30:00+00:00,119.3949966430664,119.62999725341795,119.0999984741211,119.33999633789062,286538
2025-01-16 20:30:00+00:00,119.37999725341795,119.83999633789062,119.2699966430664,119.41000366210938,351139
2025-01-17 14:30:00+00:00,118.0,119.0,116.58999633789062,118.5250015258789,412354
2025-01-17 15:30:00+00:00,118.5250015258789,118.73999786376952,118.08000183105467,118.55999755859376,199060
2025-01-17 16:30:00+00:00,118.41000366210938,119.07369995117188,118.41000366210938,118.55269622802734,169375
2025-01-17 17:30:00+00:00,118.5500030517578,118.83999633789062,118.3499984741211,118.5500030517578,130635
2025-01-17 18:30:00+00:00,118.5500030517578,118.88999938964844,118.01000213623048,118.0250015258789,114956
2025-01-17 19:30:00+00:00,117.97000122070312,118.29000091552734,117.61000061035156,117.98999786376952,167358
2025-01-17 20:30:00+00:00,118.00990295410156,118.72000122070312,117.87999725341795,118.5199966430664,471429
2025-01-21 14:30:00+00:00,118.5199966430664,119.6583023071289,118.05999755859376,119.0,216782
2025-01-21 15:30:00+00:00,119.0,119.69000244140624,118.62000274658205,119.69000244140624,149059
2025-01-21 16:30:00+00:00,119.66000366210938,119.80999755859376,118.93000030517578,119.2249984741211,163502
2025-01-21 17:30:00+00:00,119.19000244140624,119.3926010131836,118.93840026855467,119.29000091552734,138554
2025-01-21 18:30:00+00:00,119.30999755859376,119.8000030517578,119.1500015258789,119.4885025024414,148782
2025-01-21 19:30:00+00:00,119.54000091552734,119.9499969482422,119.54000091552734,119.9499969482422,159270
2025-01-21 20:30:00+00:00,119.9499969482422,120.4000015258789,119.76000213623048,120.06999969482422,236643
2025-01-22 14:30:00+00:00,120.22000122070312,120.22000122070312,118.27999877929688,119.27110290527344,176819
2025-01-22 15:30:00+00:00,119.25499725341795,119.48249816894533,118.29000091552734,118.4875030517578,433667
2025-01-22 16:30:00+00:00,118.4499969482422,118.68499755859376,115.96499633789062,116.23500061035156,851041
2025-01-22 17:30:00+00:00,116.23500061035156,116.51000213623048,115.54499816894533,116.3000030517578,595975
2025-01-22 18:30:00+00:00,116.29000091552734,117.0500030517578,116.2300033569336,116.61000061035156,634420
2025-01-22 19:30:00+00:00,116.57009887695312,116.98999786376952,116.37000274658205,116.81999969482422,548033
2025-01-22 20:30:00+00:00,116.80500030517578,117.73999786376952,116.6510009765625,117.6500015258789,608692
2025-01-23 14:30:00+00:00,118.51000213623048,118.8000030517578,117.37000274658205,117.48500061035156,141630
2025-01-23 15:30:00+00:00,117.4000015258789,118.87999725341795,117.08000183105467,118.59500122070312,148686
2025-01-23 16:30:00+00:00,118.52999877929688,118.66000366210938,118.16999816894533,118.42009735107422,136457
2025-01-23 17:30:00+00:00,118.45999908447266,118.5999984741211,118.18000030517578,118.28500366210938,101319
2025-01-23 18:30:00+00:00,118.28500366210938,118.32990264892578,117.93000030517578,118.01499938964844,101421
2025-01-23 19:30:00+00:00,117.97000122070312,118.30999755859376,117.87999725341795,118.1449966430664,165619
2025-01-23 20:30:00+00:00,118.1449966430664,118.3499984741211,118.08000183105467,118.3000030517578,235909
2025-01-24 14:30:00+00:00,118.1999969482422,118.59500122070312,117.12000274658205,117.22000122070312,148430
2025-01-24 15:30:00+00:00,117.20999908447266,117.29219818115234,116.63999938964844,117.12999725341795,138149
2025-01-24 16:30:00+00:00,117.12000274658205,117.71119689941406,117.07160186767578,117.52999877929688,130137
2025-01-24 17:30:00+00:00,117.54000091552734,117.88999938964844,117.23999786376952,117.23999786376952,110840
2025-01-24 18:30:00+00:00,117.23999786376952,117.45999908447266,117.1500015258789,117.1999969482422,164549
2025-01-24 19:30:00+00:00,117.20999908447266,117.37000274658205,116.83000183105467,117.01000213623048,194032
2025-01-24 20:30:00+00:00,117.0199966430664,117.29000091552734,116.88999938964844,117.22000122070312,236857
2025-01-27 14:30:00+00:00,117.95999908447266,120.27999877929688,117.95999908447266,119.97000122070312,274760
2025-01-27 15:30:00+00:00,119.93000030517578,120.1500015258789,118.41000366210938,119.3499984741211,169204
2025-01-27 16:30:00+00:00,119.38999938964844,120.15499877929688,119.04000091552734,120.1374969482422,164939
2025-01-27 17:30:00+00:00,120.16000366210938,120.23999786376952,119.29000091552734,119.37000274658205,191022
2025-01-27 18:30:00+00:00,119.30999755859376,119.4499969482422,118.9000015258789,119.43000030517578,129124
2025-01-27 19:30:00+00:00,119.45989990234376,119.84200286865234,119.1999969482422,119.68499755859376,172123
2025-01-27 20:30:00+00:00,119.68000030517578,120.19000244140624,119.44000244140624,120.13999938964844,317594
2025-01-28 14:30:00+00:00,119.43000030517578,119.43000030517578,118.26000213623048,119.08499908447266,106771
2025-01-28 15:30:00+00:00,119.0500030517578,119.58000183105467,118.6500015258789,118.69499969482422,125921
2025-01-28 16:30:00+00:00,118.69499969482422,118.69750213623048,117.6750030517578,117.91999816894533,86752
2025-01-28 17:30:00+00:00,117.97000122070312,118.20999908447266,117.83999633789062,117.8499984741211,61259
2025-01-28 18:30:00+00:00,117.88999938964844,118.0,117.5199966430664,117.58000183105467,104091
2025-01-28 19:30:00+00:00,117.58000183105467,118.23999786376952,117.5,118.1501007080078,284944
2025-01-28 20:30:00+00:00,118.1500015258789,118.18000030517578,117.2300033569336,117.33000183105467,434793
2025-01-29 14:30:00+00:00,117.12999725341795,117.47000122070312,116.1999969482422,117.16999816894533,362456
2025-01-29 15:30:00+00:00,117.16999816894533,117.44000244140624,116.9000015258789,117.01000213623048,148934
2025-01-29 16:30:00+00:00,117.0500030517578,117.61000061035156,116.96499633789062,117.43000030517578,111370
2025-01-29 17:30:00+00:00,117.45999908447266,117.51499938964844,117.0500030517578,117.26499938964844,103830
2025-01-29 18:30:00+00:00,117.29000091552734,117.61000061035156,116.1500015258789,116.31999969482422,105895
2025-01-29 19:30:00+00:00,116.27999877929688,116.7300033569336,115.83000183105467,116.12000274658205,170801
2025-01-29 20:30:00+00:00,116.13500213623048,116.73999786376952,116.08999633789062,116.31999969482422,388455
2025-01-30 14:30:00+00:00,117.0,117.83999633789062,116.55999755859376,117.35250091552734,158002
2025-01-30 15:30:00+00:00,117.37999725341795,118.13999938964844,117.37999725341795,118.06749725341795,92625
2025-01-30 16:30:00+00:00,118.22000122070312,118.37999725341795,117.72000122070312,117.72000122070312,128359
2025-01-30 17:30:00+00:00,117.71499633789062,118.30999755859376,117.6999969482422,118.26750183105467,94989
2025-01-30 18:30:00+00:00,118.33000183105467,118.5199966430664,118.11000061035156,118.2750015258789,82459
2025-01-30 19:30:00+00:00,118.2750015258789,118.30999755859376,118.0,118.08499908447266,198957
2025-01-30 20:30:00+00:00,118.05999755859376,118.38999938964844,117.29000091552734,118.1500015258789,294000
2025-01-31 14:30:00+00:00,117.43000030517578,117.61000061035156,116.91999816894533,117.5199966430664,162170
2025-01-31 15:30:00+00:00,117.5250015258789,117.86000061035156,117.29000091552734,117.5875015258789,132368
2025-01-31 16:30:00+00:00,117.6500015258789,118.1760025024414,117.61000061035156,118.0500030517578,106305
2025-01-31 17:30:00+00:00,118.11000061035156,118.2300033569336,117.45999908447266,117.54900360107422,83717
2025-01-31 18:30:00+00:00,117.41999816894533,117.48600006103516,116.26000213623048,116.37079620361328,93793
2025-01-31 19:30:00+00:00,116.48999786376952,116.63500213623048,115.79000091552734,115.83000183105467,132321
2025-01-31 20:30:00+00:00,115.86499786376952,116.30999755859376,115.77999877929688,116.23999786376952,261991
2025-02-03 14:30:00+00:00,114.43000030517578,115.33999633789062,113.29000091552734,115.28500366210938,153815
2025-02-03 15:30:00+00:00,115.33999633789062,115.83000183105467,115.2699966430664,115.66000366210938,101384
2025-02-03 16:30:00+00:00,115.75,116.0,115.29000091552734,115.8499984741211,121812
2025-02-03 17:30:00+00:00,115.80999755859376,115.88999938964844,115.41999816894533,115.66999816894533,102755
2025-02-03 18:30:00+00:00,115.69000244140624,115.97000122070312,115.56999969482422,115.76499938964844,88273
2025-02-03 19:30:00+00:00,115.76499938964844,116.12999725341795,115.7300033569336,116.04000091552734,134536
2025-02-03 20:30:00+00:00,116.0199966430664,116.375,115.87999725341795,115.93000030517578,253477
2025-02-04 14:30:00+00:00,115.33999633789062,117.91999816894533,115.33999633789062,117.21499633789062,147408
2025-02-04 15:30:00+00:00,117.22000122070312,118.18000030517578,117.22000122070312,118.12999725341795,135865
2025-02-04 16:30:00+00:00,118.16500091552734,118.23999786376952,117.7300033569336,117.8499984741211,158286
2025-02-04 17:30:00+00:00,117.83499908447266,118.0749969482422,117.5,117.58499908447266,83261
2025-02-04 18:30:00+00:00,117.5199966430664,117.83000183105467,117.3499984741211,117.72000122070312,127479
2025-02-04 19:30:00+00:00,117.72000122070312,117.94000244140624,117.38999938964844,117.43000030517578,179912
2025-02-04 20:30:00+00:00,117.43000030517578,117.8499984741211,117.3249969482422,117.5199966430664,258892
2025-02-05 14:30:00+00:00,117.98999786376952,118.8000030517578,117.55999755859376,118.5,156292
2025-02-05 15:30:00+00:00,118.48999786376952,118.70999908447266,118.0,118.30999755859376,172548
2025-02-05 16:30:00+00:00,118.33499908447266,118.56999969482422,118.1500015258789,118.31999969482422,141909
2025-02-05 17:30:00+00:00,118.33000183105467,118.62000274658205,118.16999816894533,118.5199966430664,115252
2025-02-05 18:30:00+00:00,118.52999877929688,118.8000030517578,118.41999816894533,118.49500274658205,144230
2025-02-05 19:30:00+00:00,118.51000213623048,118.63999938964844,118.34700012207033,118.5,208715
2025-02-05 20:30:00+00:00,118.5,118.5999984741211,118.2300033569336,118.33999633789062,364712
2025-02-06 14:30:00+00:00,119.08999633789062,120.1999969482422,118.80500030517578,119.87999725341795,202345
2025-02-06 15:30:00+00:00,119.8249969482422,119.91000366210938,119.0500030517578,119.06999969482422,203478
2025-02-06 16:30:00+00:00,119.12999725341795,119.18000030517578,117.9000015258789,117.9000015258789,168289
2025-02-06 17:30:00+00:00,117.95999908447266,118.58000183105467,117.91500091552734,118.16999816894533,151562
2025-02-06 18:30:00+00:00,118.16500091552734,118.33000183105467,117.3499984741211,117.375,104989
2025-02-06 19:30:00+00:00,117.37000274658205,117.7699966430664,117.16000366210938,117.7300033569336,220207
2025-02-06 20:30:00+00:00,117.7300033569336,118.1125030517578,117.43000030517578,118.04000091552734,425089
2025-02-07 14:30:00+00:00,117.98999786376952,119.5,117.68000030517578,119.19499969482422,225199
2025-02-07 15:30:00+00:00,119.11000061035156,119.673095703125,117.46749877929688,117.62100219726562,276121
2025-02-07 16:30:00+00:00,117.62999725341795,118.12999725341795,117.1500015258789,117.6999969482422,124936
2025-02-07 17:30:00+00:00,117.68499755859376,117.9800033569336,117.33000183105467,117.43499755859376,115326
2025-02-07 18:30:00+00:00,117.43499755859376,117.8144989013672,117.4000015258789,117.52999877929688,150547
2025-02-07 19:30:00+00:00,117.5250015258789,117.8000030517578,117.1999969482422,117.38999938964844,101519
2025-02-07 20:30:00+00:00,117.41000366210938,117.9250030517578,117.41000366210938,117.7699966430664,216437
2025-02-10 14:30:00+00:00,118.56999969482422,118.68000030517578,117.56999969482422,118.08499908447266,266157
2025-02-10 15:30:00+00:00,118.12000274658205,118.66000366210938,117.7699966430664,118.11000061035156,124705
2025-02-10 16:30:00+00:00,118.1500015258789,118.50990295410156,117.9499969482422,118.3499984741211,139696
2025-02-10 17:30:00+00:00,118.37000274658205,118.75,118.33999633789062,118.71600341796876,104884
2025-02-10 18:30:00+00:00,118.69000244140624,118.8000030517578,118.52999877929688,118.66999816894533,99664
2025-02-10 19:30:00+00:00,118.66999816894533,119.06999969482422,118.5,118.9499969482422,209894
2025-02-10 20:30:00+00:00,118.9280014038086,118.93509674072266,118.31500244140624,118.44000244140624,290619
2025-02-11 14:30:00+00:00,117.36000061035156,119.97000122070312,117.36000061035156,119.77999877929688,193726
2025-02-11 15:30:00+00:00,119.77999877929688,121.20999908447266,119.43000030517578,121.0199966430664,434007
2025-02-11 16:30:00+00:00,121.0199966430664,121.28700256347656,120.8499984741211,121.1999969482422,198468
2025-02-11 17:30:00+00:00,121.15499877929688,121.30999755859376,120.9800033569336,121.05999755859376,146886
2025-02-11 18:30:00+00:00,121.08999633789062,121.37999725341795,120.98999786376952,121.29499816894533,186388
2025-02-11 19:30:00+00:00,121.3499984741211,121.70999908447266,121.2699966430664,121.6999969482422,185335
2025-02-11 20:30:00+00:00,121.70500183105467,122.01000213623048,121.43000030517578,121.73999786376952,343825
2025-02-12 14:30:00+00:00,120.0999984741211,121.44000244140624,120.0999984741211,121.0199966430664,175850
2025-02-12 15:30:00+00:00,121.06500244140624,121.55999755859376,120.5199966430664,120.97000122070312,137217
2025-02-12 16:30:00+00:00,120.94000244140624,121.8499984741211,120.83999633789062,121.80500030517578,144292
2025-02-12 17:30:00+00:00,121.8000030517578,122.2300033569336,121.8000030517578,121.9800033569336,128122
2025-02-12 18:30:00+00:00,121.9800033569336,122.29000091552734,121.54000091552734,121.7300033569336,127601
2025-02-12 19:30:00+00:00,121.7228012084961,122.04000091552734,121.68000030517578,121.8550033569336,113127
2025-02-12 20:30:00+00:00,121.81999969482422,122.3000030517578,121.81999969482422,122.26000213623048,231864
2025-02-13 14:30:00+00:00,123.0999984741211,124.0199966430664,122.45999908447266,123.39250183105467,197592
2025-02-13 15:30:00+00:00,123.37000274658205,123.6500015258789,123.0999984741211,123.54000091552734,204045
2025-02-13 16:30:00+00:00,123.53500366210938,124.33999633789062,123.53500366210938,123.90499877929688,254128
2025-02-13 17:30:00+00:00,123.97000122070312,124.04989624023438,123.37999725341795,124.02999877929688,108042
2025-02-13 18:30:00+00:00,124.06500244140624,124.26000213623048,123.4749984741211,124.12000274658205,110028
2025-02-13 19:30:00+00:00,124.12999725341795,124.3000030517578,123.95999908447266,124.27999877929688,122309
2025-02-13 20:30:00+00:00,124.27999877929688,124.8000030517578,124.1969985961914,124.66999816894533,272623
2025-02-14 14:30:00+00:00,125.37999725341795,126.68499755859376,124.4000015258789,124.58999633789062,275271
2025-02-14 15:30:00+00:00,124.58999633789062,124.8499984741211,124.12999725341795,124.53500366210938,213081
2025-02-14 16:30:00+00:00,124.51000213623048,124.72000122070312,124.33999633789062,124.47000122070312,162034
2025-02-14 17:30:00+00:00,124.4800033569336,124.5500030517578,124.18000030517578,124.43499755859376,116078
2025-02-14 18:30:00+00:00,124.41999816894533,124.7699966430664,124.4000015258789,124.5500030517578,146044
2025-02-14 19:30:00+00:00,124.58499908447266,125.2300033569336,124.5541000366211,125.16500091552734,251407
2025-02-14 20:30:00+00:00,125.16500091552734,125.31999969482422,124.62999725341795,124.87999725341795,432685
2025-02-18 14:30:00+00:00,124.37999725341795,124.37999725341795,118.61000061035156,119.3000030517578,615721
2025-02-18 15:30:00+00:00,119.29000091552734,121.0500030517578,119.02790069580078,120.12000274658205,318896
2025-02-18 16:30:00+00:00,120.11000061035156,121.18000030517578,120.02999877929688,120.97000122070312,240963
2025-02-18 17:30:00+00:00,120.95500183105467,122.33999633789062,120.94000244140624,122.16999816894533,344819
2025-02-18 18:30:00+00:00,122.22000122070312,122.22000122070312,120.9000015258789,121.12960052490234,317885
2025-02-18 19:30:00+00:00,121.08999633789062,121.87999725341795,120.56999969482422,121.4000015258789,320035
2025-02-18 20:30:00+00:00,121.4000015258789,121.9800033569336,121.33499908447266,121.62999725341795,521119
2025-02-19 14:30:00+00:00,120.33999633789062,121.6500015258789,119.5,121.56999969482422,274316
2025-02-19 15:30:00+00:00,121.70999908447266,122.23999786376952,121.20010375976562,121.3949966430664,142232
2025-02-19 16:30:00+00:00,121.37999725341795,121.70999908447266,121.26000213623048,121.48999786376952,128549
2025-02-19 17:30:00+00:00,121.48500061035156,121.81999969482422,121.16999816894533,121.70999908447266,107057
2025-02-19 18:30:00+00:00,121.76499938964844,122.51000213623048,121.7300033569336,122.51000213623048,123700
2025-02-19 19:30:00+00:00,122.51000213623048,122.55999755859376,121.9459991455078,122.18000030517578,186312
2025-02-19 20:30:00+00:00,122.19000244140624,122.23999786376952,121.75,122.0500030517578,450223
2025-02-20 14:30:00+00:00,122.70999908447266,123.8249969482422,121.70999908447266,123.0438995361328,173606
2025-02-20 15:30:00+00:00,122.9800033569336,123.56999969482422,122.91999816894533,123.1500015258789,130203
2025-02-20 16:30:00+00:00,123.15499877929688,123.25,122.56999969482422,123.22000122070312,144498
2025-02-20 17:30:00+00:00,123.22000122070312,123.37000274658205,122.97000122070312,123.16999816894533,99516
2025-02-20 18:30:00+00:00,123.12999725341795,123.56999969482422,123.0999984741211,123.22000122070312,127763
2025-02-20 19:30:00+00:00,123.23999786376952,123.37999725341795,123.02999877929688,123.30500030517578,188423
2025-02-20 20:30:00+00:00,123.33000183105467,123.51000213623048,123.16999816894533,123.2699966430664,407225
2025-02-21 14:30:00+00:00,123.51000213623048,123.51000213623048,122.23999786376952,122.31500244140624,111699
2025-02-21 15:30:00+00:00,122.31500244140624,122.52300262451172,121.94000244140624,122.43000030517578,120757
2025-02-21 16:30:00+00:00,122.4250030517578,122.75,122.34010314941406,122.62000274658205,94651
2025-02-21 17:30:00+00:00,122.62000274658205,122.7249984741211,122.08000183105467,122.33000183105467,146601
2025-02-21 18:30:00+00:00,122.29000091552734,122.4499969482422,122.05999755859376,122.24500274658205,128615
2025-02-21 19:30:00+00:00,122.27999877929688,122.5199966430664,121.9739990234375,122.26000213623048,158100
2025-02-21 20:30:00+00:00,122.29000091552734,122.43000030517578,121.61000061035156,121.62999725341795,252473
2025-02-24 14:30:00+00:00,121.8000030517578,122.26000213623048,120.50489807128906,122.12999725341795,105236
2025-02-24 15:30:00+00:00,121.95999908447266,122.13500213623048,121.6710968017578,121.98500061035156,102179
2025-02-24 16:30:00+00:00,122.0500030517578,122.37999725341795,122.0500030517578,122.08999633789062,79403
2025-02-24 17:30:00+00:00,122.08499908447266,122.43000030517578,122.0500030517578,122.1999969482422,47802
2025-02-24 18:30:00+00:00,122.12999725341795,122.51000213623048,121.9000015258789,122.37000274658205,127896
2025-02-24 19:30:00+00:00,122.37000274658205,122.52999877929688,122.0500030517578,122.0500030517578,148739
2025-02-24 20:30:00+00:00,122.0500030517578,122.3000030517578,121.91999816894533,122.2300033569336,265146
2025-02-25 14:30:00+00:00,122.69000244140624,123.83999633789062,122.41570281982422,123.68000030517578,109254
2025-02-25 15:30:00+00:00,123.5999984741211,124.2699966430664,123.19000244140624,123.83999633789062,104660
2025-02-25 16:30:00+00:00,123.77999877929688,123.97000122070312,123.5199966430664,123.91000366210938,100734
2025-02-25 17:30:00+00:00,123.9000015258789,124.14070129394533,123.54000091552734,123.6500015258789,99911
2025-02-25 18:30:00+00:00,123.59500122070312,123.8000030517578,122.73999786376952,122.9801025390625,123771
2025-02-25 19:30:00+00:00,123.05999755859376,123.69989776611328,123.0,123.06999969482422,85128
2025-02-25 20:30:00+00:00,123.03500366210938,123.41000366210938,122.7300033569336,123.13999938964844,338645
2025-02-26 14:30:00+00:00,123.3499984741211,123.5500030517578,122.68000030517578,123.5500030517578,157761
2025-02-26 15:30:00+00:00,123.52999877929688,123.61000061035156,122.2699966430664,122.48999786376952,175333
2025-02-26 16:30:00+00:00,122.41000366210938,122.8000030517578,121.5,121.8249969482422,281950
2025-02-26 17:30:00+00:00,121.82119750976562,121.97000122070312,121.12999725341795,121.75440216064452,170819
2025-02-26 18:30:00+00:00,121.7750015258789,121.9000015258789,121.5,121.69000244140624,143299
2025-02-26 19:30:00+00:00,121.70500183105467,122.06999969482422,121.66999816894533,121.77999877929688,258276
2025-02-26 20:30:00+00:00,121.72000122070312,122.23999786376952,121.69000244140624,122.12000274658205,441655
2025-02-27 14:30:00+00:00,121.86000061035156,122.8249969482422,121.51000213623048,122.5500030517578,109965
2025-02-27 15:30:00+00:00,122.50250244140624,122.9000015258789,122.37359619140624,122.77999877929688,110603
2025-02-27 16:30:00+00:00,122.71499633789062,122.87000274658205,122.41999816894533,122.8499984741211,79042
2025-02-27 17:30:00+00:00,122.93000030517578,123.25,122.91999816894533,123.1050033569336,58105
2025-02-27 18:30:00+00:00,123.08999633789062,123.3000030517578,123.06999969482422,123.20500183105467,100013
2025-02-27 19:30:00+00:00,123.16000366210938,123.1999969482422,122.34500122070312,122.36000061035156,114314
2025-02-27 20:30:00+00:00,122.37000274658205,123.0500030517578,122.3499984741211,122.70999908447266,324738
2025-02-28 14:30:00+00:00,123.62999725341795,124.8499984741211,123.62999725341795,124.0500030517578,117651
2025-02-28 15:30:00+00:00,124.0500030517578,124.83000183105467,123.98500061035156,124.8000030517578,161778
2025-02-28 16:30:00+00:00,124.76439666748048,125.04000091552734,124.63999938964844,124.6999969482422,124879
2025-02-28 17:30:00+00:00,124.66000366210938,124.66000366210938,123.8499984741211,123.97000122070312,174901
2025-02-28 18:30:00+00:00,123.9800033569336,124.13999938964844,123.66999816894533,123.94000244140624,103364
2025-02-28 19:30:00+00:00,123.9499969482422,124.45999908447266,123.9499969482422,124.41999816894533,201681
2025-02-28 20:30:00+00:00,124.41999816894533,125.03500366210938,124.33100128173828,124.87999725341795,252450
2025-03-03 14:30:00+00:00,125.75,126.7300033569336,125.37999725341795,126.54000091552734,171541
2025-03-03 15:30:00+00:00,126.54000091552734,126.76000213623048,125.70999908447266,125.73999786376952,157080
2025-03-03 16:30:00+00:00,125.6500015258789,126.22000122070312,125.58000183105467,126.08000183105467,135820
2025-03-03 17:30:00+00:00,125.98999786376952,126.11000061035156,124.77999877929688,124.83000183105467,164805
2025-03-03 18:30:00+00:00,124.83999633789062,125.04000091552734,124.33999633789062,124.3949966430664,104098
2025-03-03 19:30:00+00:00,124.41000366210938,124.69000244140624,123.61000061035156,123.81999969482422,231285
2025-03-03 20:30:00+00:00,123.81999969482422,124.16999816894533,123.6500015258789,124.0,475739
2025-03-04 14:30:00+00:00,123.01000213623048,123.97000122070312,122.45999908447266,123.01580047607422,183775
2025-03-04 15:30:00+00:00,123.16000366210938,123.62999725341795,122.83999633789062,123.41999816894533,136384
2025-03-04 16:30:00+00:00,123.48999786376952,123.93000030517578,123.18000030517578,123.86000061035156,92438
2025-03-04 17:30:00+00:00,123.9000015258789,124.13999938964844,123.68000030517578,123.76499938964844,83782
2025-03-04 18:30:00+00:00,123.76499938964844,124.69000244140624,123.65499877929688,124.1050033569336,111863
2025-03-04 19:30:00+00:00,124.0500030517578,124.31999969482422,123.70999908447266,123.9800033569336,128723
2025-03-04 20:30:00+00:00,123.95500183105467,123.95500183105467,122.88999938964844,122.9499969482422,371302
2025-03-05 14:30:00+00:00,122.8000030517578,124.2750015258789,122.79000091552734,122.97000122070312,92366
2025-03-05 15:30:00+00:00,122.95999908447266,123.5199966430664,122.83000183105467,122.98999786376952,85297
2025-03-05 16:30:00+00:00,122.91999816894533,123.2300033569336,122.41999816894533,123.20500183105467,81901
2025-03-05 17:30:00+00:00,123.26000213623048,123.75499725341795,123.2300033569336,123.61000061035156,98079
2025-03-05 18:30:00+00:00,123.61000061035156,124.58000183105467,123.40499877929688,124.5,96960
2025-03-05 19:30:00+00:00,124.53500366210938,124.5999984741211,124.18000030517578,124.30999755859376,123260
2025-03-05 20:30:00+00:00,124.29000091552734,124.30500030517578,123.43000030517578,123.62999725341795,237098
2025-03-06 14:30:00+00:00,120.93000030517578,124.47000122070312,120.56999969482422,124.29499816894533,159187
2025-03-06 15:30:00+00:00,124.29499816894533,124.88999938964844,124.08000183105467,124.8499984741211,82162
2025-03-06 16:30:00+00:00,124.84500122070312,125.00499725341795,124.13999938964844,124.58999633789062,102970
2025-03-06 17:30:00+00:00,124.63999938964844,125.16000366210938,124.1365966796875,125.0199966430664,110619
2025-03-06 18:30:00+00:00,124.99500274658205,125.27999877929688,124.3499984741211,125.16000366210938,139985
2025-03-06 19:30:00+00:00,125.12000274658205,125.9990005493164,125.0199966430664,125.87999725341795,117319
2025-03-06 20:30:00+00:00,125.9499969482422,126.3550033569336,125.83999633789062,125.93000030517578,219541
2025-03-07 14:30:00+00:00,124.56999969482422,125.75499725341795,123.87999725341795,125.70999908447266,153969
2025-03-07 15:30:00+00:00,125.5500030517578,126.02999877929688,125.0,125.56500244140624,128540
2025-03-07 16:30:00+00:00,125.50499725341795,125.62000274658205,124.94000244140624,125.2699966430664,135330
2025-03-07 17:30:00+00:00,125.26000213623048,126.73999786376952,125.26000213623048,126.1750030517578,131053
2025-03-07 18:30:00+00:00,126.16500091552734,127.6999969482422,126.08000183105467,127.5500030517578,179002
2025-03-07 19:30:00+00:00,127.5500030517578,127.81500244140624,126.67009735107422,127.3000030517578,177753
2025-03-07 20:30:00+00:00,127.23999786376952,127.6500015258789,126.6999969482422,127.16000366210938,254063
2025-03-10 13:30:00+00:00,127.41999816894533,130.61000061035156,126.16649627685548,130.61000061035156,223808
2025-03-10 14:30:00+00:00,130.6699981689453,131.97999572753906,130.47500610351562,131.32000732421875,168112
2025-03-10 15:30:00+00:00,131.3300018310547,131.3300018310547,130.10000610351562,130.3986053466797,146361
2025-03-10 16:30:00+00:00,130.42999267578125,130.72999572753906,130.0800018310547,130.5050048828125,96267
2025-03-10 17:30:00+00:00,130.5050048828125,130.5050048828125,129.32000732421875,129.4600067138672,121331
2025-03-10 18:30:00+00:00,129.39999389648438,129.47000122070312,128.24000549316406,128.8800048828125,184798
2025-03-10 19:30:00+00:00,128.9550018310547,129.72999572753906,128.86000061035156,129.0399932861328,302658
2025-03-11 13:30:00+00:00,128.0800018310547,128.0800018310547,124.8499984741211,126.09500122070312,309365
2025-03-11 14:30:00+00:00,126.13999938964844,126.3499984741211,125.18000030517578,125.30500030517578,436195
2025-03-11 15:30:00+00:00,125.21219635009766,125.2699966430664,124.16000366210938,124.48999786376952,172847
2025-03-11 16:30:00+00:00,124.61000061035156,125.06999969482422,124.3499984741211,124.41999816894533,152451
2025-03-11 17:30:00+00:00,124.5,124.72000122070312,124.12000274658205,124.55999755859376,124185
2025-03-11 18:30:00+00:00,124.55999755859376,125.27999877929688,124.1999969482422,124.45999908447266,199127
2025-03-11 19:30:00+00:00,124.41000366210938,124.7699966430664,123.56999969482422,123.58999633789062,584080
2025-03-12 13:30:00+00:00,122.5,122.51210021972656,120.5250015258789,121.02999877929688,280978
2025-03-12 14:30:00+00:00,121.0199966430664,121.37000274658205,120.4000015258789,120.88999938964844,226332
2025-03-12 15:30:00+00:00,120.97000122070312,121.55999755859376,120.80999755859376,121.48999786376952,139520
2025-03-12 16:30:00+00:00,121.49500274658205,121.75399780273438,120.96499633789062,121.45500183105467,89565
2025-03-12 17:30:00+00:00,121.4800033569336,121.81500244140624,121.23999786376952,121.76000213623048,91774
2025-03-12 18:30:00+00:00,121.76000213623048,122.08000183105467,121.4000015258789,121.45999908447266,129762
2025-03-12 19:30:00+00:00,121.49500274658205,121.93000030517578,121.2699966430664,121.37999725341795,268969
2025-03-13 13:30:00+00:00,121.36000061035156,122.61000061035156,120.88009643554688,121.16999816894533,90781
2025-03-13 14:30:00+00:00,121.19499969482422,121.68000030517578,120.87000274658205,120.9800033569336,89279
2025-03-13 15:30:00+00:00,121.0250015258789,121.06999969482422,120.44000244140624,120.8239974975586,195025
2025-03-13 16:30:00+00:00,120.75499725341795,121.25,120.18000030517578,120.18499755859376,62129
2025-03-13 17:30:00+00:00,120.13999938964844,120.78500366210938,119.98500061035156,120.38999938964844,112249
2025-03-13 18:30:00+00:00,120.38500213623048,120.57879638671876,119.95999908447266,120.0250015258789,217999
2025-03-13 19:30:00+00:00,120.07990264892578,120.1449966430664,119.12000274658205,119.4000015258789,397483
2025-03-14 13:30:00+00:00,120.02999877929688,120.94499969482422,119.44000244140624,120.94000244140624,107443
2025-03-14 14:30:00+00:00,120.93000030517578,121.4302978515625,120.74009704589844,121.22000122070312,85727
2025-03-14 15:30:00+00:00,121.29329681396484,121.50499725341795,121.1999969482422,121.36000061035156,71719
2025-03-14 16:30:00+00:00,121.30999755859376,121.9800033569336,121.30999755859376,121.9499969482422,51361
2025-03-14 17:30:00+00:00,121.9499969482422,121.98999786376952,121.59500122070312,121.62999725341795,61225
2025-03-14 18:30:00+00:00,121.68000030517578,122.36499786376952,121.68000030517578,122.1750030517578,87247
2025-03-14 19:30:00+00:00,122.19200134277344,122.44000244140624,121.9800033569336,122.0,232702
2025-03-17 13:30:00+00:00,121.87000274658205,123.66500091552734,121.87000274658205,123.66500091552734,137137
2025-03-17 14:30:00+00:00,123.69000244140624,123.87000274658205,123.18000030517578,123.1999969482422,99198
2025-03-17 15:30:00+00:00,123.26000213623048,123.26000213623048,122.79000091552734,123.18000030517578,101128
2025-03-17 16:30:00+00:00,123.11000061035156,123.4000015258789,123.01000213623048,123.31999969482422,75196
2025-03-17 17:30:00+00:00,123.31999969482422,123.6500015258789,123.25,123.3949966430664,90279
2025-03-17 18:30:00+00:00,123.37999725341795,123.6500015258789,123.23999786376952,123.5,134688
2025-03-17 19:30:00+00:00,123.4800033569336,123.7699966430664,123.4000015258789,123.48500061035156,250078
2025-03-18 13:30:00+00:00,123.4000015258789,123.9800033569336,122.61499786376952,123.5999984741211,82775
2025-03-18 14:30:00+00:00,123.59500122070312,123.91999816894533,122.81009674072266,122.91500091552734,119195
2025-03-18 15:30:00+00:00,122.91500091552734,123.4499969482422,122.91500091552734,123.13500213623048,104178
2025-03-18 16:30:00+00:00,123.13999938964844,123.5,122.91000366210938,123.48999786376952,114795
2025-03-18 17:30:00+00:00,123.48999786376952,123.91000366210938,123.38999938964844,123.63999938964844,99871
2025-03-18 18:30:00+00:00,123.625,123.9800033569336,123.61000061035156,123.88999938964844,141756
2025-03-18 19:30:00+00:00,123.93000030517578,124.18000030517578,123.79000091552734,123.98500061035156,267683
2025-03-19 13:30:00+00:00,123.75,124.8499984741211,123.75,124.5500030517578,90069
2025-03-19 14:30:00+00:00,124.46499633789062,124.61000061035156,124.25,124.3499984741211,63744
2025-03-19 15:30:00+00:00,124.3249969482422,124.5999984741211,124.26499938964844,124.41999816894533,39630
2025-03-19 16:30:00+00:00,124.47000122070312,124.68000030517578,123.95999908447266,124.01000213623048,101071
2025-03-19 17:30:00+00:00,123.98999786376952,124.33999633789062,123.4250030517578,124.19499969482422,154639
2025-03-19 18:30:00+00:00,124.2249984741211,124.9000015258789,124.21499633789062,124.61499786376952,137007
2025-03-19 19:30:00+00:00,124.5999984741211,125.01000213623048,124.4800033569336,124.58999633789062,222226
2025-03-20 13:30:00+00:00,123.54000091552734,124.86000061035156,123.4800033569336,124.86000061035156,113227
2025-03-20 14:30:00+00:00,124.77999877929688,124.77999877929688,124.43000030517578,124.61499786376952,63657
2025-03-20 15:30:00+00:00,124.61000061035156,124.61000061035156,123.52999877929688,123.52999877929688,114639
2025-03-20 16:30:00+00:00,123.5999984741211,123.69000244140624,122.12000274658205,122.1449966430664,125042
2025-03-20 17:30:00+00:00,122.1500015258789,122.41000366210938,121.69000244140624,121.875,154613
2025-03-20 18:30:00+00:00,121.81999969482422,121.8499984741211,121.26000213623048,121.5199966430664,187658
2025-03-20 19:30:00+00:00,121.47000122070312,121.5199966430664,120.51000213623048,120.70999908447266,367630
2025-03-21 13:30:00+00:00,119.69000244140624,120.54000091552734,117.6999969482422,118.95500183105467,376172
2025-03-21 14:30:00+00:00,118.97000122070312,119.5199966430664,118.68000030517578,119.04000091552734,92088
2025-03-21 15:30:00+00:00,119.08999633789062,119.62000274658205,118.80500030517578,119.45999908447266,95927
2025-03-21 16:30:00+00:00,119.36000061035156,119.36499786376952,118.91999816894533,118.9250030517578,71431
2025-03-21 17:30:00+00:00,118.93499755859376,119.54000091552734,118.8249969482422,119.05999755859376,131623
2025-03-21 18:30:00+00:00,119.05999755859376,119.5,119.0,119.1500015258789,180432
2025-03-21 19:30:00+00:00,119.1500015258789,119.38999938964844,118.76000213623048,118.79000091552734,391023
2025-03-24 13:30:00+00:00,119.1999969482422,120.91000366210938,119.1999969482422,120.47319793701172,84237
2025-03-24 14:30:00+00:00,120.41500091552734,121.06759643554688,120.3499984741211,120.3499984741211,68797
2025-03-24 15:30:00+00:00,120.3949966430664,120.69000244140624,120.05999755859376,120.55500030517578,61777
2025-03-24 16:30:00+00:00,120.54000091552734,120.54000091552734,120.16000366210938,120.2699966430664,47933
2025-03-24 17:30:00+00:00,120.3572006225586,120.5199966430664,119.73999786376952,119.81999969482422,74071
2025-03-24 18:30:00+00:00,119.8000030517578,120.71499633789062,119.75,120.6500015258789,74438
2025-03-24 19:30:00+00:00,120.61000061035156,120.9000015258789,120.5199966430664,120.70999908447266,211318
2025-03-25 13:30:00+00:00,120.62000274658205,120.95999908447266,119.36000061035156,119.79000091552734,165455
2025-03-25 14:30:00+00:00,119.79000091552734,119.86000061035156,119.20500183105467,119.28500366210938,70350
2025-03-25 15:30:00+00:00,119.27999877929688,119.29000091552734,118.47000122070312,118.4800033569336,141298
2025-03-25 16:30:00+00:00,118.58999633789062,118.6999969482422,118.2300033569336,118.2300033569336,53464
2025-03-25 17:30:00+00:00,118.25499725341795,118.5199966430664,118.18000030517578,118.30500030517578,76864
2025-03-25 18:30:00+00:00,118.30500030517578,118.5250015258789,118.18000030517578,118.31999969482422,219483
2025-03-25 19:30:00+00:00,118.33000183105467,118.58000183105467,117.5500030517578,117.83999633789062,642999
2025-03-26 13:30:00+00:00,118.11000061035156,119.43000030517578,117.98999786376952,119.0749969482422,482952
2025-03-26 14:30:00+00:00,118.94000244140624,119.06999969482422,118.51000213623048,118.55999755859376,164916
2025-03-26 15:30:00+00:00,118.61000061035156,118.7581024169922,118.38999938964844,118.68000030517578,226211
2025-03-26 16:30:00+00:00,118.6999969482422,118.83999633789062,118.12000274658205,118.12000274658205,178576
2025-03-26 17:30:00+00:00,118.11000061035156,119.18000030517578,118.11000061035156,118.83000183105467,116169
2025-03-26 18:30:00+00:00,118.83000183105467,119.08000183105467,118.43000030517578,118.48999786376952,155770
2025-03-26 19:30:00+00:00,118.5,118.78500366210938,118.27999877929688,118.41999816894533,506069
2025-03-27 13:30:00+00:00,118.5,120.2300033569336,117.66000366210938,119.9800033569336,419160
2025-03-27 14:30:00+00:00,119.97000122070312,120.4499969482422,119.77999877929688,119.95999908447266,146831
2025-03-27 15:30:00+00:00,119.98999786376952,120.11000061035156,119.12999725341795,119.8000030517578,138081
2025-03-27 16:30:00+00:00,119.7750015258789,119.9800033569336,119.48999786376952,119.52999877929688,104831
2025-03-27 17:30:00+00:00,119.55999755859376,120.25,119.12999725341795,120.08999633789062,130922
2025-03-27 18:30:00+00:00,120.13999938964844,121.63999938964844,120.0,121.55999755859376,358160
2025-03-27 19:30:00+00:00,121.56999969482422,121.56999969482422,120.43000030517578,120.52999877929688,460678
2025-03-28 13:30:00+00:00,120.06999969482422,120.70999908447266,119.43099975585938,119.62999725341795,161766
2025-03-28 14:30:00+00:00,119.52999877929688,119.61000061035156,118.1999969482422,118.58499908447266,110214
2025-03-28 15:30:00+00:00,118.62000274658205,119.11000061035156,118.51000213623048,118.6500015258789,68166
2025-03-28 16:30:00+00:00,118.59500122070312,119.0,118.41000366210938,118.41000366210938,54158
2025-03-28 17:30:00+00:00,118.37999725341795,118.67009735107422,118.0,118.05999755859376,55930
2025-03-28 18:30:00+00:00,118.04000091552734,118.65499877929688,117.9800033569336,118.41000366210938,97799
2025-03-28 19:30:00+00:00,118.45999908447266,118.87000274658205,118.21499633789062,118.47000122070312,233267
2025-03-31 13:30:00+00:00,118.16000366210938,119.06999969482422,117.75,118.26000213623048,113726
2025-03-31 14:30:00+00:00,118.21499633789062,118.86000061035156,118.21499633789062,118.38999938964844,63233
2025-03-31 15:30:00+00:00,118.5,118.70999908447266,117.86000061035156,118.19499969482422,96540
2025-03-31 16:30:00+00:00,118.14330291748048,118.58000183105467,117.94000244140624,118.08999633789062,73205
2025-03-31 17:30:00+00:00,118.13999938964844,118.86000061035156,118.08000183105467,118.56999969482422,67294
2025-03-31 18:30:00+00:00,118.62000274658205,119.43000030517578,118.61499786376952,119.08999633789062,107901
2025-03-31 19:30:00+00:00,119.0999984741211,119.86000061035156,119.06999969482422,119.13999938964844,190094
2025-04-01 13:30:00+00:00,116.0,118.18000030517578,115.8499984741211,117.2699966430664,260952
2025-04-01 14:30:00+00:00,117.30999755859376,118.5199966430664,117.16000366210938,118.1500015258789,147057
2025-04-01 15:30:00+00:00,118.13999938964844,118.5999984741211,118.11000061035156,118.16999816894533,87362
2025-04-01 16:30:00+00:00,118.12999725341795,118.2300033569336,117.86000061035156,117.98999786376952,82028
2025-04-01 17:30:00+00:00,117.98999786376952,118.08000183105467,117.4499969482422,117.4499969482422,160567
2025-04-01 18:30:00+00:00,117.47000122070312,118.1500015258789,117.3499984741211,118.08000183105467,187163
2025-04-01 19:30:00+00:00,118.08000183105467,118.75,118.029296875,118.4800033569336,312308
2025-04-02 13:30:00+00:00,117.72000122070312,119.0199966430664,117.3499984741211,118.70999908447266,125354
2025-04-02 14:30:00+00:00,118.76000213623048,119.62999725341795,118.6519012451172,119.34500122070312,91451
2025-04-02 15:30:00+00:00,119.36499786376952,119.84100341796876,119.29000091552734,119.73999786376952,78233
2025-04-02 16:30:00+00:00,119.76000213623048,120.38500213623048,119.63999938964844,120.30999755859376,64401
2025-04-02 17:30:00+00:00,120.2699966430664,120.2699966430664,119.73999786376952,119.74500274658205,76782
2025-04-02 18:30:00+00:00,119.7249984741211,120.19000244140624,119.6999969482422,119.93000030517578,117862
2025-04-02 19:30:00+00:00,119.97000122070312,120.52999877929688,119.97000122070312,120.05999755859376,202654
2025-04-03 13:30:00+00:00,118.62000274658205,120.02999877929688,117.25,117.8000030517578,314394
2025-04-03 14:30:00+00:00,117.79499816894533,118.30999755859376,117.4499969482422,118.01499938964844,169321
2025-04-03 15:30:00+00:00,118.01499938964844,119.16999816894533,117.93000030517578,119.16999816894533,123587
2025-04-03 16:30:00+00:00,119.20500183105467,119.20500183105467,118.12999725341795,118.3499984741211,147755
2025-04-03 17:30:00+00:00,118.33999633789062,118.8000030517578,118.06999969482422,118.8000030517578,131492
2025-04-03 18:30:00+00:00,118.8499984741211,119.1999969482422,118.43000030517578,118.79000091552734,167344
2025-04-03 19:30:00+00:00,118.79000091552734,118.98999786376952,118.61000061035156,118.70999908447266,275417
2025-04-04 13:30:00+00:00,119.0999984741211,119.8000030517578,117.5,118.5999984741211,303392
2025-04-04 14:30:00+00:00,118.4800033569336,119.91999816894533,116.8000030517578,118.55999755859376,160782
2025-04-04 15:30:00+00:00,118.56500244140624,118.77999877929688,117.57430267333984,117.9499969482422,124384
2025-04-04 16:30:00+00:00,118.0,118.1500015258789,116.37999725341795,117.16000366210938,121998
2025-04-04 17:30:00+00:00,117.13999938964844,117.6999969482422,116.61499786376952,116.66000366210938,137477
2025-04-04 18:30:00+00:00,116.7300033569336,117.74500274658205,116.38999938964844,117.31999969482422,184404
2025-04-04 19:30:00+00:00,117.29000091552734,118.12000274658205,116.61000061035156,116.80999755859376,411158
2025-04-07 13:30:00+00:00,113.7699966430664,114.8000030517578,108.95999908447266,111.05999755859376,381118
2025-04-07 14:30:00+00:00,110.9800033569336,112.16000366210938,108.86000061035156,109.12000274658205,398014
2025-04-07 15:30:00+00:00,109.16999816894533,111.41000366210938,109.16999816894533,110.1750030517578,172526
2025-04-07 16:30:00+00:00,110.16500091552734,111.13500213623048,109.37999725341795,111.13500213623048,200564
2025-04-07 17:30:00+00:00,111.02999877929688,112.08000183105467,110.5500030517578,110.75,183186
2025-04-07 18:30:00+00:00,110.8249969482422,111.29000091552734,110.23680114746094,110.3000030517578,277967
2025-04-07 19:30:00+00:00,110.41999816894533,111.43499755859376,109.94010162353516,110.3499984741211,389736
2025-04-08 13:30:00+00:00,113.04000091552734,114.19000244140624,111.51000213623048,113.69000244140624,205217
2025-04-08 14:30:00+00:00,113.70999908447266,113.9800033569336,112.09400177001952,112.5,166462
2025-04-08 15:30:00+00:00,112.48500061035156,113.37000274658205,111.93000030517578,112.62999725341795,166548
2025-04-08 16:30:00+00:00,112.8000030517578,112.87999725341795,108.94000244140624,108.99500274658205,211854
2025-04-08 17:30:00+00:00,109.00800323486328,109.66999816894533,107.5999984741211,107.6999969482422,330700
2025-04-08 18:30:00+00:00,107.6999969482422,108.72000122070312,106.30500030517578,106.76000213623048,495411
2025-04-08 19:30:00+00:00,106.75,106.87000274658205,104.62000274658205,105.5500030517578,578238
2025-04-09 13:30:00+00:00,104.76000213623048,106.51499938964844,104.01000213623048,105.48999786376952,280492
2025-04-09 14:30:00+00:00,105.375,106.25,104.68000030517578,105.41000366210938,242636
2025-04-09 15:30:00+00:00,105.41000366210938,106.41000366210938,104.66999816894533,105.95500183105467,203276
2025-04-09 16:30:00+00:00,105.9000015258789,112.63999938964844,105.8499984741211,111.23999786376952,238131
2025-04-09 17:30:00+00:00,111.45469665527344,114.77999877929688,110.79499816894533,113.86000061035156,349508
2025-04-09 18:30:00+00:00,113.6999969482422,114.3000030517578,111.20500183105467,113.19000244140624,383458
2025-04-09 19:30:00+00:00,113.19000244140624,114.12000274658205,112.7699966430664,113.9800033569336,496973
2025-04-10 13:30:00+00:00,112.5999984741211,113.8499984741211,111.86000061035156,112.38999938964844,192896
2025-04-10 14:30:00+00:00,112.52999877929688,112.9800033569336,110.9800033569336,111.2750015258789,110987
2025-04-10 15:30:00+00:00,111.18000030517578,111.35379791259766,108.99009704589844,109.30999755859376,147363
2025-04-10 16:30:00+00:00,109.29499816894533,112.19000244140624,109.29499816894533,110.70999908447266,171228
2025-04-10 17:30:00+00:00,110.58000183105467,113.02999877929688,110.58000183105467,112.8550033569336,167321
2025-04-10 18:30:00+00:00,112.8550033569336,113.91000366210938,112.22000122070312,112.86000061035156,413582
2025-04-10 19:30:00+00:00,112.86000061035156,113.44000244140624,111.63999938964844,113.26000213623048,338876
2025-04-11 13:30:00+00:00,113.69000244140624,114.66999816894533,112.2300033569336,112.43000030517578,122786
2025-04-11 14:30:00+00:00,112.3000030517578,112.61000061035156,111.44000244140624,112.0,133632
2025-04-11 15:30:00+00:00,112.05500030517578,113.45999908447266,111.98999786376952,113.13999938964844,64323
2025-04-11 16:30:00+00:00,113.26239776611328,114.37999725341795,113.26239776611328,113.875,69628
2025-04-11 17:30:00+00:00,113.9499969482422,115.3499984741211,113.70999908447266,114.5500030517578,102316
2025-04-11 18:30:00+00:00,114.5687026977539,115.01000213623048,114.30999755859376,114.75,118160
2025-04-11 19:30:00+00:00,114.68000030517578,115.31999969482422,114.56999969482422,115.23999786376952,261645
2025-04-14 13:30:00+00:00,116.44000244140624,116.75,115.76000213623048,116.52999877929688,234468
2025-04-14 14:30:00+00:00,116.44000244140624,116.91999816894533,116.12999725341795,116.2042999267578,131221
2025-04-14 15:30:00+00:00,116.1500015258789,116.45989990234376,115.2300033569336,115.80999755859376,74977
2025-04-14 16:30:00+00:00,115.9897003173828,116.52999877929688,115.5999984741211,115.83999633789062,63747
2025-04-14 17:30:00+00:00,115.9499969482422,116.15499877929688,115.68000030517578,115.80999755859376,148023
2025-04-14 18:30:00+00:00,115.81999969482422,116.4499969482422,115.4499969482422,116.33000183105467,169055
2025-04-14 19:30:00+00:00,116.3736572265625,116.84500122070312,116.1500015258789,116.2300033569336,189587
2025-04-15 13:30:00+00:00,116.22000122070312,117.2249984741211,116.0999984741211,116.52999877929688,126833
2025-04-15 14:30:00+00:00,116.6500015258789,116.6750030517578,115.9800033569336,116.04000091552734,119467
2025-04-15 15:30:00+00:00,116.04000091552734,116.2230987548828,115.66999816894533,115.86000061035156,52004
2025-04-15 16:30:00+00:00,115.98999786376952,116.0,115.2300033569336,115.2300033569336,42985
2025-04-15 17:30:00+00:00,115.36000061035156,115.4499969482422,114.81999969482422,115.0,45080
2025-04-15 18:30:00+00:00,115.0,115.26000213623048,114.83000183105467,114.87999725341795,66477
2025-04-15 19:30:00+00:00,114.7969970703125,114.81179809570312,114.27999877929688,114.29000091552734,193952
2025-04-16 13:30:00+00:00,114.33999633789062,114.69000244140624,113.51000213623048,113.90499877929688,87092
2025-04-16 14:30:00+00:00,113.99500274658205,114.68499755859376,113.83000183105467,114.52999877929688,80987
2025-04-16 15:30:00+00:00,114.5199966430664,114.68000030517578,113.7300033569336,113.7300033569336,75914
2025-04-16 16:30:00+00:00,113.70999908447266,113.87680053710938,113.38999938964844,113.70500183105467,53744
2025-04-16 17:30:00+00:00,113.63999938964844,113.63999938964844,111.9000015258789,112.3000030517578,70652
2025-04-16 18:30:00+00:00,112.2699966430664,112.36000061035156,111.54499816894533,111.54820251464844,104420
2025-04-16 19:30:00+00:00,111.58999633789062,112.37999725341795,111.58999633789062,112.16999816894533,220433
2025-04-17 13:30:00+00:00,112.72000122070312,114.2300033569336,112.41000366210938,114.0250015258789,161956
2025-04-17 14:30:00+00:00,114.11000061035156,114.13999938964844,113.16000366210938,113.16999816894533,123255
2025-04-17 15:30:00+00:00,113.25,114.0,113.1999969482422,113.93000030517578,142389
2025-04-17 16:30:00+00:00,113.8499984741211,114.44000244140624,113.5199966430664,113.5199966430664,95741
2025-04-17 17:30:00+00:00,113.56500244140624,114.36000061035156,113.51000213623048,113.97000122070312,293322
2025-04-17 18:30:00+00:00,114.0199966430664,114.2699966430664,113.62999725341795,113.98999786376952,182094
2025-04-17 19:30:00+00:00,114.02999877929688,114.375,113.83000183105467,114.06999969482422,395401
2025-04-21 13:30:00+00:00,113.3000030517578,113.6999969482422,112.63999938964844,112.93000030517578,211788
2025-04-21 14:30:00+00:00,112.94000244140624,113.2249984741211,112.18000030517578,112.7249984741211,162838
2025-04-21 15:30:00+00:00,112.66000366210938,112.66000366210938,111.5500030517578,111.6500015258789,135461
2025-04-21 16:30:00+00:00,111.62000274658205,112.12000274658205,111.0,111.0,85565
2025-04-21 17:30:00+00:00,111.0770034790039,111.26000213623048,110.6500015258789,111.05999755859376,209641
2025-04-21 18:30:00+00:00,111.12999725341795,111.29000091552734,110.79000091552734,111.11499786376952,146045
2025-04-21 19:30:00+00:00,111.16000366210938,111.95999908447266,111.06999969482422,111.81999969482422,278552
2025-04-22 13:30:00+00:00,116.06500244140624,118.55500030517578,112.47000122070312,112.77999877929688,549445
2025-04-22 14:30:00+00:00,112.83999633789062,114.6999969482422,112.76000213623048,114.31999969482422,218725
2025-04-22 15:30:00+00:00,114.33000183105467,115.08000183105467,113.27999877929688,114.8499984741211,204914
2025-04-22 16:30:00+00:00,114.86000061035156,114.93000030517578,113.77999877929688,113.93000030517578,278322
2025-04-22 17:30:00+00:00,113.88999938964844,114.96990203857422,113.76000213623048,114.70500183105467,261267
2025-04-22 18:30:00+00:00,114.70500183105467,115.2300033569336,114.66999816894533,115.0199966430664,214833
2025-04-22 19:30:00+00:00,114.98999786376952,115.30999755859376,114.48999786376952,114.9800033569336,424282
2025-04-23 13:30:00+00:00,115.19000244140624,118.83000183105467,115.0500030517578,117.66999816894533,152006
2025-04-23 14:30:00+00:00,117.7699966430664,118.19000244140624,117.4800033569336,117.83999633789062,218957
2025-04-23 15:30:00+00:00,117.8499984741211,117.8499984741211,116.52999877929688,116.86000061035156,133141
2025-04-23 16:30:00+00:00,116.90499877929688,117.75,116.86000061035156,117.37000274658205,132033
2025-04-23 17:30:00+00:00,117.37999725341795,117.54000091552734,116.81999969482422,116.81999969482422,194171
2025-04-23 18:30:00+00:00,116.88999938964844,116.97000122070312,116.06999969482422,116.06999969482422,136298
2025-04-23 19:30:00+00:00,116.1500015258789,116.41000366210938,115.79000091552734,116.12000274658205,260335
2025-04-24 13:30:00+00:00,115.66000366210938,116.16999816894533,113.80999755859376,116.16999816894533,111549
2025-04-24 14:30:00+00:00,116.13500213623048,116.75499725341795,115.97000122070312,116.16999816894533,119736
2025-04-24 15:30:00+00:00,116.12000274658205,116.23999786376952,115.79000091552734,116.08000183105467,116548
2025-04-24 16:30:00+00:00,116.22000122070312,116.81999969482422,116.22000122070312,116.56159973144533,60101
2025-04-24 17:30:00+00:00,116.625,116.80999755859376,116.4000015258789,116.51000213623048,218002
2025-04-24 18:30:00+00:00,116.51000213623048,117.19000244140624,116.51000213623048,116.69000244140624,111331
2025-04-24 19:30:00+00:00,116.70999908447266,117.13999938964844,116.56500244140624,117.06999969482422,203545
2025-04-25 13:30:00+00:00,116.62000274658205,117.18000030517578,116.0,116.27999877929688,98384
2025-04-25 14:30:00+00:00,116.1750030517578,116.70999908447266,116.05999755859376,116.16999816894533,79461
2025-04-25 15:30:00+00:00,116.16999816894533,116.29000091552734,115.68150329589844,116.1750030517578,92770
2025-04-25 16:30:00+00:00,116.1999969482422,116.38999938964844,116.05999755859376,116.38999938964844,65970
2025-04-25 17:30:00+00:00,116.3550033569336,116.61000061035156,115.41999816894533,116.4800033569336,135284
2025-04-25 18:30:00+00:00,116.4749984741211,116.73999786376952,116.33000183105467,116.41999816894533,110254
2025-04-25 19:30:00+00:00,116.3499984741211,116.76000213623048,115.83000183105467,116.63999938964844,258948
2025-04-28 13:30:00+00:00,117.01000213623048,118.61000061035156,116.70500183105467,117.55999755859376,128987
2025-04-28 14:30:00+00:00,117.58999633789062,117.66500091552734,116.87000274658205,116.87000274658205,118178
2025-04-28 15:30:00+00:00,116.87999725341795,117.12999725341795,116.55999755859376,116.63500213623048,121846
2025-04-28 16:30:00+00:00,116.69000244140624,116.77999877929688,116.08999633789062,116.08999633789062,124398
2025-04-28 17:30:00+00:00,116.12000274658205,117.04000091552734,115.98999786376952,117.02999877929688,133412
2025-04-28 18:30:00+00:00,117.04499816894533,117.12000274658205,116.8000030517578,117.04000091552734,163875
2025-04-28 19:30:00+00:00,117.04000091552734,117.68000030517578,116.83000183105467,117.5199966430664,280768
2025-04-29 13:30:00+00:00,116.37000274658205,118.11000061035156,116.27999877929688,117.70999908447266,197529
2025-04-29 14:30:00+00:00,117.7300033569336,118.13999938964844,117.58000183105467,117.65499877929688,80366
2025-04-29 15:30:00+00:00,117.66000366210938,118.18000030517578,117.55999755859376,118.04000091552734,98577
2025-04-29 16:30:00+00:00,118.04000091552734,118.0500030517578,117.4499969482422,117.83499908447266,55272
2025-04-29 17:30:00+00:00,117.88999938964844,118.5199966430664,117.8499984741211,118.37999725341795,77813
2025-04-29 18:30:00+00:00,118.36000061035156,118.5,118.0,118.08999633789062,122249
2025-04-29 19:30:00+00:00,118.12999725341795,118.45999908447266,117.91999816894533,118.26000213623048,257603
2025-04-30 13:30:00+00:00,117.68000030517578,117.68000030517578,115.4800033569336,116.04499816894533,96294
2025-04-30 14:30:00+00:00,115.9800033569336,116.66000366210938,115.7699966430664,116.63899993896484,71545
2025-04-30 15:30:00+00:00,116.5199966430664,116.95999908447266,116.41500091552734,116.5,55913
2025-04-30 16:30:00+00:00,116.52999877929688,117.01499938964844,116.36000061035156,116.98999786376952,44496
2025-04-30 17:30:00+00:00,117.04000091552734,117.25,116.80999755859376,116.98999786376952,115429
2025-04-30 18:30:00+00:00,117.01000213623048,117.08499908447266,116.45999908447266,116.76000213623048,99206
2025-04-30 19:30:00+00:00,116.6500015258789,118.08999633789062,116.36080169677734,117.5500030517578,176329
2025-05-01 13:30:00+00:00,117.05999755859376,118.26000213623048,116.1500015258789,117.54000091552734,75213
2025-05-01 14:30:00+00:00,117.47000122070312,117.9749984741211,117.1500015258789,117.7249984741211,63325
2025-05-01 15:30:00+00:00,117.62000274658205,117.68499755859376,116.61000061035156,116.77999877929688,48451
2025-05-01 16:30:00+00:00,116.7300033569336,117.29000091552734,116.5999984741211,117.13999938964844,61570
2025-05-01 17:30:00+00:00,117.08799743652344,117.2300033569336,116.6449966430664,116.78500366210938,68261
2025-05-01 18:30:00+00:00,116.79000091552734,117.37149810791016,116.79000091552734,117.33999633789062,74586
2025-05-01 19:30:00+00:00,117.37999725341795,117.79000091552734,116.9000015258789,116.98999786376952,157701
2025-05-02 13:30:00+00:00,118.48999786376952,119.77999877929688,118.13999938964844,119.52999877929688,77810
2025-05-02 14:30:00+00:00,119.52999877929688,119.52999877929688,118.25,118.66000366210938,132546
2025-05-02 15:30:00+00:00,118.6750030517578,119.7300033569336,118.6750030517578,119.5199966430664,139085
2025-05-02 16:30:00+00:00,119.5199966430664,120.01000213623048,119.44000244140624,119.52999877929688,97324
2025-05-02 17:30:00+00:00,119.52999877929688,120.0199966430664,119.44190216064452,119.91999816894533,94690
2025-05-02 18:30:00+00:00,119.83999633789062,120.35800170898438,119.6500015258789,120.3000030517578,83910
2025-05-02 19:30:00+00:00,120.25,120.5199966430664,119.83999633789062,120.31999969482422,155976
2025-05-05 13:30:00+00:00,119.8499984741211,120.18000030517578,118.06999969482422,119.1999969482422,106288
2025-05-05 14:30:00+00:00,119.13999938964844,119.56400299072266,118.91500091552734,119.13880157470705,71707
2025-05-05 15:30:00+00:00,119.13999938964844,119.29000091552734,118.81999969482422,119.11000061035156,56519
2025-05-05 16:30:00+00:00,119.12000274658205,119.12999725341795,118.27999877929688,118.30500030517578,57637
2025-05-05 17:30:00+00:00,118.31500244140624,119.29000091552734,118.31500244140624,119.18000030517578,64981
2025-05-05 18:30:00+00:00,119.25,119.33000183105467,118.94499969482422,119.01000213623048,71492
2025-05-05 19:30:00+00:00,119.00499725341795,119.0199966430664,118.6500015258789,118.66999816894533,164931
2025-05-06 13:30:00+00:00,117.61000061035156,118.47000122070312,117.0999984741211,118.4250030517578,127447
2025-05-06 14:30:00+00:00,118.47000122070312,118.48999786376952,117.80999755859376,118.08999633789062,79768
2025-05-06 15:30:00+00:00,118.05999755859376,118.2300033569336,117.55500030517578,117.80999755859376,63196
2025-05-06 16:30:00+00:00,117.80999755859376,117.99500274658205,117.2699966430664,117.37999725341795,62412
2025-05-06 17:30:00+00:00,117.4000015258789,117.51000213623048,117.0500030517578,117.43000030517578,86069
2025-05-06 18:30:00+00:00,117.45999908447266,117.45999908447266,117.13999938964844,117.2300033569336,104735
2025-05-06 19:30:00+00:00,117.2300033569336,117.48999786376952,116.98999786376952,117.01000213623048,218401
2025-05-07 13:30:00+00:00,117.01000213623048,117.76499938964844,116.13999938964844,116.3000030517578,104529
2025-05-07 14:30:00+00:00,116.26499938964844,116.71389770507812,116.13999938964844,116.71389770507812,90908
2025-05-07 15:30:00+00:00,116.6750030517578,116.81999969482422,116.40249633789062,116.52999877929688,106961
2025-05-07 16:30:00+00:00,116.5250015258789,117.3499984741211,116.5250015258789,117.11000061035156,130933
2025-05-07 17:30:00+00:00,117.08000183105467,117.08000183105467,115.68000030517578,116.22000122070312,88794
2025-05-07 18:30:00+00:00,116.2249984741211,116.69000244140624,115.9000015258789,115.9000015258789,111821
2025-05-07 19:30:00+00:00,115.88999938964844,116.62999725341795,115.6999969482422,115.94000244140624,209365
2025-05-08 13:30:00+00:00,116.66999816894533,117.2300033569336,116.37000274658205,117.1500015258789,70785
2025-05-08 14:30:00+00:00,117.26499938964844,117.8656005859375,116.83999633789062,117.70999908447266,89589
2025-05-08 15:30:00+00:00,117.7699966430664,118.44000244140624,117.56999969482422,118.20999908447266,73647
2025-05-08 16:30:00+00:00,118.26000213623048,118.69000244140624,118.06999969482422,118.11000061035156,50520
2025-05-08 17:30:00+00:00,118.12999725341795,118.12999725341795,117.5199966430664,117.63999938964844,55807
2025-05-08 18:30:00+00:00,117.68000030517578,118.0,117.62000274658205,117.91500091552734,64690
2025-05-08 19:30:00+00:00,117.9499969482422,118.06999969482422,117.44000244140624,117.56999969482422,154338
2025-05-09 13:30:00+00:00,117.6500015258789,118.3040008544922,117.131103515625,117.16000366210938,63739
2025-05-09 14:30:00+00:00,117.25,117.3000030517578,116.8301010131836,116.9832000732422,72374
2025-05-09 15:30:00+00:00,116.99500274658205,117.56999969482422,116.91000366210938,117.0199966430664,64999
2025-05-09 16:30:00+00:00,116.93499755859376,117.3000030517578,116.76000213623048,117.3000030517578,57089
2025-05-09 17:30:00+00:00,117.26499938964844,117.37999725341795,117.13999938964844,117.2300033569336,73106
2025-05-09 18:30:00+00:00,117.20500183105467,117.5500030517578,117.13999938964844,117.52999877929688,85813
2025-05-09 19:30:00+00:00,117.51000213623048,117.58000183105467,117.15499877929688,117.43000030517578,174922
2025-05-12 13:30:00+00:00,120.16000366210938,122.625,119.83000183105467,121.5250015258789,204090
2025-05-12 14:30:00+00:00,121.44000244140624,121.78500366210938,120.80999755859376,121.25,137286
2025-05-12 15:30:00+00:00,121.16999816894533,121.2249984741211,120.2300033569336,120.5999984741211,101602
2025-05-12 16:30:00+00:00,120.81999969482422,121.44000244140624,120.68499755859376,121.20999908447266,94405
2025-05-12 17:30:00+00:00,121.22000122070312,121.72000122070312,121.11000061035156,121.45999908447266,84434
2025-05-12 18:30:00+00:00,121.45999908447266,121.68000030517578,121.3000030517578,121.48999786376952,112284
2025-05-12 19:30:00+00:00,121.48999786376952,122.0199966430664,121.3000030517578,121.9800033569336,213431
2025-05-13 13:30:00+00:00,122.4800033569336,122.6500015258789,121.33000183105467,121.79499816894533,73591
2025-05-13 14:30:00+00:00,121.8499984741211,122.5081024169922,121.47000122070312,122.40499877929688,101180
2025-05-13 15:30:00+00:00,122.31999969482422,122.54000091552734,121.7699966430664,122.19000244140624,67821
2025-05-13 16:30:00+00:00,122.20999908447266,122.33999633789062,122.02010345458984,122.3000030517578,97274
2025-05-13 17:30:00+00:00,122.33999633789062,122.5,122.09500122070312,122.29499816894533,121421
2025-05-13 18:30:00+00:00,122.28500366210938,122.41000366210938,121.6500015258789,121.69000244140624,103142
2025-05-13 19:30:00+00:00,121.65499877929688,121.91000366210938,121.1500015258789,121.16000366210938,193123
2025-05-14 13:30:00+00:00,120.45999908447266,121.72000122070312,119.50499725341795,121.54000091552734,170434
2025-05-14 14:30:00+00:00,121.66999816894533,122.9800033569336,121.61499786376952,122.36499786376952,384544
2025-05-14 15:30:00+00:00,122.33499908447266,124.5999984741211,122.33499908447266,123.74500274658205,329317
2025-05-14 16:30:00+00:00,123.66999816894533,124.37000274658205,123.45999908447266,123.91999816894533,233367
2025-05-14 17:30:00+00:00,123.9499969482422,124.23999786376952,123.41999816894533,123.75,288456
2025-05-14 18:30:00+00:00,123.77999877929688,124.77999877929688,123.63500213623048,123.95999908447266,574072
2025-05-14 19:30:00+00:00,123.9499969482422,124.4000015258789,123.80999755859376,124.25,505951
2025-05-15 13:30:00+00:00,124.3499984741211,125.06999969482422,124.125,124.68000030517578,240426
2025-05-15 14:30:00+00:00,124.73999786376952,125.66000366210938,124.62999725341795,125.51000213623048,113833
2025-05-15 15:30:00+00:00,125.51000213623048,126.1999969482422,125.51000213623048,125.91500091552734,192843
2025-05-15 16:30:00+00:00,125.8499984741211,126.22000122070312,125.76000213623048,126.08999633789062,107087
2025-05-15 17:30:00+00:00,126.0500030517578,126.31999969482422,126.01000213623048,126.2300033569336,153679
2025-05-15 18:30:00+00:00,126.2300033569336,126.83000183105467,126.20999908447266,126.68000030517578,170243
2025-05-15 19:30:00+00:00,126.68000030517578,127.5999984741211,126.66999816894533,127.44000244140624,401834
2025-05-16 13:30:00+00:00,127.62999725341795,129.16000366210938,127.46499633789062,129.02499389648438,341755
2025-05-16 14:30:00+00:00,129.02499389648438,129.60000610351562,128.89999389648438,129.05999755859375,239553
2025-05-16 15:30:00+00:00,129.05999755859375,129.1999969482422,128.80999755859375,128.92999267578125,198944
2025-05-16 16:30:00+00:00,128.9250030517578,129.00999450683594,128.52999877929688,128.77499389648438,150502
2025-05-16 17:30:00+00:00,128.75,128.77000427246094,128.2899932861328,128.3300018310547,146946
2025-05-16 18:30:00+00:00,128.3350067138672,128.77000427246094,128.3350067138672,128.4600067138672,224202
2025-05-16 19:30:00+00:00,128.46400451660156,128.75,128.13999938964844,128.6699981689453,389069
2025-05-19 13:30:00+00:00,127.0,128.80499267578125,127.0,128.44000244140625,104904
2025-05-19 14:30:00+00:00,128.44000244140625,128.8000030517578,128.25999450683594,128.39500427246094,113103
2025-05-19 15:30:00+00:00,128.3800048828125,129.1300048828125,128.27999877929688,129.05499267578125,82020
2025-05-19 16:30:00+00:00,129.02499389648438,129.3699951171875,128.77999877929688,128.97000122070312,103258
2025-05-19 17:30:00+00:00,128.94500732421875,129.1199951171875,128.52000427246094,128.63999938964844,96252
2025-05-19 18:30:00+00:00,128.63999938964844,128.7949981689453,128.4499969482422,128.52000427246094,108174
2025-05-19 19:30:00+00:00,128.52999877929688,129.19000244140625,128.52999877929688,129.07000732421875,256845
2025-05-20 13:30:00+00:00,128.91000366210938,129.25999450683594,128.1300048828125,128.9149932861328,163730
2025-05-20 14:30:00+00:00,129.0,129.0,128.33999633789062,128.6750030517578,69525
2025-05-20 15:30:00+00:00,128.6649932861328,128.6649932861328,128.14999389648438,128.3000030517578,73389
2025-05-20 16:30:00+00:00,128.27499389648438,128.6699981689453,128.1199951171875,128.48500061035156,76671
2025-05-20 17:30:00+00:00,128.48500061035156,128.75999450683594,128.19000244140625,128.3350067138672,79594
2025-05-20 18:30:00+00:00,128.27000427246094,128.38999938964844,127.90499877929688,128.03500366210938,136366
2025-05-20 19:30:00+00:00,128.0399932861328,128.25999450683594,127.91500091552734,128.07000732421875,171725
2025-05-21 13:30:00+00:00,126.91999816894533,127.5199966430664,125.33999633789062,126.69000244140624,92137
2025-05-21 14:30:00+00:00,126.66000366210938,126.97000122070312,126.5500030517578,126.68499755859376,90333
2025-05-21 15:30:00+00:00,126.63999938964844,127.01000213623048,126.5999984741211,126.88999938964844,56152
2025-05-21 16:30:00+00:00,126.93000030517578,127.04000091552734,125.66000366210938,125.68000030517578,114624
2025-05-21 17:30:00+00:00,125.65499877929688,126.12000274658205,124.9800033569336,125.31500244140624,70528
2025-05-21 18:30:00+00:00,125.30999755859376,125.54000091552734,125.15499877929688,125.19000244140624,88646
2025-05-21 19:30:00+00:00,125.2699966430664,125.7699966430664,125.06999969482422,125.08000183105467,248185
2025-05-22 13:30:00+00:00,124.7699966430664,126.19000244140624,124.7699966430664,125.4800033569336,122346
2025-05-22 14:30:00+00:00,125.5,126.0479965209961,125.30500030517578,125.66000366210938,92564
2025-05-22 15:30:00+00:00,125.6500015258789,126.94000244140624,125.62000274658205,126.5199966430664,77159
2025-05-22 16:30:00+00:00,126.5199966430664,126.66999816894533,126.13999938964844,126.65499877929688,57053
2025-05-22 17:30:00+00:00,126.66500091552734,127.12999725341795,126.58000183105467,127.0500030517578,64132
2025-05-22 18:30:00+00:00,127.0,127.5199966430664,126.83999633789062,127.4250030517578,103641
2025-05-22 19:30:00+00:00,127.4000015258789,127.54000091552734,126.8550033569336,126.87999725341795,223514
2025-05-23 13:30:00+00:00,124.94000244140624,125.63500213623048,124.56999969482422,125.11000061035156,133148
2025-05-23 14:30:00+00:00,125.22000122070312,125.53500366210938,125.0,125.43000030517578,51595
2025-05-23 15:30:00+00:00,125.51000213623048,125.76499938964844,125.2249984741211,125.6449966430664,55213
2025-05-23 16:30:00+00:00,125.58000183105467,126.23999786376952,125.4499969482422,126.2249984741211,52882
2025-05-23 17:30:00+00:00,126.26000213623048,126.69989776611328,126.13999938964844,126.48999786376952,89022
2025-05-23 18:30:00+00:00,126.61000061035156,126.70999908447266,126.31999969482422,126.41999816894533,69542
2025-05-23 19:30:00+00:00,126.41999816894533,126.66000366210938,126.0500030517578,126.20999908447266,181680
2025-05-27 13:30:00+00:00,127.52999877929688,127.52999877929688,125.94000244140624,126.91000366210938,109149
2025-05-27 14:30:00+00:00,126.73079681396484,127.5500030517578,126.70999908447266,127.37999725341795,118267
2025-05-27 15:30:00+00:00,127.37000274658205,127.41000366210938,127.05999755859376,127.1999969482422,52621
2025-05-27 16:30:00+00:00,127.1500015258789,127.44499969482422,126.7699966430664,127.0250015258789,74152
2025-05-27 17:30:00+00:00,127.05999755859376,127.62999725341795,126.91999816894533,127.48500061035156,106156
2025-05-27 18:30:00+00:00,127.48999786376952,127.68000030517578,127.3499984741211,127.5500030517578,86047
2025-05-27 19:30:00+00:00,127.54000091552734,127.6999969482422,127.18000030517578,127.33000183105467,177188
2025-05-28 13:30:00+00:00,127.63999938964844,128.38499450683594,127.40499877929688,127.76000213623048,85541
2025-05-28 14:30:00+00:00,127.70999908447266,127.75,127.18000030517578,127.2249984741211,48610
2025-05-28 15:30:00+00:00,127.18000030517578,127.37999725341795,126.87000274658205,127.18000030517578,72618
2025-05-28 16:30:00+00:00,127.11499786376952,127.27999877929688,126.78500366210938,126.78500366210938,68594
2025-05-28 17:30:00+00:00,126.64409637451172,126.72000122070312,126.31999969482422,126.51000213623048,54289
2025-05-28 18:30:00+00:00,126.51000213623048,126.58499908447266,125.93499755859376,126.2300033569336,95430
2025-05-28 19:30:00+00:00,126.3000030517578,126.30999755859376,125.80999755859376,125.93000030517578,184596
2025-05-29 13:30:00+00:00,126.02999877929688,126.56999969482422,125.4000015258789,126.33000183105467,73370
2025-05-29 14:30:00+00:00,126.3499984741211,126.36000061035156,125.5199966430664,125.7699966430664,48152
2025-05-29 15:30:00+00:00,125.72000122070312,125.72000122070312,124.76000213623048,125.41999816894533,105363
2025-05-29 16:30:00+00:00,125.51000213623048,125.8000030517578,125.3499984741211,125.61000061035156,58560
2025-05-29 17:30:00+00:00,125.61499786376952,125.83999633789062,125.5999984741211,125.81749725341795,54217
2025-05-29 18:30:00+00:00,125.8000030517578,126.37000274658205,125.8000030517578,126.33999633789062,103271
2025-05-29 19:30:00+00:00,126.3000030517578,126.70999908447266,126.27999877929688,126.37000274658205,209312
2025-05-30 13:30:00+00:00,126.08000183105467,127.06999969482422,124.77999877929688,126.66500091552734,86105
2025-05-30 14:30:00+00:00,126.72000122070312,126.81999969482422,126.22000122070312,126.52999877929688,83617
2025-05-30 15:30:00+00:00,126.4800033569336,126.62000274658205,126.06999969482422,126.1050033569336,70699
2025-05-30 16:30:00+00:00,126.0199966430664,126.25,125.6999969482422,126.25,99181
2025-05-30 17:30:00+00:00,126.26000213623048,126.8000030517578,126.12000274658205,126.74500274658205,97958
2025-05-30 18:30:00+00:00,126.74500274658205,127.13999938964844,126.66000366210938,126.96499633789062,146231
2025-05-30 19:30:00+00:00,126.95999908447266,127.31999969482422,126.4800033569336,126.48999786376952,405833
2025-06-02 13:30:00+00:00,125.83999633789062,126.94000244140624,124.79000091552734,126.94000244140624,151046
2025-06-02 14:30:00+00:00,126.81500244140624,127.26000213623048,126.59500122070312,126.78500366210938,103692
2025-06-02 15:30:00+00:00,126.79499816894533,127.19000244140624,126.69499969482422,126.94499969482422,85264
2025-06-02 16:30:00+00:00,126.94000244140624,127.38999938964844,126.88999938964844,127.0749969482422,93330
2025-06-02 17:30:00+00:00,127.13999938964844,127.81999969482422,126.95999908447266,127.76000213623048,97071
2025-06-02 18:30:00+00:00,127.76000213623048,128.0,127.69000244140624,127.97000122070312,115821
2025-06-02 19:30:00+00:00,128.00999450683594,128.30999755859375,127.78099822998048,128.27999877929688,209246
2025-06-03 13:30:00+00:00,127.9000015258789,128.9600067138672,127.0199966430664,128.75,119053
2025-06-03 14:30:00+00:00,128.81500244140625,128.8249969482422,127.87999725341795,128.125,92730
2025-06-03 15:30:00+00:00,128.16000366210938,128.47999572753906,128.0500030517578,128.4499969482422,61548
2025-06-03 16:30:00+00:00,128.46499633789062,128.60000610351562,128.35499572753906,128.375,60420
2025-06-03 17:30:00+00:00,128.375,128.38999938964844,127.69000244140624,128.02999877929688,96635
2025-06-03 18:30:00+00:00,128.05999755859375,128.1699981689453,127.6500015258789,127.93000030517578,87274
2025-06-03 19:30:00+00:00,127.93499755859376,128.0399932861328,127.55500030517578,127.7699966430664,204615
2025-06-04 13:30:00+00:00,127.63999938964844,127.98999786376952,126.20999908447266,126.5,56755
2025-06-04 14:30:00+00:00,126.51000213623048,127.0,126.29000091552734,126.88999938964844,52760
2025-06-04 15:30:00+00:00,126.83000183105467,127.12999725341795,126.80999755859376,126.95999908447266,48351
2025-06-04 16:30:00+00:00,126.95999908447266,127.37999725341795,126.95999908447266,127.27110290527344,42761
2025-06-04 17:30:00+00:00,127.38999938964844,127.4800033569336,127.0999984741211,127.16500091552734,49986
2025-06-04 18:30:00+00:00,127.1750030517578,127.18000030517578,126.76499938964844,126.86000061035156,55839
2025-06-04 19:30:00+00:00,126.81999969482422,126.86900329589844,126.23999786376952,126.3000030517578,179354
2025-06-05 13:30:00+00:00,126.26000213623048,126.56500244140624,125.22010040283205,126.17749786376952,54018
2025-06-05 14:30:00+00:00,126.29000091552734,126.29000091552734,125.54010009765624,125.84500122070312,65890
2025-06-05 15:30:00+00:00,125.84500122070312,126.2042007446289,125.77999877929688,126.01499938964844,78170
2025-06-05 16:30:00+00:00,126.06500244140624,126.45999908447266,125.75,126.43499755859376,48479
2025-06-05 17:30:00+00:00,126.4800033569336,126.64990234375,125.87000274658205,126.33000183105467,64755
2025-06-05 18:30:00+00:00,126.29150390625,126.5,125.83000183105467,125.95999908447266,71703
2025-06-05 19:30:00+00:00,126.0,126.4800033569336,125.9499969482422,126.18000030517578,149703
2025-06-06 13:30:00+00:00,125.7699966430664,126.25,125.38999938964844,125.91000366210938,72020
2025-06-06 14:30:00+00:00,125.9000015258789,126.20999908447266,125.5500030517578,125.7300033569336,61822
2025-06-06 15:30:00+00:00,125.75,126.04000091552734,125.61000061035156,125.76000213623048,50698
2025-06-06 16:30:00+00:00,125.7699966430664,125.83000183105467,125.18000030517578,125.37999725341795,36762
2025-06-06 17:30:00+00:00,125.41999816894533,125.52999877929688,125.20999908447266,125.20999908447266,48751
2025-06-06 18:30:00+00:00,125.27999877929688,125.41000366210938,125.01000213623048,125.20999908447266,69967
2025-06-06 19:30:00+00:00,125.19499969482422,125.38999938964844,125.08000183105467,125.2699966430664,157482
2025-06-09 13:30:00+00:00,125.25,125.3499984741211,122.95500183105467,124.19499969482422,106371
2025-06-09 14:30:00+00:00,124.2739028930664,125.20999908447266,124.16000366210938,124.93160247802734,72484
2025-06-09 15:30:00+00:00,124.91999816894533,125.56999969482422,124.87000274658205,125.1999969482422,58945
2025-06-09 16:30:00+00:00,125.2699966430664,125.86499786376952,125.25,125.72000122070312,49741
2025-06-09 17:30:00+00:00,125.7699966430664,125.88999938964844,125.58999633789062,125.58999633789062,59087
2025-06-09 18:30:00+00:00,125.56999969482422,125.5999984741211,125.29000091552734,125.30999755859376,51994
2025-06-09 19:30:00+00:00,125.33999633789062,125.3499984741211,125.08999633789062,125.26000213623048,212268
2025-06-10 13:30:00+00:00,125.4800033569336,126.1999969482422,124.76499938964844,126.1999969482422,62621
2025-06-10 14:30:00+00:00,126.12899780273438,126.67220306396484,126.05999755859376,126.19000244140624,62849
2025-06-10 15:30:00+00:00,126.22200012207033,126.7699966430664,126.13500213623048,126.5749969482422,76612
2025-06-10 16:30:00+00:00,126.58000183105467,127.12999725341795,126.58000183105467,127.01499938964844,68363
2025-06-10 17:30:00+00:00,127.06500244140624,127.22000122070312,125.83999633789062,125.9499969482422,130525
2025-06-10 18:30:00+00:00,125.9499969482422,126.45999908447266,125.93000030517578,126.375,191607
2025-06-10 19:30:00+00:00,126.3499984741211,126.58999633789062,126.16999816894533,126.55500030517578,246874
2025-06-11 13:30:00+00:00,125.91999816894533,126.2249984741211,124.56999969482422,125.0199966430664,95760
2025-06-11 14:30:00+00:00,125.0500030517578,125.1500015258789,124.47000122070312,124.76000213623048,148609
2025-06-11 15:30:00+00:00,124.7750015258789,124.8499984741211,124.02999877929688,124.2699966430664,75578
2025-06-11 16:30:00+00:00,124.2699966430664,124.31999969482422,123.91999816894533,124.25,64948
2025-06-11 17:30:00+00:00,124.2699966430664,124.2699966430664,123.09500122070312,123.29750061035156,68271
2025-06-11 18:30:00+00:00,123.2699966430664,123.87999725341795,123.26000213623048,123.44499969482422,120187
2025-06-11 19:30:00+00:00,123.4000015258789,123.5999984741211,123.23999786376952,123.31999969482422,178891
2025-06-12 13:30:00+00:00,122.3000030517578,122.6500015258789,120.66010284423828,121.77999877929688,150937
2025-06-12 14:30:00+00:00,121.69000244140624,121.95999908447266,120.8499984741211,121.29000091552734,123255
2025-06-12 15:30:00+00:00,121.31999969482422,121.58000183105467,121.1750030517578,121.58000183105467,85504
2025-06-12 16:30:00+00:00,121.58000183105467,122.38999938964844,121.45999908447266,121.99500274658205,142781
2025-06-12 17:30:00+00:00,122.0250015258789,122.48999786376952,122.0250015258789,122.37999725341795,216262
2025-06-12 18:30:00+00:00,122.36000061035156,122.56189727783205,121.8000030517578,121.8249969482422,224658
2025-06-12 19:30:00+00:00,121.8000030517578,122.16000366210938,121.61000061035156,122.11000061035156,265793
2025-06-13 13:30:00+00:00,120.6500015258789,121.70999908447266,120.4800033569336,121.16000366210938,147232
2025-06-13 14:30:00+00:00,121.1999969482422,121.87999725341795,120.91000366210938,121.24500274658205,99529
2025-06-13 15:30:00+00:00,121.25,121.69750213623048,121.19419860839844,121.3949966430664,61435
2025-06-13 16:30:00+00:00,121.40499877929688,121.43000030517578,120.5999984741211,120.64450073242188,36914
2025-06-13 17:30:00+00:00,120.625,120.9499969482422,120.0500030517578,120.12999725341795,74687
2025-06-13 18:30:00+00:00,120.1500015258789,120.1500015258789,119.5,119.55999755859376,88541
2025-06-13 19:30:00+00:00,119.56999969482422,119.6500015258789,119.1750030517578,119.63999938964844,218421
2025-06-16 13:30:00+00:00,120.54000091552734,120.70999908447266,119.8550033569336,120.23999786376952,157952
2025-06-16 14:30:00+00:00,120.3499984741211,120.68000030517578,120.01000213623048,120.25,107801
2025-06-16 15:30:00+00:00,120.2854995727539,120.54000091552734,120.05999755859376,120.5,67967
2025-06-16 16:30:00+00:00,120.51000213623048,120.58000183105467,120.375,120.5,56590
2025-06-16 17:30:00+00:00,120.5500030517578,120.5999984741211,120.37000274658205,120.56999969482422,78674
2025-06-16 18:30:00+00:00,120.56999969482422,120.5999984741211,120.20999908447266,120.33499908447266,101749
2025-06-16 19:30:00+00:00,120.3499984741211,120.5199966430664,120.25279998779295,120.45999908447266,163992
2025-06-17 13:30:00+00:00,119.58000183105467,120.5500030517578,119.37000274658205,120.18499755859376,143075
2025-06-17 14:30:00+00:00,120.20500183105467,120.59500122070312,120.13999938964844,120.33000183105467,136646
2025-06-17 15:30:00+00:00,120.37999725341795,120.44000244140624,120.04000091552734,120.27999877929688,109694
2025-06-17 16:30:00+00:00,120.2699966430664,120.4000015258789,119.70999908447266,119.86000061035156,115010
2025-06-17 17:30:00+00:00,119.83499908447266,120.25,119.2699966430664,119.41999816894533,83382
2025-06-17 18:30:00+00:00,119.3949966430664,119.45999908447266,119.1500015258789,119.29499816894533,85732
2025-06-17 19:30:00+00:00,119.29499816894533,119.41000366210938,119.0999984741211,119.33499908447266,235881
2025-06-18 13:30:00+00:00,119.7300033569336,120.01499938964844,119.3000030517578,119.91000366210938,77902
2025-06-18 14:30:00+00:00,119.88500213623048,119.94000244140624,119.4800033569336,119.68000030517578,89258
2025-06-18 15:30:00+00:00,119.5999984741211,119.6500015258789,119.4000015258789,119.48999786376952,45963
2025-06-18 16:30:00+00:00,119.4749984741211,119.58000183105467,119.31999969482422,119.4000015258789,52405
2025-06-18 17:30:00+00:00,119.3874969482422,119.93000030517578,119.19000244140624,119.5500030517578,64382
2025-06-18 18:30:00+00:00,119.55999755859376,119.8499984741211,118.83499908447266,118.88500213623048,102774
2025-06-18 19:30:00+00:00,118.875,119.24349975585938,118.66999816894533,118.8499984741211,215414
2025-06-20 13:30:00+00:00,119.25,119.75,118.51000213623048,119.27870178222656,176825
2025-06-20 14:30:00+00:00,119.19499969482422,119.5199966430664,118.8499984741211,119.33499908447266,68511
2025-06-20 15:30:00+00:00,119.33000183105467,119.38999938964844,118.81999969482422,119.05999755859376,54925
2025-06-20 16:30:00+00:00,119.08000183105467,119.12000274658205,118.6500015258789,118.6500015258789,44695
2025-06-20 17:30:00+00:00,118.66000366210938,118.93000030517578,118.55999755859376,118.78500366210938,57423
2025-06-20 18:30:00+00:00,118.83000183105467,118.91999816894533,118.66000366210938,118.69000244140624,79456
2025-06-20 19:30:00+00:00,118.71499633789062,119.80999755859376,118.66000366210938,119.7699966430664,243879
2025-06-23 13:30:00+00:00,119.7300033569336,120.4499969482422,119.09500122070312,120.2699966430664,75587
2025-06-23 14:30:00+00:00,120.33000183105467,120.52999877929688,119.91999816894533,120.11000061035156,70526
2025-06-23 15:30:00+00:00,120.0199966430664,120.16000366210938,119.6500015258789,119.7300033569336,64349
2025-06-23 16:30:00+00:00,119.75,120.23999786376952,119.3499984741211,120.23999786376952,60386
2025-06-23 17:30:00+00:00,120.3000030517578,120.6999969482422,120.3000030517578,120.6500015258789,64330
2025-06-23 18:30:00+00:00,120.61000061035156,121.0500030517578,120.55999755859376,121.03500366210938,71648
2025-06-23 19:30:00+00:00,121.03500366210938,121.41999816894533,120.84010314941406,121.29000091552734,155746
2025-06-24 13:30:00+00:00,121.62000274658205,121.83999633789062,120.73999786376952,121.5,86642
2025-06-24 14:30:00+00:00,121.47000122070312,121.62000274658205,121.18000030517578,121.3000030517578,69685
2025-06-24 15:30:00+00:00,121.33000183105467,121.4998016357422,121.16500091552734,121.2699966430664,35035
2025-06-24 16:30:00+00:00,121.31999969482422,121.31999969482422,120.9000015258789,120.9000015258789,55405
2025-06-24 17:30:00+00:00,120.839599609375,121.01499938964844,120.70500183105467,120.96070098876952,56709
2025-06-24 18:30:00+00:00,121.0199966430664,121.3499984741211,120.99009704589844,121.33000183105467,60248
2025-06-24 19:30:00+00:00,121.31999969482422,121.38999938964844,121.0500030517578,121.16999816894533,145707
2025-06-25 13:30:00+00:00,121.22000122070312,121.22000122070312,119.55999755859376,119.5999984741211,59186
2025-06-25 14:30:00+00:00,119.5500030517578,119.63050079345705,119.33999633789062,119.51000213623048,47210
2025-06-25 15:30:00+00:00,119.45999908447266,119.8000030517578,119.29000091552734,119.30999755859376,40853
2025-06-25 16:30:00+00:00,119.3102035522461,119.33000183105467,118.76000213623048,119.1050033569336,55857
2025-06-25 17:30:00+00:00,119.1500015258789,119.3000030517578,118.87000274658205,119.0999984741211,58963
2025-06-25 18:30:00+00:00,119.0999984741211,119.41500091552734,119.05999755859376,119.33000183105467,74289
2025-06-25 19:30:00+00:00,119.33999633789062,119.36000061035156,119.04000091552734,119.16000366210938,146451
2025-06-26 13:30:00+00:00,119.3499984741211,120.0199966430664,117.30500030517578,117.79000091552734,80721
2025-06-26 14:30:00+00:00,117.76499938964844,118.66000366210938,117.7509994506836,118.62670135498048,97041
2025-06-26 15:30:00+00:00,118.625,119.0,118.48999786376952,118.8000030517578,80947
2025-06-26 16:30:00+00:00,118.7699966430664,119.05819702148438,118.68000030517578,118.68000030517578,59676
2025-06-26 17:30:00+00:00,118.68000030517578,119.12000274658205,118.68000030517578,119.03500366210938,57829
2025-06-26 18:30:00+00:00,119.03500366210938,119.41000366210938,118.91999816894533,119.16000366210938,81110
2025-06-26 19:30:00+00:00,119.16000366210938,119.19000244140624,118.83999633789062,119.06999969482422,189359
2025-06-27 13:30:00+00:00,119.66000366210938,120.625,119.25499725341795,120.08999633789062,52230
2025-06-27 14:30:00+00:00,120.05999755859376,120.38999938964844,119.93000030517578,120.13500213623048,43362
2025-06-27 15:30:00+00:00,120.20999908447266,120.5199966430664,120.1500015258789,120.47000122070312,46794
2025-06-27 16:30:00+00:00,120.54499816894533,120.6050033569336,120.18000030517578,120.3386001586914,41272
2025-06-27 17:30:00+00:00,120.33999633789062,120.48999786376952,119.9000015258789,119.94499969482422,55485
2025-06-27 18:30:00+00:00,119.91000366210938,119.9999008178711,119.66000366210938,119.81500244140624,67211
2025-06-27 19:30:00+00:00,119.81500244140624,120.51000213623048,119.66999816894533,120.44000244140624,125769
2025-06-30 13:30:00+00:00,120.23999786376952,120.91000366210938,119.55999755859376,120.75,79863
2025-06-30 14:30:00+00:00,120.73999786376952,120.98999786376952,120.48999786376952,120.8499984741211,60544
2025-06-30 15:30:00+00:00,120.91000366210938,120.97000122070312,120.36000061035156,120.63999938964844,53737
2025-06-30 16:30:00+00:00,120.5999984741211,120.9499969482422,120.51000213623048,120.88919830322266,48644
2025-06-30 17:30:00+00:00,120.8499984741211,120.9499969482422,120.62000274658205,120.77999877929688,76769
2025-06-30 18:30:00+00:00,120.73999786376952,121.1999969482422,120.70999908447266,121.1500015258789,95081
2025-06-30 19:30:00+00:00,121.15579986572266,121.5199966430664,121.01000213623048,121.3000030517578,239019
2025-07-01 13:30:00+00:00,121.06999969482422,123.45999908447266,120.63009643554688,123.45999908447266,81319
2025-07-01 14:30:00+00:00,123.58999633789062,125.56999969482422,123.58999633789062,125.52999877929688,260531
2025-07-01 15:30:00+00:00,125.54000091552734,126.47000122070312,125.44000244140624,126.0500030517578,132135
2025-07-01 16:30:00+00:00,126.0199966430664,126.0999984741211,124.12999725341795,124.72000122070312,89814
2025-07-01 17:30:00+00:00,124.7300033569336,124.83999633789062,124.33999633789062,124.6999969482422,177854
2025-07-01 18:30:00+00:00,124.6750030517578,125.40499877929688,124.58999633789062,125.27999877929688,181154
2025-07-01 19:30:00+00:00,125.2750015258789,125.5500030517578,124.95500183105467,125.33000183105467,294408
2025-07-02 13:30:00+00:00,125.3499984741211,126.20500183105467,124.4499969482422,124.75,119712
2025-07-02 14:30:00+00:00,124.79000091552734,125.75,124.72000122070312,125.69499969482422,45929
2025-07-02 15:30:00+00:00,125.59010314941406,125.83000183105467,125.41000366210938,125.4499969482422,40409
2025-07-02 16:30:00+00:00,125.4800033569336,126.16500091552734,125.44000244140624,126.01000213623048,64661
2025-07-02 17:30:00+00:00,126.0,126.81999969482422,126.0,126.81999969482422,92697
2025-07-02 18:30:00+00:00,126.86000061035156,127.54000091552734,126.77999877929688,127.1999969482422,239440
2025-07-02 19:30:00+00:00,127.25,127.6500015258789,127.2300033569336,127.45999908447266,229262
2025-07-03 13:30:00+00:00,127.3000030517578,127.41999816894533,126.5,127.06500244140624,77274
2025-07-03 14:30:00+00:00,126.98999786376952,127.81999969482422,126.93000030517578,127.54000091552734,98912
2025-07-03 15:30:00+00:00,127.52999877929688,127.9000015258789,127.5199966430664,127.61000061035156,86545
2025-07-07 13:30:00+00:00,126.77999877929688,127.71499633789062,126.5500030517578,126.72000122070312,65053
2025-07-07 14:30:00+00:00,126.76000213623048,126.76000213623048,125.86499786376952,125.97000122070312,67732
2025-07-07 15:30:00+00:00,125.9000015258789,125.9499969482422,124.87999725341795,125.11499786376952,63273
2025-07-07 16:30:00+00:00,125.1750030517578,125.6999969482422,125.08999633789062,125.68000030517578,79915
2025-07-07 17:30:00+00:00,125.69000244140624,125.80999755859376,124.70500183105467,124.9250030517578,68750
2025-07-07 18:30:00+00:00,124.9499969482422,125.4000015258789,124.87000274658205,125.08499908447266,91303
2025-07-07 19:30:00+00:00,125.12000274658205,125.55999755859376,125.08999633789062,125.5199966430664,208476
2025-07-08 13:30:00+00:00,125.26000213623048,126.25,124.4000015258789,125.48500061035156,81414
2025-07-08 14:30:00+00:00,125.58499908447266,126.61000061035156,125.58499908447266,125.81999969482422,69314
2025-07-08 15:30:00+00:00,125.81999969482422,126.62000274658205,125.81999969482422,126.62000274658205,41556
2025-07-08 16:30:00+00:00,126.58999633789062,126.6072998046875,125.73999786376952,125.79000091552734,52291
2025-07-08 17:30:00+00:00,125.79499816894533,126.62999725341795,125.4000015258789,126.56999969482422,144945
2025-07-08 18:30:00+00:00,126.58999633789062,126.83000183105467,126.22000122070312,126.83000183105467,54891
2025-07-08 19:30:00+00:00,126.77999877929688,126.86000061035156,126.43000030517578,126.66000366210938,194408
2025-07-09 13:30:00+00:00,126.61000061035156,126.61000061035156,125.19000244140624,125.3499984741211,95588
2025-07-09 14:30:00+00:00,125.33000183105467,125.55999755859376,124.57009887695312,124.6050033569336,66861
2025-07-09 15:30:00+00:00,124.63500213623048,125.63500213623048,124.5749969482422,124.84880065917967,132516
2025-07-09 16:30:00+00:00,124.78250122070312,125.06500244140624,124.58000183105467,124.77999877929688,76106
2025-07-09 17:30:00+00:00,124.81500244140624,125.43000030517578,124.66500091552734,124.87000274658205,106219
2025-07-09 18:30:00+00:00,124.81999969482422,125.11499786376952,124.7699966430664,125.0199966430664,146400
2025-07-09 19:30:00+00:00,124.97000122070312,125.6374969482422,124.91000366210938,125.23999786376952,285713
2025-07-10 13:30:00+00:00,124.77999877929688,127.0500030517578,124.3823013305664,126.94000244140624,108454
2025-07-10 14:30:00+00:00,126.94499969482422,127.16500091552734,126.5,126.6500015258789,171917
2025-07-10 15:30:00+00:00,126.66000366210938,126.6875,125.9800033569336,126.21499633789062,66265
2025-07-10 16:30:00+00:00,126.2300033569336,126.5,126.12000274658205,126.48500061035156,79186
2025-07-10 17:30:00+00:00,126.5,126.6449966430664,126.16000366210938,126.51000213623048,116305
2025-07-10 18:30:00+00:00,126.55500030517578,126.55500030517578,125.87000274658205,125.9499969482422,100470
2025-07-10 19:30:00+00:00,125.95500183105467,126.08999633789062,125.6449966430664,126.0,249755
2025-07-11 13:30:00+00:00,124.77999877929688,124.9800033569336,123.4499969482422,123.94000244140624,67140
2025-07-11 14:30:00+00:00,124.12999725341795,124.13500213623048,123.44000244140624,123.5915985107422,49846
2025-07-11 15:30:00+00:00,123.58999633789062,123.8000030517578,123.23999786376952,123.29000091552734,56548
2025-07-11 16:30:00+00:00,123.29499816894533,124.0,123.22000122070312,124.0,63619
2025-07-11 17:30:00+00:00,124.0,124.62999725341795,123.82009887695312,124.56999969482422,95025
2025-07-11 18:30:00+00:00,124.62999725341795,125.05999755859376,124.36000061035156,124.83999633789062,117199
2025-07-11 19:30:00+00:00,124.8550033569336,124.98999786376952,124.4499969482422,124.51000213623048,183537
2025-07-14 13:30:00+00:00,124.83999633789062,125.2385025024414,123.80999755859376,123.90499877929688,53814
2025-07-14 14:30:00+00:00,123.93499755859376,124.23500061035156,123.16000366210938,123.50700378417967,52638
2025-07-14 15:30:00+00:00,123.54000091552734,124.08999633789062,123.5199966430664,123.75,57085
2025-07-14 16:30:00+00:00,123.72000122070312,124.23999786376952,123.66000366210938,124.19499969482422,48640
2025-07-14 17:30:00+00:00,124.2384033203125,124.27999877929688,124.06999969482422,124.11370086669922,92220
2025-07-14 18:30:00+00:00,124.1500015258789,124.43000030517578,124.12999725341795,124.41000366210938,183469
2025-07-14 19:30:00+00:00,124.41000366210938,124.47000122070312,124.23999786376952,124.37000274658205,269395
2025-07-15 13:30:00+00:00,124.47000122070312,124.79540252685548,123.8499984741211,123.87000274658205,69664
2025-07-15 14:30:00+00:00,123.93499755859376,123.96749877929688,123.27259826660156,123.66999816894533,86184
2025-07-15 15:30:00+00:00,123.75,123.75,123.0,123.06999969482422,47222
2025-07-15 16:30:00+00:00,123.12999725341795,123.1999969482422,122.76280212402344,123.0,37495
2025-07-15 17:30:00+00:00,123.0199966430664,123.12000274658205,122.43000030517578,122.66999816894533,50541
2025-07-15 18:30:00+00:00,122.75,122.97000122070312,122.53500366210938,122.58999633789062,68245
2025-07-15 19:30:00+00:00,122.63999938964844,122.73899841308594,122.19000244140624,122.23999786376952,184842
2025-07-16 13:30:00+00:00,121.91999816894533,122.52999877929688,121.27999877929688,121.55999755859376,101914
2025-07-16 14:30:00+00:00,121.62920379638672,121.86000061035156,120.66999816894533,120.84500122070312,77633
2025-07-16 15:30:00+00:00,120.7300033569336,121.50499725341795,120.37999725341795,121.46499633789062,107929
2025-07-16 16:30:00+00:00,121.61000061035156,121.81500244140624,121.43499755859376,121.66500091552734,43579
2025-07-16 17:30:00+00:00,121.65499877929688,122.1750030517578,121.5999984741211,122.125,73216
2025-07-16 18:30:00+00:00,122.0999984741211,122.5000991821289,122.03070068359376,122.41999816894533,80223
2025-07-16 19:30:00+00:00,122.43499755859376,122.5999984741211,122.19000244140624,122.54000091552734,132981
2025-07-17 13:30:00+00:00,122.44000244140624,123.8499984741211,122.05999755859376,122.84500122070312,92871
2025-07-17 14:30:00+00:00,122.83999633789062,123.24749755859376,122.37999725341795,122.73999786376952,97787
2025-07-17 15:30:00+00:00,122.77999877929688,123.31500244140624,122.58999633789062,122.69499969482422,82467
2025-07-17 16:30:00+00:00,122.70179748535156,123.4000015258789,122.66000366210938,123.27999877929688,54152
2025-07-17 17:30:00+00:00,123.2699966430664,123.71499633789062,123.25,123.68000030517578,95367
2025-07-17 18:30:00+00:00,123.6500015258789,123.7699966430664,123.3000030517578,123.66000366210938,116408
2025-07-17 19:30:00+00:00,123.72000122070312,123.83999633789062,123.4499969482422,123.4800033569336,211456
2025-07-18 13:30:00+00:00,124.11000061035156,124.5,123.0,123.06999969482422,80486
2025-07-18 14:30:00+00:00,123.12999725341795,123.43000030517578,122.45999908447266,122.8000030517578,97842
2025-07-18 15:30:00+00:00,122.80999755859376,122.93000030517578,122.2300033569336,122.2300033569336,57704
2025-07-18 16:30:00+00:00,122.1999969482422,122.47000122070312,121.73999786376952,121.93499755859376,362781
2025-07-18 17:30:00+00:00,121.98999786376952,122.25,121.73999786376952,121.79000091552734,68424
2025-07-18 18:30:00+00:00,121.81999969482422,122.54499816894533,121.79000091552734,122.4800033569336,120005
2025-07-18 19:30:00+00:00,122.4749984741211,122.93000030517578,122.3499984741211,122.91000366210938,264685
2025-07-21 13:30:00+00:00,123.23999786376952,124.0999984741211,122.69499969482422,123.74500274658205,118527
2025-07-21 14:30:00+00:00,123.8550033569336,124.375,123.52999877929688,124.375,166682
2025-07-21 15:30:00+00:00,124.44000244140624,124.98999786376952,124.29000091552734,124.68499755859376,177027
2025-07-21 16:30:00+00:00,124.69000244140624,125.18000030517578,124.62000274658205,124.87000274658205,168089
2025-07-21 17:30:00+00:00,124.87000274658205,125.05999755859376,124.58999633789062,124.75499725341795,172667
2025-07-21 18:30:00+00:00,124.77999877929688,124.8499984741211,123.93000030517578,123.96499633789062,233169
2025-07-21 19:30:00+00:00,123.9749984741211,124.0999984741211,123.61000061035156,123.87999725341795,296830
2025-07-22 13:30:00+00:00,122.3499984741211,129.99000549316406,122.3499984741211,129.6999969482422,712188
2025-07-22 14:30:00+00:00,129.74000549316406,130.7100067138672,128.97999572753906,129.67999267578125,363018
2025-07-22 15:30:00+00:00,129.6699981689453,131.36500549316406,128.85000610351562,131.08999633789062,423362
2025-07-22 16:30:00+00:00,131.13999938964844,131.2550048828125,130.22059631347656,130.52499389648438,196326
2025-07-22 17:30:00+00:00,130.52499389648438,131.8699951171875,130.52000427246094,131.6999969482422,246967
2025-07-22 18:30:00+00:00,131.7100067138672,133.22000122070312,131.69000244140625,132.78500366210938,368853
2025-07-22 19:30:00+00:00,132.8000030517578,133.47999572753906,132.5,133.25999450683594,415281
2025-07-23 13:30:00+00:00,133.8800048828125,134.44500732421875,132.63999938964844,133.69500732421875,177347
2025-07-23 14:30:00+00:00,133.69500732421875,134.05999755859375,133.07000732421875,133.0749969482422,110196
2025-07-23 15:30:00+00:00,133.0850067138672,133.92999267578125,132.75,133.74000549316406,115122
2025-07-23 16:30:00+00:00,133.73500061035156,135.12789916992188,133.38999938964844,135.0850067138672,187309
2025-07-23 17:30:00+00:00,135.0850067138672,135.19500732421875,134.22999572753906,134.5,99851
2025-07-23 18:30:00+00:00,134.52999877929688,134.72000122070312,134.14999389648438,134.5749969482422,110542
2025-07-23 19:30:00+00:00,134.5800018310547,134.88999938964844,134.4199981689453,134.69000244140625,292755
2025-07-24 13:30:00+00:00,134.52000427246094,134.52000427246094,133.10000610351562,134.0500030517578,113790
2025-07-24 14:30:00+00:00,133.99000549316406,134.5500030517578,133.6199951171875,134.0800018310547,171607
2025-07-24 15:30:00+00:00,134.02000427246094,134.16000366210938,133.35499572753906,133.5,178722
2025-07-24 16:30:00+00:00,133.4250030517578,133.97000122070312,133.21499633789062,133.30499267578125,86778
2025-07-24 17:30:00+00:00,133.30499267578125,133.41000366210938,132.9199981689453,133.3350067138672,75702
2025-07-24 18:30:00+00:00,133.35000610351562,133.61000061035156,132.97999572753906,133.4949951171875,109055
2025-07-24 19:30:00+00:00,133.4949951171875,133.77000427246094,133.1300048828125,133.2100067138672,257902
2025-07-25 13:30:00+00:00,132.77000427246094,133.14999389648438,131.92999267578125,132.4550018310547,98561
2025-07-25 14:30:00+00:00,132.39999389648438,132.8699951171875,132.2550048828125,132.60000610351562,81372
2025-07-25 15:30:00+00:00,132.5800018310547,132.89999389648438,132.5500030517578,132.7572021484375,76221
2025-07-25 16:30:00+00:00,132.8000030517578,133.25999450683594,132.67999267578125,133.25999450683594,70309
2025-07-25 17:30:00+00:00,133.25,133.44000244140625,133.1300048828125,133.44000244140625,59816
2025-07-25 18:30:00+00:00,133.3699951171875,133.74000549316406,133.09500122070312,133.64999389648438,70527
2025-07-25 19:30:00+00:00,133.64999389648438,133.7899932861328,133.53500366210938,133.6699981689453,210184
2025-07-28 13:30:00+00:00,133.3300018310547,133.75,131.7760009765625,132.1699981689453,52097
2025-07-28 14:30:00+00:00,132.17999267578125,132.8000030517578,132.12330627441406,132.39999389648438,209071
2025-07-28 15:30:00+00:00,132.49000549316406,133.1999969482422,132.44500732421875,132.92999267578125,64009
2025-07-28 16:30:00+00:00,132.92999267578125,133.1699981689453,132.7100067138672,132.7550048828125,62968
2025-07-28 17:30:00+00:00,132.7449951171875,133.1300048828125,132.58999633789062,133.1300048828125,98808
2025-07-28 18:30:00+00:00,133.0850067138672,133.25,132.74000549316406,132.88560485839844,113143
2025-07-28 19:30:00+00:00,132.86000061035156,133.11000061035156,132.8300018310547,133.0800018310547,314060
2025-07-29 13:30:00+00:00,132.8300018310547,133.52000427246094,132.07000732421875,133.49000549316406,74029
2025-07-29 14:30:00+00:00,133.39999389648438,133.58700561523438,132.88999938964844,133.14999389648438,126445
2025-07-29 15:30:00+00:00,133.11000061035156,133.22999572753906,132.91000366210938,133.125,130190
2025-07-29 16:30:00+00:00,133.1999969482422,133.3800048828125,132.97000122070312,133.19000244140625,80266
2025-07-29 17:30:00+00:00,133.22000122070312,133.27000427246094,132.89999389648438,133.02999877929688,213086
2025-07-29 18:30:00+00:00,133.05999755859375,133.3800048828125,133.03500366210938,133.35000610351562,131379
2025-07-29 19:30:00+00:00,133.35000610351562,133.52999877929688,133.19500732421875,133.49000549316406,441660
2025-07-30 13:30:00+00:00,133.47999572753906,133.77000427246094,133.0800018310547,133.47000122070312,151542
2025-07-30 14:30:00+00:00,133.47999572753906,133.52999877929688,133.15499877929688,133.1999969482422,96229
2025-07-30 15:30:00+00:00,133.1999969482422,133.3300018310547,133.0157012939453,133.2949981689453,162441
2025-07-30 16:30:00+00:00,133.27000427246094,133.35000610351562,133.1699981689453,133.25750732421875,57184
2025-07-30 17:30:00+00:00,133.2550048828125,133.4199981689453,133.11000061035156,133.30999755859375,153422
2025-07-30 18:30:00+00:00,133.30999755859375,133.4600067138672,131.25999450683594,131.6199951171875,461553
2025-07-30 19:30:00+00:00,131.66000366210938,132.13999938964844,131.0399932861328,132.08999633789062,535519
2025-07-31 13:30:00+00:00,130.4499969482422,131.99000549316406,129.52999877929688,130.9949951171875,160154
2025-07-31 14:30:00+00:00,130.91000366210938,130.94000244140625,128.5,129.02000427246094,235120
2025-07-31 15:30:00+00:00,128.99000549316406,129.42999267578125,128.33009338378906,129.38999938964844,159525
2025-07-31 16:30:00+00:00,129.4199981689453,129.75,128.73109436035156,128.78500366210938,109506
2025-07-31 17:30:00+00:00,128.80999755859375,129.32000732421875,128.6999969482422,129.32000732421875,99495
2025-07-31 18:30:00+00:00,129.35000610351562,129.52999877929688,128.82000732421875,128.8699951171875,145721
2025-07-31 19:30:00+00:00,128.91000366210938,129.0500030517578,128.4199981689453,128.88499450683594,266401
2025-08-01 13:30:00+00:00,129.13999938964844,130.0500030517578,126.0,126.5199966430664,229635
2025-08-01 14:30:00+00:00,126.54000091552734,127.45999908447266,126.0500030517578,127.26000213623048,175592
2025-08-01 15:30:00+00:00,127.25,127.93499755859376,126.87000274658205,127.87999725341795,116544
2025-08-01 16:30:00+00:00,127.86000061035156,128.0,127.0999984741211,127.38999938964844,140823
2025-08-01 17:30:00+00:00,127.44000244140624,127.77999877929688,127.31999969482422,127.72000122070312,115239
2025-08-01 18:30:00+00:00,127.72000122070312,128.13499450683594,127.66000366210938,128.00999450683594,147910
2025-08-01 19:30:00+00:00,127.97000122070312,128.5500030517578,127.7209014892578,128.30999755859375,313538
2025-08-04 13:30:00+00:00,127.93000030517578,129.98060607910156,127.87999725341795,129.73500061035156,87858
2025-08-04 14:30:00+00:00,129.8000030517578,130.7100067138672,129.44000244140625,130.67999267578125,93811
2025-08-04 15:30:00+00:00,130.63999938964844,130.97999572753906,130.39999389648438,130.64500427246094,77795
2025-08-04 16:30:00+00:00,130.6999969482422,131.05999755859375,130.66600036621094,130.7449951171875,68061
2025-08-04 17:30:00+00:00,130.77000427246094,130.88999938964844,130.1999969482422,130.44000244140625,115384
2025-08-04 18:30:00+00:00,130.44500732421875,131.55999755859375,130.4219970703125,131.43499755859375,96198
2025-08-04 19:30:00+00:00,131.41000366210938,131.47000122070312,131.1479949951172,131.2100067138672,334572
2025-08-05 13:30:00+00:00,131.80999755859375,132.10000610351562,131.04600524902344,131.66000366210938,106442
2025-08-05 14:30:00+00:00,131.51499938964844,131.94000244140625,131.25999450683594,131.88999938964844,60073
2025-08-05 15:30:00+00:00,131.94000244140625,132.3300018310547,131.82000732421875,132.24000549316406,67307
2025-08-05 16:30:00+00:00,132.32000732421875,132.7572021484375,132.27999877929688,132.5800018310547,42967
2025-08-05 17:30:00+00:00,132.5850067138672,132.7100067138672,132.06500244140625,132.13999938964844,95988
2025-08-05 18:30:00+00:00,132.11000061035156,133.02000427246094,132.10000610351562,132.88999938964844,95701
2025-08-05 19:30:00+00:00,132.83999633789062,133.0,132.5540008544922,132.55999755859375,300094
2025-08-06 13:30:00+00:00,132.97999572753906,133.10499572753906,132.2899932861328,132.7899932861328,71374
2025-08-06 14:30:00+00:00,132.67999267578125,133.6999969482422,132.5500030517578,133.61000061035156,141419
2025-08-06 15:30:00+00:00,133.7100067138672,133.74000549316406,133.27999877929688,133.5449981689453,59895
2025-08-06 16:30:00+00:00,133.61000061035156,133.83999633789062,133.19000244140625,133.47999572753906,44816
2025-08-06 17:30:00+00:00,133.49000549316406,133.72000122070312,133.3000030517578,133.46499633789062,59695
2025-08-06 18:30:00+00:00,133.44000244140625,133.5399932861328,133.1649932861328,133.53500366210938,96357
2025-08-06 19:30:00+00:00,133.55999755859375,133.8350067138672,133.42999267578125,133.4600067138672,207689
2025-08-07 13:30:00+00:00,134.19000244140625,134.65499877929688,132.58999633789062,132.7073974609375,72025
2025-08-07 14:30:00+00:00,132.5399932861328,132.73500061035156,131.74000549316406,132.30499267578125,69311
2025-08-07 15:30:00+00:00,132.3699951171875,133.2100067138672,132.0,133.16000366210938,55243
2025-08-07 16:30:00+00:00,133.1699981689453,133.47000122070312,132.88499450683594,133.22999572753906,56439
2025-08-07 17:30:00+00:00,133.21499633789062,133.52999877929688,133.0399932861328,133.50999450683594,76160
2025-08-07 18:30:00+00:00,133.47000122070312,133.6699981689453,133.35000610351562,133.5399932861328,88257
2025-08-07 19:30:00+00:00,133.55999755859375,134.02999877929688,133.5500030517578,134.0,177592
2025-08-08 13:30:00+00:00,134.02999877929688,134.02999877929688,133.05499267578125,133.5050048828125,53837
2025-08-08 14:30:00+00:00,133.6300048828125,133.92999267578125,133.02999877929688,133.4550018310547,44501
2025-08-08 15:30:00+00:00,133.38999938964844,133.83999633789062,133.11000061035156,133.625,63750
2025-08-08 16:30:00+00:00,133.55999755859375,133.85000610351562,133.3699951171875,133.51499938964844,53271
2025-08-08 17:30:00+00:00,133.4600067138672,133.51499938964844,133.33009338378906,133.3800048828125,38701
2025-08-08 18:30:00+00:00,133.33999633789062,133.52000427246094,133.1699981689453,133.4499969482422,90545
2025-08-08 19:30:00+00:00,133.43629455566406,133.43629455566406,132.91000366210938,133.0800018310547,156749
2025-08-11 13:30:00+00:00,133.35000610351562,134.02999877929688,132.4250030517578,132.58419799804688,62995
2025-08-11 14:30:00+00:00,132.6750030517578,132.9600067138672,131.8699951171875,132.3699951171875,87877
2025-08-11 15:30:00+00:00,132.36000061035156,133.0449981689453,132.22500610351562,132.83999633789062,44359
2025-08-11 16:30:00+00:00,132.82000732421875,132.8699951171875,132.25,132.44000244140625,49825
2025-08-11 17:30:00+00:00,132.47999572753906,133.0800018310547,132.3300018310547,132.97999572753906,64071
2025-08-11 18:30:00+00:00,133.02999877929688,133.60000610351562,132.91000366210938,133.5655975341797,92207
2025-08-11 19:30:00+00:00,133.55499267578125,133.6699981689453,133.19000244140625,133.41000366210938,227003
2025-08-12 13:30:00+00:00,133.89999389648438,134.7899932861328,133.3249969482422,134.1988983154297,63559
2025-08-12 14:30:00+00:00,134.17999267578125,134.72000122070312,133.53500366210938,134.5500030517578,60493
2025-08-12 15:30:00+00:00,134.5500030517578,134.62750244140625,134.05999755859375,134.38499450683594,88983
2025-08-12 16:30:00+00:00,134.38999938964844,134.6999969482422,134.0800018310547,134.38999938964844,90500
2025-08-12 17:30:00+00:00,134.44000244140625,134.50999450683594,134.0500030517578,134.13999938964844,69217
2025-08-12 18:30:00+00:00,134.13999938964844,134.38999938964844,133.99000549316406,134.24000549316406,95287
2025-08-12 19:30:00+00:00,134.3000030517578,134.85000610351562,134.27000427246094,134.75,159464
2025-08-13 13:30:00+00:00,135.0399932861328,137.8000030517578,134.64999389648438,137.7899932861328,102214
2025-08-13 14:30:00+00:00,137.7899932861328,138.1300048828125,136.7899932861328,137.11500549316406,205255
2025-08-13 15:30:00+00:00,137.05999755859375,137.52999877929688,136.83999633789062,137.32000732421875,74859
2025-08-13 16:30:00+00:00,137.3249969482422,137.82000732421875,137.07000732421875,137.07000732421875,99571
2025-08-13 17:30:00+00:00,137.02999877929688,137.46499633789062,136.9600067138672,137.4499969482422,84438
2025-08-13 18:30:00+00:00,137.49000549316406,138.0399932861328,137.49000549316406,137.94000244140625,69733
2025-08-13 19:30:00+00:00,137.97999572753906,138.52999877929688,137.97000122070312,138.0500030517578,282846
2025-08-14 13:30:00+00:00,136.64999389648438,136.98989868164062,135.72999572753906,136.49000549316406,90272
2025-08-14 14:30:00+00:00,136.54930114746094,137.14999389648438,136.54930114746094,136.9250030517578,55900
2025-08-14 15:30:00+00:00,136.94500732421875,137.3800048828125,136.75,136.8300018310547,68404
2025-08-14 16:30:00+00:00,136.85000610351562,137.08999633789062,136.77000427246094,137.00999450683594,54105
2025-08-14 17:30:00+00:00,136.99000549316406,137.3300018310547,136.94000244140625,137.14999389648438,58523
2025-08-14 18:30:00+00:00,137.14739990234375,137.67999267578125,137.07000732421875,137.64999389648438,106869
2025-08-14 19:30:00+00:00,137.63499450683594,137.8699951171875,137.47000122070312,137.8000030517578,190483
2025-08-15 13:30:00+00:00,138.5399932861328,138.89999389648438,137.32000732421875,137.7100067138672,110007
2025-08-15 14:30:00+00:00,137.6649932861328,137.72999572753906,137.22000122070312,137.35000610351562,82745
2025-08-15 15:30:00+00:00,137.31500244140625,137.74000549316406,137.31500244140625,137.4499969482422,71773
2025-08-15 16:30:00+00:00,137.4550018310547,137.6199951171875,137.36500549316406,137.55999755859375,62917
2025-08-15 17:30:00+00:00,137.5500030517578,137.9499969482422,137.44000244140625,137.6699981689453,104561
2025-08-15 18:30:00+00:00,137.6699981689453,137.75999450683594,137.36000061035156,137.63999938964844,152893
2025-08-15 19:30:00+00:00,137.625,137.9199981689453,137.50999450683594,137.80999755859375,262371
2025-08-18 13:30:00+00:00,138.10000610351562,138.10000610351562,137.31500244140625,137.5749969482422,103656
2025-08-18 14:30:00+00:00,137.60499572753906,138.00999450683594,137.58999633789062,137.7899932861328,73626
2025-08-18 15:30:00+00:00,137.8300018310547,137.89999389648438,137.3699951171875,137.41000366210938,47922
2025-08-18 16:30:00+00:00,137.4199981689453,137.77000427246094,137.33999633789062,137.6699981689453,74562
2025-08-18 17:30:00+00:00,137.66000366210938,137.8000030517578,137.42999267578125,137.42999267578125,95959
2025-08-18 18:30:00+00:00,137.38999938964844,137.5500030517578,136.9199981689453,137.25999450683594,107440
2025-08-18 19:30:00+00:00,137.26499938964844,137.4199981689453,137.1300048828125,137.1840057373047,184645
2025-08-19 13:30:00+00:00,137.77000427246094,139.5449981689453,137.5449981689453,139.5449981689453,73371
2025-08-19 14:30:00+00:00,139.42100524902344,139.8000030517578,138.68099975585938,138.9149932861328,58158
2025-08-19 15:30:00+00:00,138.97000122070312,138.99000549316406,138.16099548339844,138.27000427246094,58201
2025-08-19 16:30:00+00:00,138.24000549316406,138.67999267578125,138.19000244140625,138.47000122070312,81965
2025-08-19 17:30:00+00:00,138.4199981689453,138.4199981689453,137.88099670410156,137.91000366210938,40261
2025-08-19 18:30:00+00:00,137.89999389648438,138.8000030517578,137.75,138.6699981689453,67094
2025-08-19 19:30:00+00:00,138.69000244140625,138.80999755859375,138.49000549316406,138.75999450683594,99723
2025-08-20 13:30:00+00:00,139.05999755859375,139.6199951171875,137.5800018310547,137.8300018310547,57308
2025-08-20 14:30:00+00:00,137.6649932861328,138.32000732421875,137.6300048828125,137.80999755859375,65083
2025-08-20 15:30:00+00:00,137.77000427246094,137.77999877929688,137.1009979248047,137.3350067138672,52521
2025-08-20 16:30:00+00:00,137.2100067138672,137.47000122070312,136.88009643554688,137.07000732421875,48840
2025-08-20 17:30:00+00:00,137.02999877929688,137.2899932861328,136.8000030517578,137.0500030517578,67569
2025-08-20 18:30:00+00:00,137.08999633789062,137.35000610351562,136.99000549316406,137.07000732421875,83180
2025-08-20 19:30:00+00:00,137.07000732421875,137.3800048828125,136.89999389648438,136.97000122070312,144828
2025-08-21 13:30:00+00:00,136.13999938964844,136.80999755859375,135.64999389648438,136.02999877929688,66457
2025-08-21 14:30:00+00:00,136.02499389648438,136.02499389648438,135.27999877929688,135.44500732421875,35219
2025-08-21 15:30:00+00:00,135.44500732421875,135.72500610351562,135.13999938964844,135.3699951171875,37035
2025-08-21 16:30:00+00:00,135.38999938964844,135.6300048828125,135.27999877929688,135.31500244140625,32071
2025-08-21 17:30:00+00:00,135.31500244140625,135.88999938964844,135.30999755859375,135.76499938964844,36951
2025-08-21 18:30:00+00:00,135.6999969482422,136.2277069091797,135.6999969482422,136.14999389648438,63825
2025-08-21 19:30:00+00:00,136.1699981689453,136.38999938964844,135.83999633789062,136.32000732421875,258111
2025-08-22 13:30:00+00:00,137.0,138.63999938964844,136.97999572753906,138.52000427246094,93531
2025-08-22 14:30:00+00:00,138.6699981689453,139.6699981689453,138.49749755859375,139.63999938964844,60060
2025-08-22 15:30:00+00:00,139.6999969482422,140.56500244140625,139.60000610351562,140.13499450683594,64329
2025-08-22 16:30:00+00:00,140.2100067138672,140.4600067138672,139.7100067138672,139.92999267578125,65212
2025-08-22 17:30:00+00:00,139.94000244140625,140.80999755859375,139.88999938964844,140.14999389648438,125863
2025-08-22 18:30:00+00:00,140.22000122070312,140.4600067138672,139.91000366210938,140.00999450683594,139391
2025-08-22 19:30:00+00:00,140.02499389648438,140.10000610351562,139.47000122070312,139.5,249190
2025-08-25 13:30:00+00:00,138.86000061035156,139.2100067138672,138.27000427246094,138.77000427246094,75161
2025-08-25 14:30:00+00:00,138.74000549316406,139.3699951171875,138.5800018310547,139.30050659179688,58467
2025-08-25 15:30:00+00:00,139.27999877929688,139.47000122070312,139.15469360351562,139.25999450683594,45141
2025-08-25 16:30:00+00:00,139.25,139.5800018310547,139.25,139.4149932861328,41782
2025-08-25 17:30:00+00:00,139.42999267578125,139.52999877929688,139.1699981689453,139.19000244140625,47892
2025-08-25 18:30:00+00:00,139.17999267578125,139.61000061035156,139.1199951171875,139.44000244140625,62109
2025-08-25 19:30:00+00:00,139.42999267578125,139.5800018310547,139.25,139.2899932861328,161256
2025-08-26 13:30:00+00:00,139.39999389648438,140.66000366210938,139.3300018310547,139.82000732421875,72273
2025-08-26 14:30:00+00:00,139.86000061035156,139.89999389648438,139.41000366210938,139.67999267578125,48142
2025-08-26 15:30:00+00:00,139.66000366210938,139.6999969482422,139.39999389648438,139.6699981689453,50709
2025-08-26 16:30:00+00:00,139.7050018310547,139.85000610351562,139.5500030517578,139.75650024414062,41921
2025-08-26 17:30:00+00:00,139.75999450683594,139.80999755859375,139.22999572753906,139.33999633789062,46718
2025-08-26 18:30:00+00:00,139.36000061035156,139.43499755859375,139.22999572753906,139.3800048828125,60924
2025-08-26 19:30:00+00:00,139.3509979248047,139.38189697265625,138.66000366210938,138.77999877929688,203307
2025-08-27 13:30:00+00:00,138.94000244140625,139.5216064453125,138.30020141601562,138.91000366210938,50022
2025-08-27 14:30:00+00:00,138.97999572753906,139.11000061035156,138.75,138.97999572753906,32370
2025-08-27 15:30:00+00:00,138.93499755859375,139.25999450683594,138.77000427246094,139.25999450683594,44478
2025-08-27 16:30:00+00:00,139.16200256347656,139.27000427246094,138.97000122070312,139.19000244140625,30296
2025-08-27 17:30:00+00:00,139.1999969482422,139.33999633789062,139.0050048828125,139.33999633789062,36262
2025-08-27 18:30:00+00:00,139.33999633789062,139.88999938964844,139.33749389648438,139.86500549316406,60997
2025-08-27 19:30:00+00:00,139.85000610351562,140.02000427246094,139.75,139.85000610351562,127198
2025-08-28 13:30:00+00:00,140.0,140.0,138.97000122070312,139.14999389648438,41674
2025-08-28 14:30:00+00:00,139.15499877929688,139.16000366210938,138.55999755859375,138.60000610351562,36370
2025-08-28 15:30:00+00:00,138.6750030517578,139.0399932861328,138.41000366210938,139.02000427246094,35980
2025-08-28 16:30:00+00:00,139.01499938964844,139.1750030517578,138.8699951171875,138.8699951171875,24128
2025-08-28 17:30:00+00:00,138.86000061035156,139.07000732421875,138.74420166015625,138.97999572753906,50705
2025-08-28 18:30:00+00:00,138.9600067138672,139.5800018310547,138.9499969482422,139.57000732421875,91205
2025-08-28 19:30:00+00:00,139.50999450683594,139.69000244140625,139.2899932861328,139.32000732421875,211308
2025-08-29 13:30:00+00:00,139.94000244140625,140.49000549316406,139.38999938964844,139.42999267578125,51280
2025-08-29 14:30:00+00:00,139.43499755859375,139.50999450683594,138.86000061035156,138.86000061035156,32579
2025-08-29 15:30:00+00:00,138.92999267578125,139.57000732421875,138.85000610351562,139.43499755859375,46678
2025-08-29 16:30:00+00:00,139.39739990234375,139.4499969482422,139.0749969482422,139.13499450683594,27141
2025-08-29 17:30:00+00:00,139.10000610351562,139.22000122070312,138.6699981689453,138.9199981689453,44363
2025-08-29 18:30:00+00:00,138.89999389648438,139.3300018310547,138.89500427246094,139.22500610351562,51571
2025-08-29 19:30:00+00:00,139.22000122070312,139.5050048828125,139.07000732421875,139.3101043701172,198429
2025-09-02 13:30:00+00:00,138.58999633789062,139.17999267578125,137.78500366210938,138.75999450683594,81332
2025-09-02 14:30:00+00:00,138.80999755859375,138.84950256347656,137.92999267578125,137.9949951171875,105037
2025-09-02 15:30:00+00:00,137.9499969482422,138.10459899902344,137.69000244140625,137.77999877929688,57831
2025-09-02 16:30:00+00:00,137.8350067138672,137.9600067138672,137.75999450683594,137.7899932861328,46354
2025-09-02 17:30:00+00:00,137.83999633789062,137.92999267578125,137.50999450683594,137.5800018310547,110733
2025-09-02 18:30:00+00:00,137.60000610351562,137.63999938964844,136.8300018310547,136.8350067138672,82074
2025-09-02 19:30:00+00:00,136.8300018310547,136.86000061035156,136.05999755859375,136.07000732421875,319597
2025-09-03 13:30:00+00:00,136.1199951171875,136.5399932861328,135.35000610351562,135.39999389648438,73731
2025-09-03 14:30:00+00:00,135.47999572753906,136.02000427246094,135.22999572753906,135.91000366210938,50370
2025-09-03 15:30:00+00:00,135.89999389648438,135.92999267578125,135.41000366210938,135.66000366210938,45066
2025-09-03 16:30:00+00:00,135.77499389648438,136.52000427246094,135.77000427246094,136.50999450683594,32775
2025-09-03 17:30:00+00:00,136.51499938964844,136.7100067138672,136.21449279785156,136.7100067138672,48403
2025-09-03 18:30:00+00:00,136.69000244140625,136.86000061035156,136.08999633789062,136.08999633789062,61331
2025-09-03 19:30:00+00:00,136.07000732421875,136.36000061035156,136.02999877929688,136.27999877929688,146329
2025-09-04 13:30:00+00:00,142.75,143.47999572753906,137.24000549316406,138.52000427246094,1029672
2025-09-04 14:30:00+00:00,138.52000427246094,141.30999755859375,138.42999267578125,140.8699951171875,355458
2025-09-04 15:30:00+00:00,140.94000244140625,141.36000061035156,140.41000366210938,140.94749450683594,422269
2025-09-04 16:30:00+00:00,140.94500732421875,141.24000549316406,140.7100067138672,140.94000244140625,209145
2025-09-04 17:30:00+00:00,140.94000244140625,141.1699981689453,140.77000427246094,141.10000610351562,296324
2025-09-04 18:30:00+00:00,141.1199951171875,141.1699981689453,140.69500732421875,140.97000122070312,241634
2025-09-04 19:30:00+00:00,140.97000122070312,141.39999389648438,140.91000366210938,141.25,607293
2025-09-05 13:30:00+00:00,140.4499969482422,142.16000366210938,140.33999633789062,140.64999389648438,413433
2025-09-05 14:30:00+00:00,140.57000732421875,140.63999938964844,139.22999572753906,139.36000061035156,204527
2025-09-05 15:30:00+00:00,139.36000061035156,139.41400146484375,138.6800994873047,138.77999877929688,110559
2025-09-05 16:30:00+00:00,138.7100067138672,138.83399963378906,138.11000061035156,138.47999572753906,95687
2025-09-05 17:30:00+00:00,138.47999572753906,138.8800048828125,138.05499267578125,138.68499755859375,123236
2025-09-05 18:30:00+00:00,138.72999572753906,139.39999389648438,138.72999572753906,139.19000244140625,287815
2025-09-05 19:30:00+00:00,139.1699981689453,139.61000061035156,138.89500427246094,139.4499969482422,539919
2025-09-08 13:30:00+00:00,139.05999755859375,139.41000366210938,137.74000549316406,139.05499267578125,136157
2025-09-08 14:30:00+00:00,139.05499267578125,140.0399932861328,139.0399932861328,140.0399932861328,72703
2025-09-08 15:30:00+00:00,140.07000732421875,140.0800018310547,139.53500366210938,139.56500244140625,92051
2025-09-08 16:30:00+00:00,139.5749969482422,140.05999755859375,139.47000122070312,139.6300048828125,193942
2025-09-08 17:30:00+00:00,139.72999572753906,139.99000549316406,139.3000030517578,139.99000549316406,106266
2025-09-08 18:30:00+00:00,140.0,140.02999877929688,139.30999755859375,139.30999755859375,146122
2025-09-08 19:30:00+00:00,139.38999938964844,139.9499969482422,139.27000427246094,139.86000061035156,350989
2025-09-09 13:30:00+00:00,139.3300018310547,139.73500061035156,138.2899932861328,138.30499267578125,150375
2025-09-09 14:30:00+00:00,138.35000610351562,138.35000610351562,137.57179260253906,138.1999969482422,62501
2025-09-09 15:30:00+00:00,138.24000549316406,138.32522583007812,137.89500427246094,138.02999877929688,50399
2025-09-09 16:30:00+00:00,138.0399932861328,138.3000030517578,138.00059509277344,138.16000366210938,55664
2025-09-09 17:30:00+00:00,138.14999389648438,138.57000732421875,138.07000732421875,138.52999877929688,46366
2025-09-09 18:30:00+00:00,138.5800018310547,138.8000030517578,138.32000732421875,138.4199981689453,142257
2025-09-09 19:30:00+00:00,138.4199981689453,138.97000122070312,138.3000030517578,138.9499969482422,272648
2025-09-10 13:30:00+00:00,138.27999877929688,139.63999938964844,138.0850067138672,138.8350067138672,463305
2025-09-10 14:30:00+00:00,138.74000549316406,138.74000549316406,138.00999450683594,138.55999755859375,79867
2025-09-10 15:30:00+00:00,138.55999755859375,139.0399932861328,138.38999938964844,138.5399932861328,115811
2025-09-10 16:30:00+00:00,138.52499389648438,138.72000122070312,138.22999572753906,138.52999877929688,66599
2025-09-10 17:30:00+00:00,138.52499389648438,138.97000122070312,138.52499389648438,138.89500427246094,63956
2025-09-10 18:30:00+00:00,138.94000244140625,139.37759399414062,138.78500366210938,139.25,259494
2025-09-10 19:30:00+00:00,139.28500366210938,139.72999572753906,139.2100067138672,139.49000549316406,258476
2025-09-11 13:30:00+00:00,139.7899932861328,142.13999938964844,138.74000549316406,141.63499450683594,323339
2025-09-11 14:30:00+00:00,141.63499450683594,142.375,141.4499969482422,142.09500122070312,85323
2025-09-11 15:30:00+00:00,142.10000610351562,142.17999267578125,141.52000427246094,141.85000610351562,87214
2025-09-11 16:30:00+00:00,141.91000366210938,142.36000061035156,141.77520751953125,141.77520751953125,57896
2025-09-11 17:30:00+00:00,141.8800048828125,142.52999877929688,141.74000549316406,142.52999877929688,69161
2025-09-11 18:30:00+00:00,142.5,142.92999267578125,142.3000030517578,142.69000244140625,87841
2025-09-11 19:30:00+00:00,142.7100067138672,143.10499572753906,142.60000610351562,142.72000122070312,234768
2025-09-12 13:30:00+00:00,141.74000549316406,142.5,140.60499572753906,140.61000061035156,77881
2025-09-12 14:30:00+00:00,140.72999572753906,141.38900756835938,140.7100067138672,141.10000610351562,55701
2025-09-12 15:30:00+00:00,141.07000732421875,141.25999450683594,140.92999267578125,141.19000244140625,38507
2025-09-12 16:30:00+00:00,141.14500427246094,141.55999755859375,141.14500427246094,141.52810668945312,30567
2025-09-12 17:30:00+00:00,141.52999877929688,141.97999572753906,141.52999877929688,141.7100067138672,54590
2025-09-12 18:30:00+00:00,141.6999969482422,141.90499877929688,141.2274932861328,141.27999877929688,59871
2025-09-12 19:30:00+00:00,141.25,141.6699981689453,140.83999633789062,141.3300018310547,193589
2025-09-15 13:30:00+00:00,141.0399932861328,141.0399932861328,139.22999572753906,139.58999633789062,60066
2025-09-15 14:30:00+00:00,139.6699981689453,140.2050018310547,139.6699981689453,139.98500061035156,110004
2025-09-15 15:30:00+00:00,139.98500061035156,140.39999389648438,139.75999450683594,140.2899932861328,142678
2025-09-15 16:30:00+00:00,140.25999450683594,140.25999450683594,139.6199951171875,139.75,54043
2025-09-15 17:30:00+00:00,139.77000427246094,140.11000061035156,139.38299560546875,139.39999389648438,56639
2025-09-15 18:30:00+00:00,139.3699951171875,139.6999969482422,139.2449951171875,139.4199981689453,70527
2025-09-15 19:30:00+00:00,139.40499877929688,139.60000610351562,138.97999572753906,139.10000610351562,190565
2025-09-16 13:30:00+00:00,140.0500030517578,140.73500061035156,139.26499938964844,139.39999389648438,146117
2025-09-16 14:30:00+00:00,139.39500427246094,139.99000549316406,139.3242950439453,139.86000061035156,143952
2025-09-16 15:30:00+00:00,139.80499267578125,139.9199981689453,139.3300018310547,139.375,73236
2025-09-16 16:30:00+00:00,139.375,139.8300018310547,139.32000732421875,139.7899932861328,83018
2025-09-16 17:30:00+00:00,139.77999877929688,139.88999938964844,138.91000366210938,139.01499938964844,126875
2025-09-16 18:30:00+00:00,139.00999450683594,139.5850067138672,139.00999450683594,139.4250030517578,154504
2025-09-16 19:30:00+00:00,139.44000244140625,139.88499450683594,139.4199981689453,139.6300048828125,369975
2025-09-17 13:30:00+00:00,140.1199951171875,140.4600067138672,139.5,139.94000244140625,106914
2025-09-17 14:30:00+00:00,139.93499755859375,140.25,139.8000030517578,139.9600067138672,167196
2025-09-17 15:30:00+00:00,139.92999267578125,140.55999755859375,139.92999267578125,140.47000122070312,138649
2025-09-17 16:30:00+00:00,140.5,140.72000122070312,140.4199981689453,140.58999633789062,98906
2025-09-17 17:30:00+00:00,140.55999755859375,142.11000061035156,140.55999755859375,141.58999633789062,184323
2025-09-17 18:30:00+00:00,141.60000610351562,141.60000610351562,139.0500030517578,139.41000366210938,167339
2025-09-17 19:30:00+00:00,139.32000732421875,139.80999755859375,139.07000732421875,139.22999572753906,233626
2025-09-18 13:30:00+00:00,138.4499969482422,139.4499969482422,138.14999389648438,139.4499969482422,85662
2025-09-18 14:30:00+00:00,139.5,139.60000610351562,138.44000244140625,138.75999450683594,64192
2025-09-18 15:30:00+00:00,138.82000732421875,138.88499450683594,138.36000061035156,138.77999877929688,86352
2025-09-18 16:30:00+00:00,138.86000061035156,139.0,138.52000427246094,138.8000030517578,62901
2025-09-18 17:30:00+00:00,138.84950256347656,138.9199981689453,138.4499969482422,138.5,57237
2025-09-18 18:30:00+00:00,138.52000427246094,138.7100067138672,138.31419372558594,138.40199279785156,102595
2025-09-18 19:30:00+00:00,138.3800048828125,138.39500427246094,137.57000732421875,137.91000366210938,204618
2025-09-19 13:30:00+00:00,138.49000549316406,138.75,137.1750030517578,137.1750030517578,118604
2025-09-19 14:30:00+00:00,137.1750030517578,137.74000549316406,136.96499633789062,136.96499633789062,51728
2025-09-19 15:30:00+00:00,136.97000122070312,137.13999938964844,136.8000030517578,136.94500732421875,38334
2025-09-19 16:30:00+00:00,136.88999938964844,136.97000122070312,136.6699981689453,136.80999755859375,36330
2025-09-19 17:30:00+00:00,136.8699951171875,137.08999633789062,136.81500244140625,136.92999267578125,34742
2025-09-19 18:30:00+00:00,136.88999938964844,137.8300018310547,136.80499267578125,137.80999755859375,61584
2025-09-19 19:30:00+00:00,137.74000549316406,137.8300018310547,137.3300018310547,137.3300018310547,183055
2025-09-22 13:30:00+00:00,140.99000549316406,141.4600067138672,138.27999877929688,138.6750030517578,149297
2025-09-22 14:30:00+00:00,138.6649932861328,139.44000244140625,138.3000030517578,138.9199981689453,104889
2025-09-22 15:30:00+00:00,138.97000122070312,139.10000610351562,138.39999389648438,138.47000122070312,61687
2025-09-22 16:30:00+00:00,138.47999572753906,138.50999450683594,138.10499572753906,138.31500244140625,65362
2025-09-22 17:30:00+00:00,138.31500244140625,138.4499969482422,137.4600067138672,137.53500366210938,61792
2025-09-22 18:30:00+00:00,137.5,138.14999389648438,137.42999267578125,137.875,79146
2025-09-22 19:30:00+00:00,137.8300018310547,138.32000732421875,137.72999572753906,137.97999572753906,282273
2025-09-23 13:30:00+00:00,137.88999938964844,139.75999450683594,137.72999572753906,138.39999389648438,153788
2025-09-23 14:30:00+00:00,138.4499969482422,138.97999572753906,137.97999572753906,138.41000366210938,114151
2025-09-23 15:30:00+00:00,138.4149932861328,138.4149932861328,137.8800048828125,138.1300048828125,165613
2025-09-23 16:30:00+00:00,138.1699981689453,138.44000244140625,137.97000122070312,138.07249450683594,116833
2025-09-23 17:30:00+00:00,138.0500030517578,138.44500732421875,137.99000549316406,138.34500122070312,78355
2025-09-23 18:30:00+00:00,138.36849975585938,138.68710327148438,137.97000122070312,138.25,137090
2025-09-23 19:30:00+00:00,138.24000549316406,138.77000427246094,138.0500030517578,138.6699981689453,186553
2025-09-24 13:30:00+00:00,137.77999877929688,139.24000549316406,137.77999877929688,138.64999389648438,60967
2025-09-24 14:30:00+00:00,138.5399932861328,139.5500030517578,138.47000122070312,139.5500030517578,72231
2025-09-24 15:30:00+00:00,139.61000061035156,139.61000061035156,139.0,139.4199981689453,57108
2025-09-24 16:30:00+00:00,139.4199981689453,139.67999267578125,139.3000030517578,139.50999450683594,91193
2025-09-24 17:30:00+00:00,139.51499938964844,139.57000732421875,138.77999877929688,138.96499633789062,64250
2025-09-24 18:30:00+00:00,138.97000122070312,139.27000427246094,138.6999969482422,138.80999755859375,69625
2025-09-24 19:30:00+00:00,138.84500122070312,138.88999938964844,138.57000732421875,138.63499450683594,259570
2025-09-25 13:30:00+00:00,138.00999450683594,138.66000366210938,137.7899932861328,138.4499969482422,80888
2025-09-25 14:30:00+00:00,138.52000427246094,138.5800018310547,136.35000610351562,136.35000610351562,140471
2025-09-25 15:30:00+00:00,136.4149932861328,136.75,136.2899932861328,136.64500427246094,62766
2025-09-25 16:30:00+00:00,136.63999938964844,136.9499969482422,136.42999267578125,136.6699981689453,40172
2025-09-25 17:30:00+00:00,136.55499267578125,136.77000427246094,136.2100067138672,136.58999633789062,58581
2025-09-25 18:30:00+00:00,136.72000122070312,136.74000549316406,136.06689453125,136.2899932861328,96102
2025-09-25 19:30:00+00:00,136.3000030517578,136.5449981689453,135.97000122070312,136.27000427246094,222221
2025-09-26 13:30:00+00:00,136.36000061035156,137.64999389648438,135.970703125,137.19000244140625,51029
2025-09-26 14:30:00+00:00,137.2274932861328,137.75999450683594,137.2274932861328,137.75999450683594,50557
2025-09-26 15:30:00+00:00,137.8800048828125,138.10000610351562,137.61000061035156,138.0449981689453,48588
2025-09-26 16:30:00+00:00,138.05499267578125,138.25999450683594,137.8699951171875,138.19309997558594,45592
2025-09-26 17:30:00+00:00,138.27000427246094,138.27000427246094,137.74000549316406,137.88999938964844,54568
2025-09-26 18:30:00+00:00,137.88999938964844,138.31640625,137.85000610351562,137.85000610351562,81836
2025-09-26 19:30:00+00:00,137.8594970703125,138.07000732421875,137.64999389648438,137.6999969482422,188682
2025-09-29 13:30:00+00:00,137.8000030517578,138.3249969482422,137.1199951171875,138.02000427246094,56156
2025-09-29 14:30:00+00:00,137.86000061035156,138.3800048828125,137.82000732421875,138.3800048828125,63492
2025-09-29 15:30:00+00:00,138.32000732421875,138.32989501953125,137.9156951904297,138.16000366210938,40003
2025-09-29 16:30:00+00:00,138.1239013671875,138.3699951171875,137.96499633789062,138.02000427246094,47216
2025-09-29 17:30:00+00:00,138.07249450683594,138.6999969482422,138.07249450683594,138.6999969482422,55247
2025-09-29 18:30:00+00:00,138.6999969482422,138.9600067138672,138.5449981689453,138.9499969482422,76569
2025-09-29 19:30:00+00:00,138.9600067138672,139.375,138.9600067138672,139.22999572753906,180386
2025-09-30 13:30:00+00:00,139.0,139.82000732421875,138.3699951171875,138.77000427246094,45515
2025-09-30 14:30:00+00:00,138.67999267578125,138.78500366210938,137.89500427246094,138.05999755859375,67281
2025-09-30 15:30:00+00:00,137.96009826660156,138.88999938964844,137.96009826660156,138.88999938964844,41384
2025-09-30 16:30:00+00:00,138.9199981689453,139.13999938964844,138.52999877929688,138.6300048828125,60834
2025-09-30 17:30:00+00:00,138.5800018310547,138.69000244140625,138.11000061035156,138.44000244140625,66224
2025-09-30 18:30:00+00:00,138.39920043945312,139.14500427246094,138.1999969482422,138.9949951171875,83231
2025-09-30 19:30:00+00:00,139.0399932861328,139.0500030517578,138.49000549316406,138.60000610351562,179114
2025-10-01 13:30:00+00:00,138.63999938964844,139.5,138.03750610351562,138.9149932861328,71375
2025-10-01 14:30:00+00:00,138.92750549316406,139.17999267578125,138.4149932861328,138.82000732421875,50545
2025-10-01 15:30:00+00:00,138.72999572753906,138.82000732421875,137.9199981689453,137.9199981689453,38377
2025-10-01 16:30:00+00:00,137.88999938964844,138.2949981689453,137.61000061035156,138.27999877929688,38419
2025-10-01 17:30:00+00:00,138.35000610351562,138.5500030517578,138.11000061035156,138.47000122070312,55424
2025-10-01 18:30:00+00:00,138.39999389648438,138.88999938964844,138.30999755859375,138.52000427246094,63450
2025-10-01 19:30:00+00:00,138.49000549316406,138.72500610351562,138.1199951171875,138.2100067138672,162513
2025-10-02 13:30:00+00:00,138.44000244140625,139.82000732421875,137.97999572753906,139.5399932861328,136285
2025-10-02 14:30:00+00:00,139.42999267578125,139.9600067138672,139.21009826660156,139.5,94313
2025-10-02 15:30:00+00:00,139.5800018310547,139.99000549316406,139.47500610351562,139.85000610351562,58492
2025-10-02 16:30:00+00:00,139.8300018310547,139.85000610351562,139.36000061035156,139.6199951171875,94489
2025-10-02 17:30:00+00:00,139.66000366210938,139.9499969482422,139.5,139.88999938964844,125026
2025-10-02 18:30:00+00:00,139.88999938964844,140.7550048828125,139.88999938964844,140.41000366210938,180905
2025-10-02 19:30:00+00:00,140.4499969482422,140.50999450683594,140.24000549316406,140.3800048828125,259881
2025-10-03 13:30:00+00:00,140.07000732421875,140.38999938964844,139.34500122070312,140.24000549316406,59320
2025-10-03 14:30:00+00:00,140.2449951171875,140.6074981689453,139.88999938964844,140.02999877929688,75636
2025-10-03 15:30:00+00:00,140.0500030517578,140.5500030517578,140.0399932861328,140.13499450683594,68663
2025-10-03 16:30:00+00:00,140.11000061035156,140.25999450683594,140.0,140.09500122070312,63161
2025-10-03 17:30:00+00:00,140.0399932861328,140.14999389648438,139.78500366210938,139.8699951171875,48105
2025-10-03 18:30:00+00:00,139.84500122070312,139.84500122070312,139.34500122070312,139.77000427246094,65324
2025-10-03 19:30:00+00:00,139.7899932861328,140.02000427246094,139.69000244140625,139.75,142013
2025-10-06 13:30:00+00:00,139.3800048828125,139.52000427246094,138.0800018310547,138.6999969482422,97782
2025-10-06 14:30:00+00:00,138.6999969482422,139.3350067138672,138.6999969482422,139.0800018310547,142965
2025-10-06 15:30:00+00:00,139.10499572753906,139.10499572753906,138.77499389648438,138.875,85203
2025-10-06 16:30:00+00:00,138.91000366210938,139.02499389648438,138.6199951171875,138.7899932861328,56370
2025-10-06 17:30:00+00:00,138.82000732421875,138.94000244140625,138.45010375976562,138.52000427246094,52493
2025-10-06 18:30:00+00:00,138.52000427246094,138.55999755859375,138.2899932861328,138.3000030517578,67979
2025-10-06 19:30:00+00:00,138.27999877929688,138.75999450683594,138.25999450683594,138.4600067138672,164726
2025-10-07 13:30:00+00:00,138.49000549316406,138.49000549316406,136.3000030517578,136.48989868164062,48869
2025-10-07 14:30:00+00:00,136.32000732421875,136.86500549316406,136.32000732421875,136.8300018310547,57155
2025-10-07 15:30:00+00:00,136.86000061035156,137.0,136.2550048828125,136.2949981689453,62796
2025-10-07 16:30:00+00:00,136.2700958251953,136.4470977783203,136.10000610351562,136.1199951171875,45853
2025-10-07 17:30:00+00:00,136.16000366210938,136.22000122070312,135.69000244140625,135.83590698242188,57506
2025-10-07 18:30:00+00:00,135.85000610351562,136.0500030517578,135.69000244140625,135.75,90090
2025-10-07 19:30:00+00:00,135.7449951171875,136.05999755859375,135.72999572753906,135.97999572753906,226145
2025-10-08 13:30:00+00:00,135.89999389648438,135.89999389648438,134.35000610351562,134.8300018310547,72518
2025-10-08 14:30:00+00:00,134.8300018310547,135.2899932861328,134.6999969482422,134.9199981689453,73221
2025-10-08 15:30:00+00:00,134.80999755859375,134.80999755859375,134.44000244140625,134.46499633789062,49977
2025-10-08 16:30:00+00:00,134.52999877929688,134.52999877929688,134.19000244140625,134.33999633789062,48089
2025-10-08 17:30:00+00:00,134.32000732421875,134.5500030517578,134.11000061035156,134.18460083007812,72969
2025-10-08 18:30:00+00:00,134.14500427246094,134.2899932861328,133.77999877929688,134.0399932861328,102861
2025-10-08 19:30:00+00:00,134.0,134.14999389648438,133.57000732421875,133.72000122070312,237789
2025-10-09 13:30:00+00:00,132.77000427246094,133.0500030517578,130.8699951171875,131.8000030517578,130087
2025-10-09 14:30:00+00:00,131.8000030517578,131.92999267578125,130.5,130.58709716796875,106567
2025-10-09 15:30:00+00:00,130.5,130.99000549316406,130.32000732421875,130.86000061035156,92590
2025-10-09 16:30:00+00:00,130.86000061035156,131.1199951171875,130.80999755859375,131.11000061035156,70319
2025-10-09 17:30:00+00:00,131.07000732421875,131.2899932861328,131.03500366210938,131.125,76695
2025-10-09 18:30:00+00:00,131.08999633789062,131.4499969482422,131.0,131.36000061035156,90929
2025-10-09 19:30:00+00:00,131.33999633789062,131.63999938964844,131.32000732421875,131.50999450683594,221943
2025-10-10 13:30:00+00:00,131.52000427246094,132.0,130.88999938964844,131.69000244140625,81218
2025-10-10 14:30:00+00:00,131.78500366210938,132.41749572753906,130.42999267578125,131.0,147481
2025-10-10 15:30:00+00:00,131.02000427246094,131.3000030517578,129.9949951171875,130.86000061035156,101840
2025-10-10 16:30:00+00:00,130.8000030517578,131.05999755859375,130.49000549316406,130.52499389648438,61853
2025-10-10 17:30:00+00:00,130.53500366210938,131.49000549316406,130.5,131.1999969482422,89357
2025-10-10 18:30:00+00:00,131.16000366210938,131.1699981689453,130.39999389648438,130.5,84854
2025-10-10 19:30:00+00:00,130.52000427246094,131.14999389648438,130.25,130.3800048828125,208965
2025-10-13 13:30:00+00:00,130.22999572753906,131.50999450683594,130.22999572753906,130.69000244140625,104423
2025-10-13 14:30:00+00:00,130.63999938964844,131.69000244140625,130.44000244140625,131.57000732421875,90898
2025-10-13 15:30:00+00:00,131.55999755859375,131.81500244140625,131.3300018310547,131.39999389648438,68004
2025-10-13 16:30:00+00:00,131.3699951171875,131.6699981689453,131.1800994873047,131.4149932861328,64347
2025-10-13 17:30:00+00:00,131.4149932861328,131.63999938964844,131.07009887695312,131.52000427246094,59001
2025-10-13 18:30:00+00:00,131.52000427246094,131.67999267578125,130.88999938964844,131.50999450683594,104935
2025-10-13 19:30:00+00:00,131.52000427246094,131.86000061035156,131.52000427246094,131.7100067138672,249192
2025-10-14 13:30:00+00:00,131.30999755859375,132.5449981689453,130.86300659179688,132.22000122070312,62302
2025-10-14 14:30:00+00:00,132.0800018310547,132.58999633789062,131.9199981689453,132.36000061035156,47190
2025-10-14 15:30:00+00:00,132.28500366210938,132.72999572753906,132.25999450683594,132.60989379882812,53671
2025-10-14 16:30:00+00:00,132.55999755859375,133.10000610351562,132.55999755859375,133.0500030517578,50201
2025-10-14 17:30:00+00:00,133.04750061035156,133.72999572753906,132.97500610351562,133.6699981689453,56635
2025-10-14 18:30:00+00:00,133.64999389648438,133.99000549316406,133.60389709472656,133.88999938964844,89300
2025-10-14 19:30:00+00:00,133.86000061035156,133.86000061035156,133.0500030517578,133.6999969482422,225573
2025-10-15 13:30:00+00:00,133.72000122070312,135.32000732421875,132.822998046875,134.7100067138672,38659
2025-10-15 14:30:00+00:00,134.71499633789062,134.71499633789062,134.0800018310547,134.09500122070312,30826
2025-10-15 15:30:00+00:00,133.97000122070312,133.97000122070312,133.49000549316406,133.875,45443
2025-10-15 16:30:00+00:00,133.83999633789062,133.88999938964844,133.1649932861328,133.3800048828125,31241
2025-10-15 17:30:00+00:00,133.52000427246094,133.74000549316406,133.47000122070312,133.6300048828125,30334
2025-10-15 18:30:00+00:00,133.5800018310547,133.92999267578125,133.52999877929688,133.52999877929688,54629
2025-10-15 19:30:00+00:00,133.5500030517578,133.72000122070312,133.35000610351562,133.58999633789062,132525
2025-10-16 13:30:00+00:00,133.69000244140625,134.16119384765625,132.42999267578125,133.3800048828125,64773
2025-10-16 14:30:00+00:00,133.3800048828125,133.40240478515625,132.8300018310547,133.02000427246094,61634
2025-10-16 15:30:00+00:00,133.01499938964844,133.60000610351562,132.9199981689453,133.0800018310547,66528
2025-10-16 16:30:00+00:00,132.99000549316406,133.42999267578125,132.60000610351562,133.31500244140625,54257
2025-10-16 17:30:00+00:00,133.35000610351562,133.36000061035156,132.72999572753906,133.0,68586
2025-10-16 18:30:00+00:00,132.9600067138672,133.52000427246094,132.72000122070312,133.36000061035156,140625
2025-10-16 19:30:00+00:00,133.3350067138672,133.7899932861328,133.1699981689453,133.77999877929688,181088
2025-10-17 13:30:00+00:00,134.08999633789062,134.36000061035156,133.49000549316406,133.6425018310547,93023
2025-10-17 14:30:00+00:00,133.6300048828125,134.05499267578125,133.47999572753906,134.0050048828125,68527
2025-10-17 15:30:00+00:00,134.0,134.55999755859375,133.88999938964844,134.2449951171875,102760
2025-10-17 16:30:00+00:00,134.1750030517578,134.22999572753906,133.17999267578125,133.17999267578125,80730
2025-10-17 17:30:00+00:00,133.22000122070312,133.5,132.9250030517578,133.13999938964844,131768
2025-10-17 18:30:00+00:00,133.13999938964844,133.44940185546875,132.96749877929688,133.33999633789062,155529
2025-10-17 19:30:00+00:00,133.2899932861328,133.60000610351562,133.05999755859375,133.0800018310547,311185
2025-10-20 13:30:00+00:00,133.52000427246094,133.52000427246094,131.53500366210938,131.81500244140625,303610
2025-10-20 14:30:00+00:00,131.60679626464844,132.26499938964844,131.30999755859375,131.74000549316406,173940
2025-10-20 15:30:00+00:00,131.69000244140625,132.61000061035156,131.63999938964844,132.47999572753906,125192
2025-10-20 16:30:00+00:00,132.5,132.8300018310547,132.3350067138672,132.49000549316406,87835
2025-10-20 17:30:00+00:00,132.5399932861328,132.66000366210938,132.17999267578125,132.19500732421875,123456
2025-10-20 18:30:00+00:00,132.22500610351562,132.3699951171875,131.8249969482422,131.8300018310547,145006
2025-10-20 19:30:00+00:00,131.86000061035156,132.24000549316406,131.67999267578125,131.77999877929688,393576
2025-10-21 13:30:00+00:00,133.0,136.8699951171875,130.6154022216797,134.63999938964844,594633
2025-10-21 14:30:00+00:00,134.52000427246094,135.56500244140625,134.25,135.5,564117
2025-10-21 15:30:00+00:00,135.57000732421875,135.75,134.22500610351562,134.33999633789062,399989
2025-10-21 16:30:00+00:00,134.4499969482422,135.80999755859375,133.94500732421875,135.19000244140625,168483
2025-10-21 17:30:00+00:00,135.22999572753906,135.2899932861328,133.6300048828125,133.9949951171875,168491
2025-10-21 18:30:00+00:00,134.0399932861328,134.19000244140625,133.38999938964844,133.57000732421875,237369
2025-10-21 19:30:00+00:00,133.57000732421875,134.5800018310547,133.50999450683594,134.47999572753906,348085
2025-10-22 13:30:00+00:00,134.50999450683594,134.50999450683594,133.27000427246094,133.6300048828125,134311
2025-10-22 14:30:00+00:00,133.7899932861328,134.72999572753906,133.66000366210938,134.42999267578125,122499
2025-10-22 15:30:00+00:00,134.4199981689453,134.5800018310547,133.10130310058594,133.42999267578125,137458
2025-10-22 16:30:00+00:00,133.5,133.7100067138672,132.85000610351562,133.32000732421875,92083
2025-10-22 17:30:00+00:00,133.36000061035156,133.55999755859375,132.7899932861328,133.47000122070312,92052
2025-10-22 18:30:00+00:00,133.44000244140625,133.66000366210938,133.10000610351562,133.60000610351562,159945
2025-10-22 19:30:00+00:00,133.66990661621094,133.66990661621094,132.67999267578125,132.86000061035156,349994
2025-10-23 13:30:00+00:00,133.0,133.26499938964844,132.10499572753906,132.1300048828125,106771
2025-10-23 14:30:00+00:00,132.14999389648438,133.08999633789062,131.91000366210938,132.89999389648438,183107
2025-10-23 15:30:00+00:00,132.92999267578125,132.92999267578125,129.93499755859375,130.75999450683594,216945
2025-10-23 16:30:00+00:00,130.78500366210938,132.02999877929688,130.78500366210938,132.0,105584
2025-10-23 17:30:00+00:00,132.03500366210938,133.67999267578125,132.03500366210938,133.5500030517578,161465
2025-10-23 18:30:00+00:00,133.57000732421875,133.67999267578125,133.08999633789062,133.28900146484375,103241
2025-10-23 19:30:00+00:00,133.2449951171875,133.35000610351562,132.8000030517578,133.27999877929688,250929
2025-10-24 13:30:00+00:00,133.9199981689453,133.99000549316406,132.35499572753906,132.3699951171875,131239
2025-10-24 14:30:00+00:00,132.2899932861328,132.52000427246094,131.96499633789062,132.29429626464844,55841
2025-10-24 15:30:00+00:00,132.24000549316406,132.5399932861328,131.75999450683594,132.4600067138672,136037
2025-10-24 16:30:00+00:00,132.46499633789062,132.52000427246094,131.5399932861328,131.625,118243
2025-10-24 17:30:00+00:00,131.6199951171875,131.6199951171875,131.08999633789062,131.13999938964844,117621
2025-10-24 18:30:00+00:00,131.1300048828125,131.90499877929688,131.10000610351562,131.52000427246094,141822
2025-10-24 19:30:00+00:00,131.49000549316406,131.49000549316406,130.85000610351562,130.92999267578125,258815
2025-10-27 13:30:00+00:00,130.97999572753906,131.4044952392578,129.7899932861328,130.39999389648438,143511
2025-10-27 14:30:00+00:00,130.4199981689453,130.6199951171875,129.99000549316406,130.57000732421875,78760
2025-10-27 15:30:00+00:00,130.5399932861328,130.7899932861328,130.3699951171875,130.5800018310547,96119
2025-10-27 16:30:00+00:00,130.625,130.6300048828125,130.2449951171875,130.4199981689453,68507
2025-10-27 17:30:00+00:00,130.44000244140625,131.08999633789062,130.14500427246094,130.9199981689453,149514
2025-10-27 18:30:00+00:00,130.96499633789062,131.125,130.6699981689453,131.02999877929688,154990
2025-10-27 19:30:00+00:00,131.03500366210938,131.42999267578125,130.9199981689453,131.4199981689453,261205
2025-10-28 13:30:00+00:00,130.80999755859375,131.75999450683594,130.4199981689453,131.69500732421875,63514
2025-10-28 14:30:00+00:00,131.7899932861328,132.2949981689453,131.7899932861328,131.8300018310547,49758
2025-10-28 15:30:00+00:00,131.75999450683594,132.5,131.7324981689453,132.47999572753906,64951
2025-10-28 16:30:00+00:00,132.5,132.97000122070312,132.36000061035156,132.4499969482422,72907
2025-10-28 17:30:00+00:00,132.49000549316406,132.49000549316406,132.02999877929688,132.11000061035156,63017
2025-10-28 18:30:00+00:00,132.13999938964844,132.33999633789062,131.77999877929688,131.8249969482422,145751
2025-10-28 19:30:00+00:00,131.8529052734375,131.8529052734375,131.39999389648438,131.6199951171875,213072
2025-10-29 13:30:00+00:00,130.75,131.8000030517578,130.75,131.6699981689453,65072
2025-10-29 14:30:00+00:00,131.5540008544922,131.6300048828125,130.83999633789062,130.90499877929688,61222
2025-10-29 15:30:00+00:00,130.8699951171875,131.1595001220703,130.57000732421875,130.74000549316406,81966
2025-10-29 16:30:00+00:00,130.72999572753906,130.92999267578125,130.4949951171875,130.76499938964844,71872
2025-10-29 17:30:00+00:00,130.67999267578125,130.7100067138672,129.8939971923828,129.96499633789062,76103
2025-10-29 18:30:00+00:00,130.02999877929688,130.0399932861328,128.6300048828125,129.1999969482422,145713
2025-10-29 19:30:00+00:00,129.19500732421875,129.2100067138672,128.74000549316406,129.17999267578125,242191
2025-10-30 13:30:00+00:00,128.80999755859375,130.83999633789062,128.2449951171875,130.5500030517578,77088
2025-10-30 14:30:00+00:00,130.66000366210938,131.57000732421875,130.66000366210938,130.91070556640625,63145
2025-10-30 15:30:00+00:00,130.95680236816406,131.14999389648438,130.80999755859375,130.80999755859375,61687
2025-10-30 16:30:00+00:00,130.80999755859375,130.83999633789062,130.2949981689453,130.6649932861328,32997
2025-10-30 17:30:00+00:00,130.58999633789062,130.61000061035156,129.97999572753906,130.0500030517578,47907
2025-10-30 18:30:00+00:00,130.0,130.02999877929688,129.08999633789062,129.22000122070312,69230
2025-10-30 19:30:00+00:00,129.22000122070312,129.24000549316406,128.2899932861328,128.39999389648438,171964
2025-10-31 13:30:00+00:00,127.48999786376952,128.3800048828125,126.5,128.3800048828125,54307
2025-10-31 14:30:00+00:00,128.33999633789062,128.3800048828125,127.61499786376952,127.6999969482422,57843
2025-10-31 15:30:00+00:00,127.66999816894533,127.9800033569336,127.20999908447266,127.77999877929688,83899
2025-10-31 16:30:00+00:00,127.81500244140624,127.95500183105467,127.3499984741211,127.58999633789062,47350
2025-10-31 17:30:00+00:00,127.61000061035156,127.98999786376952,127.34500122070312,127.7699966430664,56545
2025-10-31 18:30:00+00:00,127.7699966430664,127.94000244140624,127.33499908447266,127.38999938964844,74716
2025-10-31 19:30:00+00:00,127.43000030517578,127.80999755859376,127.2249984741211,127.33999633789062,162669
2025-11-03 14:30:00+00:00,126.3000030517578,126.96499633789062,124.91999816894533,125.5,131878
2025-11-03 15:30:00+00:00,125.48500061035156,126.02999877929688,125.31500244140624,125.37999725341795,99100
2025-11-03 16:30:00+00:00,125.3550033569336,125.51499938964844,124.7750015258789,124.8499984741211,74727
2025-11-03 17:30:00+00:00,124.91000366210938,124.97000122070312,124.37999725341795,124.48500061035156,96007
2025-11-03 18:30:00+00:00,124.5199966430664,124.79000091552734,124.4000015258789,124.62000274658205,76360
2025-11-03 19:30:00+00:00,124.61000061035156,124.62999725341795,123.62999725341795,123.63999938964844,196033
2025-11-03 20:30:00+00:00,123.6750030517578,123.8499984741211,123.0250015258789,123.62000274658205,437355
2025-11-04 14:30:00+00:00,123.04000091552734,123.4800033569336,121.5999984741211,121.5999984741211,156323
2025-11-04 15:30:00+00:00,121.7300033569336,122.58000183105467,121.62000274658205,122.20999908447266,178287
2025-11-04 16:30:00+00:00,122.31999969482422,122.88990020751952,122.26000213623048,122.81500244140624,135119
2025-11-04 17:30:00+00:00,122.81500244140624,122.87000274658205,122.41999816894533,122.7699966430664,93851
2025-11-04 18:30:00+00:00,122.9000015258789,123.0199966430664,122.54000091552734,122.6050033569336,73605
2025-11-04 19:30:00+00:00,122.55999755859376,123.37999725341795,122.31999969482422,123.15499877929688,117449
2025-11-04 20:30:00+00:00,123.16000366210938,123.25,122.6500015258789,122.72000122070312,325272
2025-11-05 14:30:00+00:00,122.61000061035156,124.66000366210938,122.45999908447266,123.5999984741211,100100
2025-11-05 15:30:00+00:00,123.58999633789062,123.9800033569336,123.2699966430664,123.80999755859376,137810
2025-11-05 16:30:00+00:00,123.91999816894533,125.29000091552734,123.8373031616211,124.68000030517578,115906
2025-11-05 17:30:00+00:00,124.73999786376952,125.01000213623048,124.30999755859376,124.5500030517578,72600
2025-11-05 18:30:00+00:00,124.47000122070312,124.5374984741211,123.73999786376952,124.06999969482422,63911
2025-11-05 19:30:00+00:00,124.01000213623048,124.41000366210938,123.99500274658205,124.1449966430664,99629
2025-11-05 20:30:00+00:00,124.1449966430664,124.62999725341795,124.11000061035156,124.5999984741211,290370
2025-11-06 14:30:00+00:00,124.01000213623048,125.29000091552734,123.47000122070312,125.0,77441
2025-11-06 15:30:00+00:00,125.12999725341795,125.22000122070312,124.5,124.7300033569336,134703
2025-11-06 16:30:00+00:00,124.66500091552734,124.79000091552734,124.2979965209961,124.5999984741211,105945
2025-11-06 17:30:00+00:00,124.5999984741211,124.69000244140624,124.1500015258789,124.6698989868164,81762
2025-11-06 18:30:00+00:00,124.62000274658205,125.08999633789062,124.41999816894533,124.98999786376952,106355
2025-11-06 19:30:00+00:00,124.9749984741211,125.09500122070312,124.5,125.01000213623048,148230
2025-11-06 20:30:00+00:00,125.0199966430664,125.18049621582033,124.80999755859376,125.05999755859376,243158
2025-11-07 14:30:00+00:00,125.0,126.0999984741211,124.9250030517578,124.9863739013672,63790
2025-11-07 15:30:00+00:00,124.9800033569336,125.87999725341795,124.9800033569336,125.49500274658205,68175
2025-11-07 16:30:00+00:00,125.48999786376952,125.76000213623048,125.41000366210938,125.68499755859376,67174
2025-11-07 17:30:00+00:00,125.63999938964844,126.48999786376952,125.51000213623048,126.12000274658205,96682
2025-11-07 18:30:00+00:00,126.1500015258789,126.33000183105467,125.81999969482422,126.1999969482422,58771
2025-11-07 19:30:00+00:00,126.30999755859376,126.98999786376952,126.30999755859376,126.9250030517578,91213
2025-11-07 20:30:00+00:00,126.9800033569336,127.1999969482422,126.5999984741211,126.63999938964844,253793
2025-11-10 14:30:00+00:00,126.62999725341795,127.26000213623048,125.29000091552734,125.9000015258789,82057
2025-11-10 15:30:00+00:00,125.93000030517578,126.51499938964844,125.7699966430664,126.27354431152344,63830
2025-11-10 16:30:00+00:00,126.16999816894533,126.30999755859376,125.98500061035156,126.0749969482422,45726
2025-11-10 17:30:00+00:00,126.13999938964844,126.44499969482422,125.9469985961914,126.08000183105467,72313
2025-11-10 18:30:00+00:00,126.08999633789062,126.60900115966795,126.06999969482422,126.5,76278
2025-11-10 19:30:00+00:00,126.50499725341795,126.73989868164062,126.3000030517578,126.5,73979
2025-11-10 20:30:00+00:00,126.47100067138672,126.5,124.8949966430664,125.1500015258789,255507
2025-11-11 14:30:00+00:00,125.72000122070312,126.16000366210938,125.00499725341795,125.87999725341795,45783
2025-11-11 15:30:00+00:00,126.10449981689452,126.62999725341795,125.73999786376952,126.06999969482422,54520
2025-11-11 16:30:00+00:00,126.0500030517578,126.7300033569336,126.02999877929688,126.69000244140624,54127
2025-11-11 17:30:00+00:00,126.62999725341795,127.0998992919922,126.29000091552734,126.98999786376952,56290
2025-11-11 18:30:00+00:00,127.0199966430664,127.5,127.0199966430664,127.41500091552734,69044
2025-11-11 19:30:00+00:00,127.42120361328124,127.42120361328124,126.9800033569336,127.20999908447266,117805
2025-11-11 20:30:00+00:00,127.21839904785156,127.36000061035156,127.04000091552734,127.2699966430664,188898
2025-11-12 14:30:00+00:00,127.23999786376952,128.6999969482422,127.23999786376952,127.87000274658205,65742
2025-11-12 15:30:00+00:00,127.94499969482422,128.5,127.87000274658205,127.99500274658205,47653
2025-11-12 16:30:00+00:00,128.10000610351562,128.89999389648438,128.07000732421875,128.35000610351562,67025
2025-11-12 17:30:00+00:00,128.36000061035156,128.53500366210938,128.0749969482422,128.0749969482422,66735
2025-11-12 18:30:00+00:00,128.1199951171875,128.2550048828125,127.75,127.75,144194
2025-11-12 19:30:00+00:00,127.75,127.8550033569336,127.15499877929688,127.26000213623048,133540
2025-11-12 20:30:00+00:00,127.30500030517578,127.8249969482422,126.95999908447266,127.12000274658205,230083
2025-11-13 14:30:00+00:00,128.75999450683594,130.22999572753906,128.1699981689453,129.76499938964844,77576
2025-11-13 15:30:00+00:00,129.69000244140625,129.6999969482422,129.00999450683594,129.08230590820312,55992
2025-11-13 16:30:00+00:00,128.92999267578125,129.10000610351562,128.47000122070312,128.83999633789062,72879
2025-11-13 17:30:00+00:00,128.77999877929688,128.92999267578125,128.57000732421875,128.7899932861328,73295
2025-11-13 18:30:00+00:00,128.82000732421875,128.91000366210938,128.6300048828125,128.69000244140625,59773
2025-11-13 19:30:00+00:00,128.6699981689453,128.69500732421875,127.26000213623048,127.5999984741211,114572
2025-11-13 20:30:00+00:00,127.625,127.93000030517578,127.54000091552734,127.63999938964844,172194
2025-11-14 14:30:00+00:00,127.83999633789062,128.60000610351562,126.9000015258789,127.43000030517578,86873
2025-11-14 15:30:00+00:00,127.25,127.4800033569336,126.86000061035156,127.30999755859376,72331
2025-11-14 16:30:00+00:00,127.38999938964844,127.41000366210938,126.87000274658205,127.05999755859376,69693
2025-11-14 17:30:00+00:00,127.1500015258789,127.6999969482422,127.0749969482422,127.52999877929688,62467
2025-11-14 18:30:00+00:00,127.51730346679688,127.51730346679688,127.08000183105467,127.15499877929688,95719
2025-11-14 19:30:00+00:00,127.20999908447266,127.91000366210938,127.0999984741211,127.44000244140624,72174
2025-11-14 20:30:00+00:00,127.38999938964844,127.68000030517578,127.26000213623048,127.27999877929688,131468
2025-11-17 14:30:00+00:00,127.12999725341795,127.94000244140624,125.97000122070312,127.20999908447266,50737
2025-11-17 15:30:00+00:00,127.22000122070312,127.44000244140624,126.7300033569336,127.33999633789062,73925
2025-11-17 16:30:00+00:00,127.47000122070312,127.5999984741211,127.29000091552734,127.34510040283205,43254
2025-11-17 17:30:00+00:00,127.41000366210938,127.5999984741211,127.05999755859376,127.12000274658205,62746
2025-11-17 18:30:00+00:00,127.05999755859376,127.22000122070312,126.9499969482422,127.1500015258789,69728
2025-11-17 19:30:00+00:00,127.1500015258789,127.1500015258789,126.62999725341795,127.04000091552734,169778
2025-11-17 20:30:00+00:00,127.04949951171876,127.18000030517578,126.58000183105467,126.61000061035156,360432
2025-11-18 14:30:00+00:00,125.81999969482422,127.11000061035156,125.04000091552734,126.6999969482422,99007
2025-11-18 15:30:00+00:00,126.62000274658205,127.0500030517578,126.34839630126952,127.02999877929688,171121
2025-11-18 16:30:00+00:00,127.0199966430664,127.12000274658205,126.16999816894533,126.20999908447266,73303
2025-11-18 17:30:00+00:00,126.1500015258789,127.12000274658205,126.02999877929688,126.69000244140624,87516
2025-11-18 18:30:00+00:00,126.7249984741211,126.73999786376952,126.37999725341795,126.47000122070312,95545
2025-11-18 19:30:00+00:00,126.48999786376952,126.94000244140624,126.3209991455078,126.37999725341795,100193
2025-11-18 20:30:00+00:00,126.38999938964844,126.62000274658205,126.12999725341795,126.1999969482422,229766
2025-11-19 14:30:00+00:00,125.91999816894533,126.42769622802734,125.45999908447266,125.66999816894533,43489
2025-11-19 15:30:00+00:00,125.69650268554688,125.70500183105467,124.31999969482422,124.56999969482422,47904
2025-11-19 16:30:00+00:00,124.48999786376952,125.12000274658205,124.48999786376952,124.97000122070312,44131
2025-11-19 17:30:00+00:00,124.99500274658205,125.12999725341795,124.72000122070312,125.03730010986328,60730
2025-11-19 18:30:00+00:00,125.00499725341795,125.31999969482422,124.56500244140624,124.61499786376952,77446
2025-11-19 19:30:00+00:00,124.70999908447266,125.2300033569336,124.4499969482422,125.12999725341795,93309
2025-11-19 20:30:00+00:00,125.04000091552734,125.44000244140624,124.79000091552734,125.38999938964844,177394
2025-11-20 14:30:00+00:00,125.51000213623048,127.23999786376952,125.30500030517578,126.79000091552734,60384
2025-11-20 15:30:00+00:00,126.93000030517578,126.9499969482422,126.16999816894533,126.2834014892578,38825
2025-11-20 16:30:00+00:00,126.19000244140624,126.3000030517578,124.7699966430664,124.8499984741211,65416
2025-11-20 17:30:00+00:00,124.87999725341795,125.41999816894533,124.72000122070312,125.21499633789062,53524
2025-11-20 18:30:00+00:00,125.2699966430664,125.44000244140624,125.01000213623048,125.44000244140624,67234
2025-11-20 19:30:00+00:00,125.44000244140624,125.5999984741211,125.08999633789062,125.31999969482422,91024
2025-11-20 20:30:00+00:00,125.31999969482422,125.37999725341795,124.75,125.02999877929688,219819
2025-11-21 14:30:00+00:00,125.62000274658205,128.22000122070312,125.61000061035156,128.22000122070312,116730
2025-11-21 15:30:00+00:00,128.16000366210938,128.64999389648438,127.8499984741211,128.52000427246094,103752
2025-11-21 16:30:00+00:00,128.47000122070312,130.2100067138672,128.47000122070312,129.8699951171875,86324
2025-11-21 17:30:00+00:00,129.8699951171875,129.97000122070312,129.06500244140625,129.1699981689453,75079
2025-11-21 18:30:00+00:00,129.2100067138672,129.52000427246094,128.8800048828125,129.0399932861328,121930
2025-11-21 19:30:00+00:00,129.0500030517578,129.58999633789062,128.80499267578125,128.875,142511
2025-11-21 20:30:00+00:00,128.88499450683594,129.0500030517578,128.4499969482422,128.47999572753906,241854
2025-11-24 14:30:00+00:00,128.30999755859375,128.66000366210938,127.08499908447266,127.5999984741211,76206
2025-11-24 15:30:00+00:00,127.62999725341795,128.5500030517578,127.62999725341795,128.13499450683594,55358
2025-11-24 16:30:00+00:00,128.07000732421875,128.19000244140625,127.84010314941406,128.0399932861328,55299
2025-11-24 17:30:00+00:00,128.05999755859375,128.2100067138672,127.83000183105467,128.0399932861328,42123
2025-11-24 18:30:00+00:00,127.97000122070312,128.27999877929688,127.30500030517578,127.38999938964844,64237
2025-11-24 19:30:00+00:00,127.41000366210938,127.41999816894533,126.86499786376952,127.0250015258789,90030
2025-11-24 20:30:00+00:00,126.97000122070312,127.0,126.45999908447266,126.45999908447266,222013
2025-11-25 14:30:00+00:00,127.48999786376952,128.14999389648438,126.94000244140624,128.1300048828125,83523
2025-11-25 15:30:00+00:00,128.1750030517578,129.01499938964844,128.1750030517578,128.94000244140625,55886
2025-11-25 16:30:00+00:00,128.94000244140625,129.17999267578125,128.69070434570312,129.1199951171875,112391
2025-11-25 17:30:00+00:00,129.1199951171875,129.25999450683594,128.9199981689453,129.17999267578125,67052
2025-11-25 18:30:00+00:00,129.1999969482422,129.375,128.75999450683594,128.92999267578125,66624
2025-11-25 19:30:00+00:00,128.92999267578125,129.1999969482422,128.88999938964844,128.9199981689453,77625
2025-11-25 20:30:00+00:00,128.9199981689453,129.1199951171875,128.83999633789062,128.8800048828125,173487
2025-11-26 14:30:00+00:00,128.5399932861328,129.63999938964844,128.39999389648438,129.41000366210938,70392
2025-11-26 15:30:00+00:00,129.47999572753906,130.0,129.40499877929688,129.93499755859375,88485
2025-11-26 16:30:00+00:00,129.88499450683594,130.22000122070312,129.85000610351562,129.91000366210938,49020
2025-11-26 17:30:00+00:00,129.9199981689453,130.00999450683594,129.64999389648438,129.8699951171875,76310
2025-11-26 18:30:00+00:00,129.83999633789062,130.19000244140625,129.75,130.08999633789062,44972
2025-11-26 19:30:00+00:00,130.07000732421875,130.25,129.8699951171875,130.09820556640625,65662
2025-11-26 20:30:00+00:00,130.10000610351562,130.14999389648438,129.88079833984375,129.88999938964844,218388
2025-11-28 14:30:00+00:00,130.1999969482422,130.6699981689453,129.72999572753906,130.6699981689453,41822
2025-11-28 15:30:00+00:00,130.6199951171875,131.0500030517578,130.5050048828125,130.91000366210938,48519
2025-11-28 16:30:00+00:00,130.86000061035156,130.94500732421875,130.6649932861328,130.6649932861328,47333
2025-12-01 14:30:00+00:00,129.22000122070312,131.03509521484375,129.22000122070312,130.55499267578125,68143
2025-12-01 15:30:00+00:00,130.66000366210938,130.97000122070312,130.4550018310547,130.86000061035156,76447
2025-12-01 16:30:00+00:00,130.80999755859375,131.35000610351562,130.6999969482422,131.27499389648438,73069
2025-12-01 17:30:00+00:00,131.22999572753906,131.72999572753906,131.1699981689453,131.35000610351562,50218
2025-12-01 18:30:00+00:00,131.4250030517578,131.42999267578125,130.47000122070312,130.47500610351562,89541
2025-12-01 19:30:00+00:00,130.47999572753906,130.52000427246094,129.97500610351562,130.1699981689453,92688
2025-12-01 20:30:00+00:00,130.2100067138672,130.27000427246094,129.75999450683594,130.0,237763
2025-12-02 14:30:00+00:00,129.97000122070312,129.97000122070312,128.1020050048828,128.2570037841797,107545
2025-12-02 15:30:00+00:00,128.44509887695312,128.86990356445312,128.02999877929688,128.64500427246094,56596
2025-12-02 16:30:00+00:00,128.64500427246094,128.77999877929688,128.3699951171875,128.68719482421875,65694
2025-12-02 17:30:00+00:00,128.6999969482422,128.94000244140625,128.39999389648438,128.6846923828125,67057
2025-12-02 18:30:00+00:00,128.6750030517578,129.3000030517578,128.58180236816406,129.23500061035156,46566
2025-12-02 19:30:00+00:00,129.1999969482422,129.68499755859375,128.9600067138672,129.49000549316406,50663
2025-12-02 20:30:00+00:00,129.46499633789062,129.63999938964844,128.94000244140625,128.94000244140625,218961
2025-12-03 14:30:00+00:00,129.50999450683594,130.98989868164062,129.50999450683594,130.0,50120
2025-12-03 15:30:00+00:00,130.0,130.0,129.50999450683594,129.6750030517578,27861
2025-12-03 16:30:00+00:00,129.7239990234375,130.17990112304688,129.64999389648438,130.0800018310547,28394
2025-12-03 17:30:00+00:00,130.0,130.13999938964844,129.9499969482422,130.13999938964844,27210
2025-12-03 18:30:00+00:00,130.10000610351562,130.33999633789062,129.92999267578125,129.97500610351562,35373
2025-12-03 19:30:00+00:00,129.97500610351562,130.08999633789062,129.63999938964844,129.82000732421875,60747
2025-12-03 20:30:00+00:00,129.75,129.98989868164062,129.47999572753906,129.52499389648438,191100
2025-12-04 14:30:00+00:00,129.67999267578125,130.25999450683594,128.99000549316406,129.52749633789062,75628
2025-12-04 15:30:00+00:00,129.4199981689453,130.27000427246094,129.3000030517578,130.11000061035156,83932
2025-12-04 16:30:00+00:00,130.0399932861328,130.24000549316406,129.86000061035156,130.1999969482422,60036
2025-12-04 17:30:00+00:00,130.2050018310547,130.60000610351562,130.1699981689453,130.60000610351562,44733
2025-12-04 18:30:00+00:00,130.60000610351562,130.6300048828125,130.13099670410156,130.25,59310
2025-12-04 19:30:00+00:00,130.2100067138672,130.36000061035156,129.9250030517578,130.02999877929688,81089
2025-12-04 20:30:00+00:00,130.0500030517578,130.41000366210938,130.0500030517578,130.35000610351562,201239
2025-12-05 14:30:00+00:00,129.02999877929688,129.77000427246094,128.4001007080078,129.39500427246094,69624
2025-12-05 15:30:00+00:00,129.4250030517578,129.85000610351562,129.4149932861328,129.55999755859375,66832
2025-12-05 16:30:00+00:00,129.5500030517578,129.6300048828125,129.17999267578125,129.24000549316406,107682
2025-12-05 17:30:00+00:00,129.25,129.58999633789062,128.85499572753906,129.58999633789062,76399
2025-12-05 18:30:00+00:00,129.6300048828125,130.0800018310547,129.6300048828125,129.9250030517578,61922
2025-12-05 19:30:00+00:00,129.97000122070312,130.27999877929688,129.97000122070312,130.03500366210938,84731
2025-12-05 20:30:00+00:00,130.02999877929688,130.44000244140625,130.02000427246094,130.2100067138672,188497
2025-12-08 14:30:00+00:00,129.75,130.23500061035156,128.47999572753906,129.72999572753906,53273
2025-12-08 15:30:00+00:00,129.75999450683594,129.86000061035156,129.33999633789062,129.86000061035156,282847
2025-12-08 16:30:00+00:00,129.80999755859375,130.19000244140625,129.4199981689453,129.4199981689453,189129
2025-12-08 17:30:00+00:00,129.3699951171875,129.52999877929688,129.21009826660156,129.2899932861328,60761
2025-12-08 18:30:00+00:00,129.27999877929688,129.59500122070312,128.85110473632812,128.86500549316406,154390
2025-12-08 19:30:00+00:00,128.8800048828125,129.17999267578125,128.39999389648438,128.42999267578125,123741
2025-12-08 20:30:00+00:00,128.4199981689453,128.8300018310547,128.0574951171875,128.3800048828125,283263
2025-12-09 14:30:00+00:00,127.5999984741211,127.79000091552734,125.4800033569336,126.75,234610
2025-12-09 15:30:00+00:00,126.75,127.11000061035156,126.04499816894533,126.33999633789062,110572
2025-12-09 16:30:00+00:00,126.33999633789062,126.49500274658205,125.02999877929688,125.02999877929688,226930
2025-12-09 17:30:00+00:00,124.94000244140624,126.08999633789062,124.6449966430664,125.9800033569336,92013
2025-12-09 18:30:00+00:00,125.94000244140624,126.08999633789062,125.62999725341795,125.74500274658205,125262
2025-12-09 19:30:00+00:00,125.8000030517578,126.08499908447266,125.6709976196289,125.91500091552734,113407
2025-12-09 20:30:00+00:00,125.86000061035156,126.61000061035156,125.5500030517578,126.5500030517578,413376
2025-12-10 14:30:00+00:00,126.87000274658205,128.99000549316406,126.87000274658205,128.7100067138672,123378
2025-12-10 15:30:00+00:00,128.7100067138672,129.35000610351562,128.61000061035156,129.0399932861328,73811
2025-12-10 16:30:00+00:00,129.03500366210938,129.81500244140625,128.92999267578125,129.75999450683594,66590
2025-12-10 17:30:00+00:00,129.75,129.77149963378906,129.36099243164062,129.38999938964844,60802
2025-12-10 18:30:00+00:00,129.4199981689453,129.61000061035156,129.11000061035156,129.5500030517578,136969
2025-12-10 19:30:00+00:00,129.58999633789062,131.9250030517578,129.58999633789062,131.30999755859375,114136
2025-12-10 20:30:00+00:00,131.24000549316406,131.60400390625,130.99000549316406,131.25,242125
2025-12-11 14:30:00+00:00,132.0,133.11000061035156,131.97500610351562,132.86500549316406,109642
2025-12-11 15:30:00+00:00,132.9600067138672,133.8000030517578,132.85000610351562,133.36000061035156,73436
2025-12-11 16:30:00+00:00,133.57000732421875,133.75,133.3249969482422,133.60000610351562,59633
2025-12-11 17:30:00+00:00,133.6199951171875,133.88999938964844,133.4199981689453,133.74000549316406,79061
2025-12-11 18:30:00+00:00,133.78500366210938,134.0,132.89999389648438,133.14999389648438,97905
2025-12-11 19:30:00+00:00,133.08999633789062,133.89999389648438,133.0399932861328,133.81500244140625,113189
2025-12-11 20:30:00+00:00,133.8699951171875,134.1300048828125,133.80999755859375,134.0,211952
2025-12-12 14:30:00+00:00,134.49000549316406,135.0,133.91000366210938,134.1300048828125,45773
2025-12-12 15:30:00+00:00,134.125,134.27000427246094,133.03500366210938,133.33999633789062,48540
2025-12-12 16:30:00+00:00,133.3249969482422,133.7100067138672,132.8300018310547,133.19500732421875,75180
2025-12-12 17:30:00+00:00,133.0399932861328,133.0500030517578,132.63999938964844,132.64999389648438,44996
2025-12-12 18:30:00+00:00,132.6699981689453,132.72999572753906,132.31500244140625,132.52499389648438,52901
2025-12-12 19:30:00+00:00,132.40499877929688,132.52000427246094,131.6199951171875,131.64999389648438,120153
2025-12-12 20:30:00+00:00,131.63999938964844,131.77999877929688,131.41000366210938,131.61000061035156,211921
2025-12-15 14:30:00+00:00,132.00999450683594,132.6199951171875,131.11000061035156,132.10499572753906,99903
2025-12-15 15:30:00+00:00,132.1199951171875,132.23500061035156,131.5,131.6300048828125,54759
2025-12-15 16:30:00+00:00,131.64500427246094,131.6699981689453,131.19000244140625,131.5,36592
2025-12-15 17:30:00+00:00,131.49000549316406,131.58999633789062,131.1750030517578,131.42999267578125,49482
2025-12-15 18:30:00+00:00,131.41000366210938,131.74000549316406,131.3699951171875,131.72999572753906,49306
2025-12-15 19:30:00+00:00,131.82000732421875,132.07000732421875,131.6649932861328,131.8000030517578,62729
2025-12-15 20:30:00+00:00,131.85000610351562,132.02999877929688,131.49000549316406,131.89999389648438,227384
2025-12-16 14:30:00+00:00,132.1199951171875,132.2899932861328,130.91000366210938,131.18499755859375,48016
2025-12-16 15:30:00+00:00,131.27499389648438,131.60000610351562,130.9499969482422,131.2550048828125,59444
2025-12-16 16:30:00+00:00,131.2550048828125,131.52000427246094,131.14999389648438,131.33999633789062,64899
2025-12-16 17:30:00+00:00,131.34750366210938,131.34750366210938,130.38009643554688,130.47999572753906,43424
2025-12-16 18:30:00+00:00,130.52000427246094,130.52000427246094,129.77999877929688,130.1199951171875,66769
2025-12-16 19:30:00+00:00,130.11000061035156,130.5500030517578,129.77999877929688,129.83999633789062,61255
2025-12-16 20:30:00+00:00,129.7899932861328,130.0402069091797,129.33999633789062,129.4499969482422,173388
2025-12-17 14:30:00+00:00,128.60000610351562,130.27000427246094,128.57000732421875,129.8000030517578,58183
2025-12-17 15:30:00+00:00,129.77999877929688,130.02000427246094,129.60000610351562,129.60000610351562,63257
2025-12-17 16:30:00+00:00,129.625,129.89999389648438,129.3699951171875,129.3699951171875,78759
2025-12-17 17:30:00+00:00,129.3000030517578,129.3300018310547,128.2449951171875,128.27999877929688,46565
2025-12-17 18:30:00+00:00,128.2550048828125,128.38999938964844,127.6999969482422,127.83999633789062,207917
2025-12-17 19:30:00+00:00,127.83499908447266,128.07000732421875,127.69000244140624,127.72000122070312,108155
2025-12-17 20:30:00+00:00,127.73999786376952,128.22999572753906,127.73999786376952,128.0800018310547,262597
2025-12-18 14:30:00+00:00,128.27000427246094,128.66000366210938,127.0,127.0199966430664,79169
2025-12-18 15:30:00+00:00,127.11000061035156,127.1500015258789,126.0,126.12000274658205,150217
2025-12-18 16:30:00+00:00,126.04000091552734,126.04000091552734,125.2300033569336,125.48999786376952,91733
2025-12-18 17:30:00+00:00,125.5500030517578,125.98999786376952,125.23999786376952,125.5500030517578,56118
2025-12-18 18:30:00+00:00,125.62000274658205,125.93000030517578,125.45999908447266,125.75499725341795,51160
2025-12-18 19:30:00+00:00,125.80504608154295,126.05999755859376,125.5000991821289,125.77999877929688,108490
2025-12-18 20:30:00+00:00,125.77999877929688,126.27999877929688,125.77999877929688,125.9499969482422,195520
2025-12-19 14:30:00+00:00,126.0,126.16999816894533,125.41999816894533,126.0199966430664,201568
2025-12-19 15:30:00+00:00,126.12000274658205,126.41999816894533,125.83000183105467,126.0875015258789,66843
2025-12-19 16:30:00+00:00,126.1500015258789,126.28829956054688,125.83999633789062,126.12999725341795,70246
2025-12-19 17:30:00+00:00,126.11000061035156,126.33000183105467,125.9000015258789,126.19000244140624,56973
2025-12-19 18:30:00+00:00,126.16999816894533,126.16999816894533,125.63999938964844,125.82939910888672,61924
2025-12-19 19:30:00+00:00,125.80999755859376,126.13999938964844,125.57009887695312,126.05999755859376,65379
2025-12-19 20:30:00+00:00,126.01000213623048,126.05999755859376,125.23999786376952,125.47000122070312,201388
2025-12-22 14:30:00+00:00,124.9800033569336,125.96289825439452,124.43000030517578,124.43000030517578,76152
2025-12-22 15:30:00+00:00,124.38999938964844,124.82990264892578,124.3000030517578,124.44499969482422,69427
2025-12-22 16:30:00+00:00,124.44499969482422,125.08000183105467,124.44499969482422,124.80999755859376,103618
2025-12-22 17:30:00+00:00,124.77999877929688,125.23999786376952,124.6999969482422,125.19000244140624,82688
2025-12-22 18:30:00+00:00,125.18000030517578,125.2699966430664,124.58999633789062,125.19010162353516,55633
2025-12-22 19:30:00+00:00,125.19000244140624,125.48999786376952,125.1050033569336,125.12999725341795,159160
2025-12-22 20:30:00+00:00,125.16999816894533,125.4000015258789,124.93000030517578,125.16999816894533,163035
2025-12-23 14:30:00+00:00,125.9499969482422,126.07990264892578,124.22010040283205,124.36499786376952,57562
2025-12-23 15:30:00+00:00,124.38999938964844,124.38999938964844,123.87000274658205,123.87000274658205,38936
2025-12-23 16:30:00+00:00,123.87000274658205,123.97989654541016,123.61000061035156,123.86000061035156,39651
2025-12-23 17:30:00+00:00,123.87999725341795,124.18000030517578,123.78900146484376,124.18000030517578,40015
2025-12-23 18:30:00+00:00,124.13999938964844,124.4250030517578,123.9800033569336,124.29000091552734,54348
2025-12-23 19:30:00+00:00,124.29000091552734,124.51000213623048,124.19000244140624,124.36499786376952,67178
2025-12-23 20:30:00+00:00,124.41000366210938,124.42749786376952,123.62999725341795,123.86000061035156,169739
2025-12-24 14:30:00+00:00,123.63999938964844,124.78500366210938,123.41000366210938,124.68318939208984,102370
2025-12-24 15:30:00+00:00,124.79000091552734,125.58000183105467,124.23999786376952,125.2249984741211,100867
2025-12-24 16:30:00+00:00,125.20559692382812,125.47000122070312,125.01000213623048,125.46499633789062,64437
2025-12-26 14:30:00+00:00,125.30999755859376,125.86000061035156,125.03500366210938,125.55500030517578,40321
2025-12-26 15:30:00+00:00,125.55500030517578,125.58999633789062,125.1449966430664,125.16719818115234,76771
2025-12-26 16:30:00+00:00,125.1500015258789,125.4800033569336,125.08000183105467,125.4499969482422,38109
2025-12-26 17:30:00+00:00,125.44499969482422,125.44499969482422,124.95999908447266,125.05500030517578,42707
2025-12-26 18:30:00+00:00,125.12000274658205,125.3000030517578,125.05500030517578,125.16999816894533,35912
2025-12-26 19:30:00+00:00,125.23999786376952,125.66000366210938,125.16999816894533,125.58999633789062,60724
2025-12-26 20:30:00+00:00,125.63999938964844,126.1500015258789,125.55999755859376,125.91000366210938,151334
2025-12-29 14:30:00+00:00,126.12000274658205,126.4800033569336,124.5199966430664,124.5199966430664,73600
2025-12-29 15:30:00+00:00,124.58999633789062,124.62000274658205,124.19000244140624,124.3000030517578,49631
2025-12-29 16:30:00+00:00,124.37000274658205,124.45999908447266,124.05999755859376,124.20999908447266,30062
2025-12-29 17:30:00+00:00,124.08000183105467,124.5,124.08000183105467,124.32540130615234,35893
2025-12-29 18:30:00+00:00,124.3000030517578,124.55999755859376,124.19000244140624,124.23500061035156,39746
2025-12-29 19:30:00+00:00,124.2699966430664,124.51000213623048,124.16000366210938,124.27999877929688,68695
2025-12-29 20:30:00+00:00,124.30999755859376,124.4499969482422,124.19000244140624,124.43000030517578,125460
2025-12-30 14:30:00+00:00,124.0199966430664,124.70819854736328,123.75,123.91999816894533,50576
2025-12-30 15:30:00+00:00,123.91999816894533,124.0500030517578,123.62000274658205,124.0,36470
2025-12-30 16:30:00+00:00,124.0,124.14199829101562,123.91999816894533,124.06500244140624,40926
2025-12-30 17:30:00+00:00,124.05999755859376,124.22899627685548,123.99500274658205,123.99500274658205,53737
2025-12-30 18:30:00+00:00,123.99919891357422,124.1448974609375,123.9499969482422,124.05999755859376,69431
2025-12-30 19:30:00+00:00,124.05999755859376,124.30500030517578,123.79499816894533,123.93000030517578,79204
2025-12-30 20:30:00+00:00,123.93000030517578,124.1999969482422,123.8499984741211,124.0199966430664,152720
2025-12-31 14:30:00+00:00,123.70999908447266,124.38999938964844,123.70999908447266,123.75779724121094,36225
2025-12-31 15:30:00+00:00,123.80500030517578,123.80500030517578,123.1500015258789,123.36000061035156,50325
2025-12-31 16:30:00+00:00,123.4000015258789,123.61000061035156,123.25,123.4499969482422,42585
2025-12-31 17:30:00+00:00,123.4000015258789,123.52999877929688,123.1999969482422,123.46499633789062,45342
2025-12-31 18:30:00+00:00,123.4000015258789,123.75,123.4000015258789,123.66000366210938,46808
2025-12-31 19:30:00+00:00,123.62999725341795,123.62999725341795,123.33000183105467,123.33000183105467,63852
2025-12-31 20:30:00+00:00,123.29000091552734,123.4749984741211,122.95999908447266,122.98999786376952,112431
2026-01-02 14:30:00+00:00,123.12000274658205,123.4800033569336,122.30999755859376,123.0,62840
2026-01-02 15:30:00+00:00,123.0,124.1050033569336,122.875,123.97000122070312,161013
2026-01-02 16:30:00+00:00,123.9499969482422,124.73999786376952,123.70999908447266,124.41999816894533,86938
2026-01-02 17:30:00+00:00,124.43000030517578,124.58399963378906,123.48999786376952,123.48999786376952,59209
2026-01-02 18:30:00+00:00,123.5250015258789,124.59500122070312,123.48999786376952,124.4800033569336,58097
2026-01-02 19:30:00+00:00,124.5199966430664,124.81549835205078,124.0500030517578,124.125,63647
2026-01-02 20:30:00+00:00,124.08000183105467,124.20999908447266,123.8499984741211,123.98999786376952,202466
2026-01-05 14:30:00+00:00,122.98999786376952,123.76000213623048,122.55999755859376,123.1750030517578,85340
2026-01-05 15:30:00+00:00,123.16999816894533,123.41000366210938,122.80999755859376,123.0,97426
2026-01-05 16:30:00+00:00,123.0500030517578,123.56999969482422,122.8000030517578,123.3499984741211,98069
2026-01-05 17:30:00+00:00,123.3499984741211,123.4000015258789,122.6999969482422,122.93000030517578,62604
2026-01-05 18:30:00+00:00,122.9530029296875,123.37000274658205,122.93000030517578,123.2249984741211,101810
2026-01-05 19:30:00+00:00,123.22000122070312,123.70999908447266,123.22000122070312,123.45999908447266,108140
2026-01-05 20:30:00+00:00,123.47000122070312,123.55989837646484,123.23999786376952,123.38800048828124,184036
2026-01-06 14:30:00+00:00,122.6500015258789,123.37000274658205,122.0,122.58499908447266,70812
2026-01-06 15:30:00+00:00,122.62999725341795,122.90989685058594,122.24500274658205,122.90989685058594,79663
2026-01-06 16:30:00+00:00,122.625,123.55999755859376,122.55999755859376,123.36000061035156,79481
2026-01-06 17:30:00+00:00,123.25,123.8000030517578,123.2300033569336,123.8000030517578,70861
2026-01-06 18:30:00+00:00,123.8000030517578,124.12999725341795,123.7300033569336,123.83999633789062,66421
2026-01-06 19:30:00+00:00,123.87999725341795,124.77989959716795,123.79000091552734,124.74500274658205,114323
2026-01-06 20:30:00+00:00,124.67630004882812,124.8499984741211,124.58499908447266,124.58499908447266,193233
2026-01-07 14:30:00+00:00,124.5,125.3499984741211,122.88500213623048,122.98500061035156,54254
2026-01-07 15:30:00+00:00,122.7300033569336,123.11000061035156,122.37999725341795,122.80030059814452,75519
2026-01-07 16:30:00+00:00,122.7300033569336,123.05999755859376,122.61499786376952,123.05999755859376,48483
2026-01-07 17:30:00+00:00,123.02999877929688,123.08999633789062,122.58999633789062,122.75509643554688,40140
2026-01-07 18:30:00+00:00,122.75,123.18000030517578,122.55010223388672,122.76000213623048,52437
2026-01-07 19:30:00+00:00,122.80999755859376,122.97000122070312,122.17120361328124,122.27400207519533,57518
2026-01-07 20:30:00+00:00,122.2699966430664,122.72000122070312,122.2300033569336,122.55500030517578,228834
2026-01-08 14:30:00+00:00,121.55999755859376,125.51499938964844,121.40399932861328,125.22000122070312,175728
2026-01-08 15:30:00+00:00,125.30500030517578,126.1698989868164,125.08999633789062,125.91999816894533,79495
2026-01-08 16:30:00+00:00,125.91999816894533,126.58999633789062,125.86000061035156,126.58999633789062,62831
2026-01-08 17:30:00+00:00,126.5749969482422,126.7300033569336,126.11000061035156,126.43000030517578,67361
2026-01-08 18:30:00+00:00,126.41500091552734,127.20989990234376,126.36000061035156,127.08999633789062,70247
2026-01-08 19:30:00+00:00,127.0999984741211,127.31999969482422,126.22000122070312,126.28500366210938,91395
2026-01-08 20:30:00+00:00,126.33999633789062,126.73999786376952,126.01000213623048,126.72000122070312,178164
2026-01-09 14:30:00+00:00,127.47000122070312,128.5,125.9499969482422,126.79000091552734,165310
2026-01-09 15:30:00+00:00,126.83999633789062,127.41999816894533,126.58999633789062,127.16999816894533,167143
2026-01-09 16:30:00+00:00,127.1999969482422,128.10000610351562,127.16000366210938,127.91000366210938,136424
2026-01-09 17:30:00+00:00,128.0,128.36000061035156,127.80999755859376,127.9000015258789,149293
2026-01-09 18:30:00+00:00,127.88999938964844,128.14999389648438,127.58999633789062,127.7300033569336,162802
2026-01-09 19:30:00+00:00,127.75,127.95999908447266,127.33999633789062,127.73999786376952,201097
2026-01-09 20:30:00+00:00,127.73999786376952,128.42999267578125,127.62000274658205,128.32000732421875,257645
2026-01-12 14:30:00+00:00,127.93000030517578,129.39999389648438,127.33999633789062,129.0,153268
2026-01-12 15:30:00+00:00,128.88999938964844,129.47000122070312,128.8699951171875,129.19500732421875,207756
2026-01-12 16:30:00+00:00,129.2100067138672,129.57000732421875,129.14999389648438,129.2899932861328,116314
2026-01-12 17:30:00+00:00,129.22999572753906,129.52999877929688,129.11000061035156,129.32000732421875,122218
2026-01-12 18:30:00+00:00,129.28500366210938,129.66000366210938,129.1199951171875,129.1999969482422,142721
2026-01-12 19:30:00+00:00,129.1750030517578,129.27999877929688,128.83169555664062,128.97500610351562,152361
2026-01-12 20:30:00+00:00,129.02999877929688,129.5,129.00999450683594,129.1999969482422,185239
2026-01-13 14:30:00+00:00,129.10000610351562,130.10499572753906,128.9499969482422,130.10499572753906,32348
2026-01-13 15:30:00+00:00,130.1199951171875,130.5500030517578,129.96609497070312,130.27999877929688,59411
2026-01-13 16:30:00+00:00,130.2899932861328,130.80999755859375,129.85000610351562,130.80999755859375,86691
2026-01-13 17:30:00+00:00,130.80999755859375,131.22000122070312,130.64999389648438,131.13999938964844,70735
2026-01-13 18:30:00+00:00,131.15750122070312,131.47000122070312,130.8800048828125,131.29010009765625,83748
2026-01-13 19:30:00+00:00,131.46499633789062,131.50999450683594,131.0800018310547,131.32000732421875,74878
2026-01-13 20:30:00+00:00,131.30999755859375,132.0,131.2100067138672,131.97999572753906,163480
2026-01-14 14:30:00+00:00,132.08999633789062,133.0,131.9149932861328,132.67999267578125,116711
2026-01-14 15:30:00+00:00,132.69000244140625,133.77000427246094,132.16000366210938,133.77000427246094,104406
2026-01-14 16:30:00+00:00,133.75999450683594,134.1649932861328,133.1875,133.43499755859375,70192
2026-01-14 17:30:00+00:00,133.4600067138672,133.5399932861328,133.0500030517578,133.28500366210938,49036
2026-01-14 18:30:00+00:00,133.27499389648438,133.5399932861328,133.17999267578125,133.4199981689453,60162
2026-01-14 19:30:00+00:00,133.4199981689453,133.61000061035156,133.14999389648438,133.61000061035156,99229
2026-01-14 20:30:00+00:00,133.66250610351562,133.91000366210938,133.3000030517578,133.8000030517578,203697
2026-01-15 14:30:00+00:00,133.32000732421875,135.44000244140625,132.9600067138672,135.27999877929688,158850
2026-01-15 15:30:00+00:00,135.32000732421875,136.19000244140625,135.1750030517578,135.99000549316406,121391
2026-01-15 16:30:00+00:00,135.875,135.99000549316406,135.45010375976562,135.7050018310547,84259
2026-01-15 17:30:00+00:00,135.75,135.97000122070312,134.9499969482422,135.67999267578125,114127
2026-01-15 18:30:00+00:00,135.69000244140625,135.97999572753906,135.3800048828125,135.8350067138672,75578
2026-01-15 19:30:00+00:00,135.8000030517578,136.1699981689453,135.75,136.11500549316406,94786
2026-01-15 20:30:00+00:00,136.1199951171875,136.39999389648438,135.6999969482422,136.1300048828125,262320
2026-01-16 14:30:00+00:00,135.36000061035156,136.44000244140625,134.99000549316406,136.44000244140625,112928
2026-01-16 15:30:00+00:00,136.43150329589844,136.8000030517578,136.02000427246094,136.52000427246094,78502
2026-01-16 16:30:00+00:00,136.40499877929688,136.69000244140625,135.91000366210938,135.97999572753906,54248
2026-01-16 17:30:00+00:00,135.97000122070312,136.44000244140625,135.85000610351562,136.22000122070312,37090
2026-01-16 18:30:00+00:00,136.27499389648438,136.50909423828125,136.14999389648438,136.24000549316406,50838
2026-01-16 19:30:00+00:00,136.2100067138672,136.6199951171875,136.14999389648438,136.4199981689453,75662
2026-01-16 20:30:00+00:00,136.4199981689453,137.1199951171875,136.36000061035156,136.93499755859375,196274
2026-01-20 14:30:00+00:00,134.3800048828125,135.43499755859375,132.89999389648438,132.89999389648438,209712
2026-01-20 15:30:00+00:00,132.74000549316406,133.2100067138672,132.2100067138672,132.66000366210938,119591
2026-01-20 16:30:00+00:00,132.49000549316406,132.92999267578125,132.36000061035156,132.7949981689453,89626
2026-01-20 17:30:00+00:00,132.80499267578125,133.1199951171875,131.92999267578125,132.30999755859375,61685
2026-01-20 18:30:00+00:00,132.35000610351562,132.35000610351562,131.89999389648438,132.22000122070312,58185
2026-01-20 19:30:00+00:00,132.22000122070312,132.22000122070312,130.96180725097656,131.5124969482422,153234
2026-01-20 20:30:00+00:00,131.4600067138672,132.0800018310547,131.4199981689453,131.9600067138672,168815
2026-01-21 14:30:00+00:00,132.33999633789062,133.8800048828125,132.09010314941406,133.69000244140625,57107
2026-01-21 15:30:00+00:00,133.8800048828125,134.39999389648438,133.85000610351562,134.39999389648438,54635
2026-01-21 16:30:00+00:00,134.39999389648438,134.47999572753906,133.97999572753906,134.2100067138672,64299
2026-01-21 17:30:00+00:00,134.19000244140625,134.82000732421875,133.97999572753906,134.68499755859375,50841
2026-01-21 18:30:00+00:00,134.72999572753906,135.08079528808594,134.44000244140625,134.88999938964844,49248
2026-01-21 19:30:00+00:00,134.9600067138672,135.9698944091797,134.69500732421875,135.39999389648438,159477
2026-01-21 20:30:00+00:00,135.3699951171875,136.2899932861328,135.25999450683594,136.24000549316406,190176
2026-01-22 14:30:00+00:00,136.9600067138672,138.0,136.35499572753906,136.88499450683594,73962
2026-01-22 15:30:00+00:00,136.86000061035156,136.99989318847656,136.17999267578125,136.30999755859375,65038
2026-01-22 16:30:00+00:00,136.3300018310547,136.60000610351562,136.14999389648438,136.3300018310547,76180
2026-01-22 17:30:00+00:00,136.33999633789062,136.63999938964844,136.12890625,136.3615264892578,34325
2026-01-22 18:30:00+00:00,136.39999389648438,136.61000061035156,136.25,136.61000061035156,61266
2026-01-22 19:30:00+00:00,136.57000732421875,136.67999267578125,136.02999877929688,136.64500427246094,73983
2026-01-22 20:30:00+00:00,136.64500427246094,136.91000366210938,136.60000610351562,136.8300018310547,188474
2026-01-23 14:30:00+00:00,137.3000030517578,138.0,136.60499572753906,137.09500122070312,61918
2026-01-23 15:30:00+00:00,136.86000061035156,137.94000244140625,136.86000061035156,137.63999938964844,56779
2026-01-23 16:30:00+00:00,137.6699981689453,137.6699981689453,137.17999267578125,137.44500732421875,63896
2026-01-23 17:30:00+00:00,137.44000244140625,137.5500030517578,136.74000549316406,137.00999450683594,101955
2026-01-23 18:30:00+00:00,137.07000732421875,137.60000610351562,137.02000427246094,137.49000549316406,53915
2026-01-23 19:30:00+00:00,137.47999572753906,137.9499969482422,137.3000030517578,137.88999938964844,62307
2026-01-23 20:30:00+00:00,137.8300018310547,138.10000610351562,137.55999755859375,137.6699981689453,152801
2026-01-26 14:30:00+00:00,138.3000030517578,138.99000549316406,137.19500732421875,138.94000244140625,63328
2026-01-26 15:30:00+00:00,138.89999389648438,139.52000427246094,138.80999755859375,139.10499572753906,77297
2026-01-26 16:30:00+00:00,139.2100067138672,139.50999450683594,138.6699981689453,139.4949951171875,120752
2026-01-26 17:30:00+00:00,139.46499633789062,139.61000061035156,139.19500732421875,139.39999389648438,84512
2026-01-26 18:30:00+00:00,139.33999633789062,140.0399932861328,139.33999633789062,139.7899932861328,68235
2026-01-26 19:30:00+00:00,139.78500366210938,140.10000610351562,138.9250030517578,139.10000610351562,109943
2026-01-26 20:30:00+00:00,139.09500122070312,139.31500244140625,138.92999267578125,139.1750030517578,233508
2026-01-27 14:30:00+00:00,139.4199981689453,139.72999572753906,138.2949981689453,138.80499267578125,239031
2026-01-27 15:30:00+00:00,139.1186981201172,139.42999267578125,137.2100067138672,137.5,139772
2026-01-27 16:30:00+00:00,137.5,138.3300018310547,137.5,137.9499969482422,62409
2026-01-27 17:30:00+00:00,138.02999877929688,138.69000244140625,137.88499450683594,138.69000244140625,96561
2026-01-27 18:30:00+00:00,138.69000244140625,139.27000427246094,138.61000061035156,139.22500610351562,179665
2026-01-27 19:30:00+00:00,139.25999450683594,139.67999267578125,138.8000030517578,138.9199981689453,111305
2026-01-27 20:30:00+00:00,138.8699951171875,139.42999267578125,138.8300018310547,139.38999938964844,312564
2026-01-28 14:30:00+00:00,139.5500030517578,139.5500030517578,138.18499755859375,138.38999938964844,53788
2026-01-28 15:30:00+00:00,138.30999755859375,139.86000061035156,138.30999755859375,139.86000061035156,128481
2026-01-28 16:30:00+00:00,139.86000061035156,140.66000366210938,139.75999450683594,140.52999877929688,303898
2026-01-28 17:30:00+00:00,140.55999755859375,140.5800018310547,139.71499633789062,139.7899932861328,70540
2026-01-28 18:30:00+00:00,139.71499633789062,140.02999877929688,139.36000061035156,139.55999755859375,96920
2026-01-28 19:30:00+00:00,139.55499267578125,140.8800048828125,139.1300048828125,139.97999572753906,185340
2026-01-28 20:30:00+00:00,139.97500610351562,140.10000610351562,139.75999450683594,139.99000549316406,245015
2026-01-29 14:30:00+00:00,140.97999572753906,141.55999755859375,139.67999267578125,139.90499877929688,193974
2026-01-29 15:30:00+00:00,139.89500427246094,140.10000610351562,139.41000366210938,139.41000366210938,79228
2026-01-29 16:30:00+00:00,139.47500610351562,139.74000549316406,139.0500946044922,139.21499633789062,56993
2026-01-29 17:30:00+00:00,139.23500061035156,139.23500061035156,137.72000122070312,138.69000244140625,59515
2026-01-29 18:30:00+00:00,138.74000549316406,138.8000030517578,137.87289428710938,138.63999938964844,123940
2026-01-29 19:30:00+00:00,138.67999267578125,139.14999389648438,138.41000366210938,139.02000427246094,100087
2026-01-29 20:30:00+00:00,139.02000427246094,139.09500122070312,138.69000244140625,138.81500244140625,151137
2026-01-30 14:30:00+00:00,137.5,138.44000244140625,136.52999877929688,136.9093017578125,81979
2026-01-30 15:30:00+00:00,136.75,137.1699981689453,136.52000427246094,136.74000549316406,98350
2026-01-30 16:30:00+00:00,136.74000549316406,137.25,136.26010131835938,137.02999877929688,65389
2026-01-30 17:30:00+00:00,137.0050048828125,137.17999267578125,136.47999572753906,137.17999267578125,46940
2026-01-30 18:30:00+00:00,137.2100067138672,138.4600067138672,136.97999572753906,137.8000030517578,69274
2026-01-30 19:30:00+00:00,137.8800048828125,138.35000610351562,137.66000366210938,138.30499267578125,99669
2026-01-30 20:30:00+00:00,138.25999450683594,138.97500610351562,138.02000427246094,138.8800048828125,322701
2026-02-02 14:30:00+00:00,139.2100067138672,140.39999389648438,137.44000244140625,138.6300048828125,103508
2026-02-02 15:30:00+00:00,138.63999938964844,139.22459411621094,138.63999938964844,139.0,66446
2026-02-02 16:30:00+00:00,139.01499938964844,139.6300048828125,138.66000366210938,139.5,58166
2026-02-02 17:30:00+00:00,139.4499969482422,139.55999755859375,139.25,139.46499633789062,67193
2026-02-02 18:30:00+00:00,139.47000122070312,139.86500549316406,139.47000122070312,139.66000366210938,59186
2026-02-02 19:30:00+00:00,139.66000366210938,140.6699981689453,139.5399932861328,140.66000366210938,102790
2026-02-02 20:30:00+00:00,140.7100067138672,141.27999877929688,140.5500030517578,141.25999450683594,153104
2026-02-03 14:30:00+00:00,140.9600067138672,145.0,140.33999633789062,144.92999267578125,157287
2026-02-03 15:30:00+00:00,145.10000610351562,145.1999969482422,143.02999877929688,143.05499267578125,163450
2026-02-03 16:30:00+00:00,143.0,143.3000030517578,142.92999267578125,143.11500549316406,93632
2026-02-03 17:30:00+00:00,143.06500244140625,143.69500732421875,142.88999938964844,143.13999938964844,130456
2026-02-03 18:30:00+00:00,143.13999938964844,143.4499969482422,142.3000030517578,142.75,97103
2026-02-03 19:30:00+00:00,142.86000061035156,143.22999572753906,142.10499572753906,143.13999938964844,191405
2026-02-03 20:30:00+00:00,143.1199951171875,143.1750030517578,142.77999877929688,142.83999633789062,209635
2026-02-04 14:30:00+00:00,144.27000427246094,147.22000122070312,143.77499389648438,147.0500030517578,110924
2026-02-04 15:30:00+00:00,146.99000549316406,147.41000366210938,146.5800018310547,147.41000366210938,78470
2026-02-04 16:30:00+00:00,147.4199981689453,147.55999755859375,146.86000061035156,147.00999450683594,120262
2026-02-04 17:30:00+00:00,147.01010131835938,147.47000122070312,146.14999389648438,146.3800048828125,95237
2026-02-04 18:30:00+00:00,146.375,147.13999938964844,146.1199951171875,147.03500366210938,116409
2026-02-04 19:30:00+00:00,147.03500366210938,147.27999877929688,146.7949981689453,147.0,220272
2026-02-04 20:30:00+00:00,147.1199951171875,148.2899932861328,147.1199951171875,147.9600067138672,281015
2026-02-05 14:30:00+00:00,146.8699951171875,147.5,145.14500427246094,145.31500244140625,267756
2026-02-05 15:30:00+00:00,145.31500244140625,146.2050018310547,144.8249969482422,145.52000427246094,124337
2026-02-05 16:30:00+00:00,145.5800018310547,145.97000122070312,144.8800048828125,145.89500427246094,76854
2026-02-05 17:30:00+00:00,145.9600067138672,145.9600067138672,145.39999389648438,145.49000549316406,64169
2026-02-05 18:30:00+00:00,145.50999450683594,146.3000030517578,145.25,146.3000030517578,83690
2026-02-05 19:30:00+00:00,146.32000732421875,146.75999450683594,146.1199951171875,146.19000244140625,125620
2026-02-05 20:30:00+00:00,146.19000244140625,146.5399932861328,145.49000549316406,146.2100067138672,293632
2026-02-06 14:30:00+00:00,146.10000610351562,147.55999755859375,145.52999877929688,146.5500030517578,141150
2026-02-06 15:30:00+00:00,146.63999938964844,147.19000244140625,146.27000427246094,146.75999450683594,73015
2026-02-06 16:30:00+00:00,146.72999572753906,147.00999450683594,146.07000732421875,146.97000122070312,103857
2026-02-06 17:30:00+00:00,146.88999938964844,147.07000732421875,146.4550018310547,147.07000732421875,53702
2026-02-06 18:30:00+00:00,147.22999572753906,147.35000610351562,147.00999450683594,147.13999938964844,52935
2026-02-06 19:30:00+00:00,147.22000122070312,148.0290069580078,147.05999755859375,147.91000366210938,102068
2026-02-06 20:30:00+00:00,148.00999450683594,148.5800018310547,147.92999267578125,148.4600067138672,146815
2026-02-09 14:30:00+00:00,147.8699951171875,149.27499389648438,146.0,146.3350067138672,153898
2026-02-09 15:30:00+00:00,146.27000427246094,147.30999755859375,146.1999969482422,146.74000549316406,98317
2026-02-09 16:30:00+00:00,146.8000030517578,146.9199981689453,146.02999877929688,146.35000610351562,74197
2026-02-09 17:30:00+00:00,146.34500122070312,146.61000061035156,145.9499969482422,146.44500732421875,74754
2026-02-09 18:30:00+00:00,146.44500732421875,146.52000427246094,145.8800048828125,145.94000244140625,75312
2026-02-09 19:30:00+00:00,146.0399932861328,146.27000427246094,145.75,145.83999633789062,121370
2026-02-09 20:30:00+00:00,145.8000030517578,146.3300018310547,145.72999572753906,145.99000549316406,244592
2026-02-10 14:30:00+00:00,147.89999389648438,147.89999389648438,146.3300018310547,147.10000610351562,49944
2026-02-10 15:30:00+00:00,147.10000610351562,147.6699981689453,146.74000549316406,147.6649932861328,58368
2026-02-10 16:30:00+00:00,147.6699981689453,147.88999938964844,147.36000061035156,147.8679962158203,69999
2026-02-10 17:30:00+00:00,147.99000549316406,148.11849975585938,147.61000061035156,147.99789428710938,36558
2026-02-10 18:30:00+00:00,147.9149932861328,147.94500732421875,147.10499572753906,147.24000549316406,73240
2026-02-10 19:30:00+00:00,147.23500061035156,147.44000244140625,147.02999877929688,147.2449951171875,113811
2026-02-10 20:30:00+00:00,147.13999938964844,147.13999938964844,146.2899932861328,146.63999938964844,175502
2026-02-11 14:30:00+00:00,148.85000610351562,149.0,147.36500549316406,148.3000030517578,109434
2026-02-11 15:30:00+00:00,148.1750030517578,148.8699951171875,147.97999572753906,148.66000366210938,83134
2026-02-11 16:30:00+00:00,148.66000366210938,149.1199951171875,148.66000366210938,148.875,66838
2026-02-11 17:30:00+00:00,148.80999755859375,149.35000610351562,148.44000244140625,149.22999572753906,109258
2026-02-11 18:30:00+00:00,149.24000549316406,149.7550048828125,149.0749969482422,149.59500122070312,106029
2026-02-11 19:30:00+00:00,149.59500122070312,149.8000030517578,149.1999969482422,149.24000549316406,108506
2026-02-11 20:30:00+00:00,149.1999969482422,149.3800048828125,149.11000061035156,149.25999450683594,251022
2026-02-12 14:30:00+00:00,150.0,151.57000732421875,149.3300018310547,149.67999267578125,147512
2026-02-12 15:30:00+00:00,149.67999267578125,150.44430541992188,149.27000427246094,149.2949981689453,112131
2026-02-12 16:30:00+00:00,149.3249969482422,149.48989868164062,148.60000610351562,148.66000366210938,119160
2026-02-12 17:30:00+00:00,148.6649932861328,149.00999450683594,147.64999389648438,147.8000030517578,154057
2026-02-12 18:30:00+00:00,147.7949981689453,148.47999572753906,147.5,147.82000732421875,122394
2026-02-12 19:30:00+00:00,147.92999267578125,148.3125,147.57000732421875,147.60000610351562,192821
2026-02-12 20:30:00+00:00,147.5500030517578,147.61000061035156,146.5,147.5,388184
2026-02-13 14:30:00+00:00,147.80999755859375,148.3699951171875,146.33999633789062,147.4199981689453,89048
2026-02-13 15:30:00+00:00,147.5500030517578,149.0749969482422,147.52499389648438,148.97999572753906,72444
2026-02-13 16:30:00+00:00,148.9550018310547,149.2899932861328,148.6750030517578,148.6999969482422,68572
2026-02-13 17:30:00+00:00,148.69000244140625,149.0749969482422,148.69000244140625,148.82000732421875,67190
2026-02-13 18:30:00+00:00,148.9499969482422,148.9499969482422,147.7899932861328,147.90499877929688,93162
2026-02-13 19:30:00+00:00,147.89999389648438,148.0800018310547,146.8300018310547,147.27999877929688,176951
2026-02-13 20:30:00+00:00,147.25,147.66990661621094,147.02000427246094,147.22500610351562,237860
2026-02-17 14:30:00+00:00,137.3800048828125,137.3800048828125,128.14999389648438,129.02999877929688,663082
2026-02-17 15:30:00+00:00,129.1300048828125,130.27000427246094,127.8000030517578,128.08999633789062,488773
2026-02-17 16:30:00+00:00,128.05999755859375,129.96180725097656,127.56999969482422,128.52999877929688,414548
2026-02-17 17:30:00+00:00,128.52999877929688,128.60000610351562,126.27999877929688,126.66999816894533,312530
2026-02-17 18:30:00+00:00,126.77999877929688,128.79989624023438,126.45999908447266,128.19500732421875,456502
2026-02-17 19:30:00+00:00,128.27000427246094,128.47000122070312,126.5999984741211,127.1999969482422,378347
2026-02-17 20:30:00+00:00,127.2300033569336,127.2300033569336,125.54000091552734,125.75,881464
2026-02-18 14:30:00+00:00,123.13999938964844,124.31500244140624,119.36000061035156,122.2699966430664,578235
2026-02-18 15:30:00+00:00,122.30999755859376,123.4800033569336,121.77790069580078,122.8000030517578,302680
2026-02-18 16:30:00+00:00,122.8000030517578,123.30500030517578,122.27999877929688,122.43000030517578,226035
2026-02-18 17:30:00+00:00,122.4800033569336,122.52999877929688,121.22799682617188,121.58999633789062,195849
2026-02-18 18:30:00+00:00,121.63999938964844,121.9800033569336,120.81999969482422,121.31999969482422,210660
2026-02-18 19:30:00+00:00,121.29499816894533,121.51000213623048,120.72949981689452,120.86000061035156,343295
2026-02-18 20:30:00+00:00,120.78009796142578,121.63999938964844,120.78009796142578,120.9000015258789,530427
2026-02-19 14:30:00+00:00,120.2699966430664,120.58999633789062,118.3949966430664,119.9800033569336,248566
2026-02-19 15:30:00+00:00,120.0,121.08999633789062,118.68000030517578,118.72000122070312,211342
2026-02-19 16:30:00+00:00,118.70500183105467,119.33000183105467,118.45500183105467,119.31999969482422,177391
2026-02-19 17:30:00+00:00,119.27999877929688,119.29000091552734,118.13999938964844,118.6999969482422,134350
2026-02-19 18:30:00+00:00,118.73999786376952,119.0999984741211,118.4749984741211,119.0999984741211,159840
2026-02-19 19:30:00+00:00,119.01000213623048,119.38999938964844,118.56999969482422,118.93000030517578,223505
2026-02-19 20:30:00+00:00,118.87000274658205,119.47000122070312,118.8000030517578,119.3499984741211,461780
2026-02-20 14:30:00+00:00,118.5999984741211,120.0,118.05999755859376,118.58999633789062,294577
2026-02-20 15:30:00+00:00,118.68000030517578,118.70330047607422,117.11000061035156,117.12000274658205,235932
2026-02-20 16:30:00+00:00,117.06999969482422,117.8000030517578,116.4499969482422,116.56500244140624,175515
2026-02-20 17:30:00+00:00,116.56500244140624,116.87999725341795,116.375,116.81999969482422,155703
2026-02-20 18:30:00+00:00,116.7699966430664,118.36000061035156,116.6999969482422,117.6449966430664,286556
2026-02-20 19:30:00+00:00,117.75990295410156,117.95989990234376,117.41999816894533,117.7699966430664,249678
2026-02-20 20:30:00+00:00,117.75,118.20999908447266,117.75,118.08999633789062,375915
2026-02-23 14:30:00+00:00,117.27999877929688,118.1500015258789,115.7699966430664,116.22000122070312,187961
2026-02-23 15:30:00+00:00,116.22000122070312,116.61740112304688,115.91000366210938,116.13999938964844,112938
2026-02-23 16:30:00+00:00,116.26000213623048,116.58999633789062,115.8000030517578,115.8550033569336,127584
2026-02-23 17:30:00+00:00,115.83000183105467,116.86000061035156,115.73500061035156,116.7300033569336,109378
2026-02-23 18:30:00+00:00,116.72010040283205,117.23500061035156,116.5,116.5,168762
2026-02-23 19:30:00+00:00,116.5749969482422,116.66000366210938,116.13999938964844,116.33999633789062,167338
2026-02-23 20:30:00+00:00,116.30999755859376,116.51000213623048,115.88999938964844,116.18000030517578,364913
2026-02-24 14:30:00+00:00,118.19000244140624,120.87999725341795,117.83999633789062,120.6500015258789,387260
2026-02-24 15:30:00+00:00,120.6500015258789,121.01000213623048,119.87000274658205,119.88089752197266,477189
2026-02-24 16:30:00+00:00,119.81999969482422,120.5,118.9499969482422,119.22000122070312,199574
2026-02-24 17:30:00+00:00,119.22000122070312,119.58000183105467,118.9499969482422,119.2300033569336,134999
2026-02-24 18:30:00+00:00,119.2300033569336,119.76000213623048,119.0,119.0,126805
2026-02-24 19:30:00+00:00,118.98999786376952,119.26000213623048,118.5199966430664,118.6050033569336,259584
2026-02-24 20:30:00+00:00,118.6050033569336,118.94000244140624,118.47959899902344,118.86000061035156,418238
2026-02-25 14:30:00+00:00,118.16999816894533,119.23999786376952,116.80999755859376,117.58000183105467,180009
2026-02-25 15:30:00+00:00,117.79000091552734,117.9175033569336,116.16999816894533,116.63999938964844,280505
2026-02-25 16:30:00+00:00,116.63999938964844,117.12000274658205,116.23999786376952,116.3499984741211,164735
2026-02-25 17:30:00+00:00,116.30999755859376,116.37000274658205,115.87000274658205,116.01000213623048,158151
2026-02-25 18:30:00+00:00,116.06500244140624,116.45999908447266,116.06500244140624,116.26000213623048,149346
2026-02-25 19:30:00+00:00,116.26000213623048,116.9800033569336,116.25,116.38999938964844,252439
2026-02-25 20:30:00+00:00,116.33000183105467,117.27999877929688,116.33000183105467,116.87000274658205,489864
2026-02-26 14:30:00+00:00,117.23999786376952,118.0,116.04149627685548,116.04149627685548,118539
2026-02-26 15:30:00+00:00,116.22000122070312,116.88999938964844,115.93000030517578,116.27999877929688,109114
2026-02-26 16:30:00+00:00,116.30500030517578,116.5500030517578,115.76000213623048,115.8550033569336,104771
2026-02-26 17:30:00+00:00,115.8550033569336,116.18049621582033,115.44000244140624,116.125,88041
2026-02-26 18:30:00+00:00,116.13500213623048,117.16999816894533,115.94010162353516,116.75,133311
2026-02-26 19:30:00+00:00,116.8231964111328,117.18000030517578,116.66000366210938,116.95999908447266,210841
2026-02-26 20:30:00+00:00,116.9749984741211,117.13999938964844,116.80999755859376,116.8499984741211,247682
2026-02-27 14:30:00+00:00,115.9000015258789,116.6954574584961,115.05999755859376,116.63500213623048,224899
2026-02-27 15:30:00+00:00,116.63500213623048,117.75,116.56999969482422,117.69000244140624,128233
2026-02-27 16:30:00+00:00,117.7699966430664,118.1084976196289,117.62999725341795,117.94000244140624,85608
2026-02-27 17:30:00+00:00,117.94000244140624,118.70999908447266,117.9000015258789,118.70999908447266,85980
2026-02-27 18:30:00+00:00,118.69989776611328,119.05999755859376,118.56999969482422,118.7699966430664,81552
2026-02-27 19:30:00+00:00,118.77999877929688,119.43499755859376,118.77999877929688,119.16500091552734,119564
2026-02-27 20:30:00+00:00,119.18499755859376,119.56999969482422,118.9000015258789,119.3000030517578,252067
2026-03-02 14:30:00+00:00,117.5199966430664,118.125,116.12999725341795,117.1050033569336,123943
2026-03-02 15:30:00+00:00,117.01000213623048,117.26000213623048,116.5500030517578,116.75,168742
2026-03-02 16:30:00+00:00,116.69000244140624,117.375,116.55999755859376,116.88999938964844,81105
2026-03-02 17:30:00+00:00,116.88999938964844,118.0,116.74500274658205,117.80500030517578,107234
2026-03-02 18:30:00+00:00,117.75360107421876,117.80999755859376,116.98999786376952,117.4000015258789,81650
2026-03-02 19:30:00+00:00,117.41999816894533,117.97000122070312,117.3499984741211,117.83999633789062,107802
2026-03-02 20:30:00+00:00,117.93000030517578,118.61000061035156,117.73999786376952,118.61000061035156,245274
2026-03-03 14:30:00+00:00,116.0,116.41000366210938,113.83999633789062,114.59940338134766,148004
2026-03-03 15:30:00+00:00,114.37339782714844,115.2699966430664,114.1999969482422,115.2699966430664,116063
2026-03-03 16:30:00+00:00,115.1999969482422,116.11000061035156,114.98999786376952,116.11000061035156,86058
2026-03-03 17:30:00+00:00,116.06999969482422,116.4800033569336,115.88999938964844,116.34500122070312,76207
2026-03-03 18:30:00+00:00,116.2699966430664,117.26000213623048,116.21009826660156,117.06999969482422,77942
2026-03-03 19:30:00+00:00,117.0,117.36499786376952,116.70999908447266,117.0749969482422,131800
2026-03-03 20:30:00+00:00,117.01000213623048,117.01000213623048,116.31999969482422,116.31999969482422,133393
2026-03-04 14:30:00+00:00,116.5500030517578,117.0500030517578,115.20500183105467,115.75,120184
2026-03-04 15:30:00+00:00,115.83000183105467,116.19499969482422,115.36000061035156,115.80750274658205,125612
2026-03-04 16:30:00+00:00,115.87000274658205,116.1999969482422,115.73999786376952,115.81999969482422,130970
2026-03-04 17:30:00+00:00,115.79010009765624,116.2300033569336,115.79010009765624,116.08000183105467,118495
2026-03-04 18:30:00+00:00,116.11299896240234,116.83999633789062,115.91999816894533,116.73999786376952,104177
2026-03-04 19:30:00+00:00,116.76000213623048,116.87000274658205,116.16999816894533,116.26499938964844,159935
2026-03-04 20:30:00+00:00,116.27999877929688,116.36499786376952,115.4800033569336,115.62999725341795,302441
2026-03-05 14:30:00+00:00,115.3499984741211,117.0500030517578,115.3499984741211,116.0,125173
2026-03-05 15:30:00+00:00,115.84500122070312,116.3499984741211,115.63999938964844,116.05999755859376,110933
2026-03-05 16:30:00+00:00,116.05999755859376,116.20999908447266,115.75,115.80999755859376,76942
2026-03-05 17:30:00+00:00,115.82640075683594,116.0,115.4749984741211,115.9250030517578,113537
2026-03-05 18:30:00+00:00,115.97000122070312,116.37999725341795,115.83000183105467,116.1500015258789,127795
2026-03-05 19:30:00+00:00,116.125,117.08000183105467,115.88999938964844,117.0,164392
2026-03-05 20:30:00+00:00,116.99500274658205,117.12999725341795,116.5749969482422,117.08999633789062,304143
2026-03-06 14:30:00+00:00,114.9800033569336,115.36000061035156,113.18000030517578,114.33999633789062,227149
2026-03-06 15:30:00+00:00,114.16999816894533,115.01000213623048,114.16999816894533,114.80999755859376,78853
2026-03-06 16:30:00+00:00,114.80999755859376,115.02660369873048,114.1500015258789,114.86499786376952,81346
2026-03-06 17:30:00+00:00,114.84500122070312,115.37999725341795,114.61000061035156,115.12999725341795,56581
2026-03-06 18:30:00+00:00,115.1999969482422,115.66000366210938,115.05999755859376,115.3000030517578,76747
2026-03-06 19:30:00+00:00,115.27999877929688,115.75499725341795,115.0500030517578,115.6449966430664,94752
2026-03-06 20:30:00+00:00,115.6449966430664,115.79000091552734,115.4000015258789,115.5,239892
2026-03-09 13:30:00+00:00,113.91999816894533,114.5553970336914,110.76589965820312,111.12999725341795,216529
2026-03-09 14:30:00+00:00,111.0999984741211,112.1977996826172,111.0500030517578,111.95999908447266,147170
2026-03-09 15:30:00+00:00,111.9499969482422,112.08499908447266,111.37999725341795,111.86009979248048,61448
2026-03-09 16:30:00+00:00,111.86499786376952,111.9749984741211,110.80999755859376,110.91500091552734,146127
2026-03-09 17:30:00+00:00,111.02999877929688,111.7249984741211,110.83999633789062,111.58000183105467,121711
2026-03-09 18:30:00+00:00,111.6500015258789,112.16000366210938,110.9499969482422,111.91500091552734,201088
2026-03-09 19:30:00+00:00,111.91490173339844,112.31999969482422,111.38999938964844,111.8000030517578,368057
2026-03-10 13:30:00+00:00,111.62999725341795,111.62999725341795,110.2300033569336,111.26000213623048,101066
2026-03-10 14:30:00+00:00,111.25,111.8000030517578,111.25,111.5749969482422,98119
2026-03-10 15:30:00+00:00,111.5749969482422,111.68000030517578,111.25,111.36000061035156,106910
2026-03-10 16:30:00+00:00,111.3550033569336,111.76000213623048,111.13999938964844,111.26000213623048,147521
2026-03-10 17:30:00+00:00,111.31999969482422,111.40959930419922,110.30999755859376,110.63999938964844,230411
2026-03-10 18:30:00+00:00,110.625,111.19000244140624,110.4000015258789,110.45500183105467,185748
2026-03-10 19:30:00+00:00,110.38500213623048,110.38500213623048,108.9000015258789,108.94000244140624,490178
2026-03-11 13:30:00+00:00,109.0999984741211,109.70999908447266,108.13999938964844,109.19499969482422,252110
2026-03-11 14:30:00+00:00,109.19499969482422,114.77999877929688,109.18000030517578,111.25,664058
2026-03-11 15:30:00+00:00,111.2300033569336,111.30500030517578,109.76000213623048,110.1500015258789,347378
2026-03-11 16:30:00+00:00,110.1500015258789,110.26000213623048,109.45999908447266,109.5999984741211,203364
2026-03-11 17:30:00+00:00,109.72000122070312,109.76000213623048,108.9250030517578,109.43000030517578,261563
2026-03-11 18:30:00+00:00,109.4800033569336,109.90499877929688,109.13999938964844,109.26000213623048,605412
2026-03-11 19:30:00+00:00,109.2249984741211,109.41999816894533,109.01000213623048,109.22000122070312,573080
2026-03-12 13:30:00+00:00,108.44000244140624,109.3249969482422,107.5999984741211,107.63999938964844,218056
2026-03-12 14:30:00+00:00,107.5999984741211,108.90989685058594,107.54000091552734,108.3499984741211,1249769
2026-03-12 15:30:00+00:00,108.3499984741211,109.0199966430664,107.99330139160156,108.43000030517578,387926
2026-03-12 16:30:00+00:00,108.4250030517578,108.66000366210938,108.04000091552734,108.375,220344
2026-03-12 17:30:00+00:00,108.375,108.66999816894533,108.12999725341795,108.23999786376952,226008
2026-03-12 18:30:00+00:00,108.2699966430664,108.41000366210938,107.9000015258789,107.9000015258789,288577
2026-03-12 19:30:00+00:00,107.93000030517578,108.27999877929688,106.7699966430664,106.9800033569336,530382
2026-03-13 13:30:00+00:00,108.01000213623048,108.01000213623048,105.33999633789062,105.79000091552734,146980
2026-03-13 14:30:00+00:00,105.9000015258789,106.33499908447266,105.37000274658205,105.80999755859376,253109
2026-03-13 15:30:00+00:00,105.73500061035156,106.0500030517578,105.55999755859376,105.63500213623048,89937
2026-03-13 16:30:00+00:00,105.63500213623048,105.91000366210938,105.26000213623048,105.84500122070312,126594
2026-03-13 17:30:00+00:00,105.84500122070312,105.84500122070312,105.0199966430664,105.09500122070312,138643
2026-03-13 18:30:00+00:00,105.06999969482422,105.63990020751952,105.06999969482422,105.33499908447266,154690
2026-03-13 19:30:00+00:00,105.3499984741211,105.73999786376952,105.0250015258789,105.72000122070312,330560
2026-03-16 13:30:00+00:00,105.7300033569336,106.5,105.23600006103516,105.83499908447266,165616
2026-03-16 14:30:00+00:00,105.83499908447266,105.83499908447266,104.91000366210938,104.91000366210938,160061
2026-03-16 15:30:00+00:00,104.93000030517578,105.0500030517578,103.79499816894533,104.09500122070312,138279
2026-03-16 16:30:00+00:00,104.08999633789062,104.16000366210938,103.83999633789062,103.9800033569336,122419
2026-03-16 17:30:00+00:00,103.91120147705078,104.55999755859376,103.61000061035156,104.06999969482422,275203
2026-03-16 18:30:00+00:00,104.0500030517578,104.2375030517578,103.4800033569336,103.69000244140624,567088
2026-03-16 19:30:00+00:00,103.70999908447266,104.02999877929688,103.42250061035156,103.9800033569336,378023
2026-03-17 13:30:00+00:00,104.66999816894533,105.2249984741211,103.62000274658205,103.81439971923828,132764
2026-03-17 14:30:00+00:00,103.83000183105467,104.73999786376952,103.70999908447266,104.58999633789062,96591
2026-03-17 15:30:00+00:00,104.61499786376952,104.61499786376952,103.37999725341795,103.5999984741211,113494
2026-03-17 16:30:00+00:00,103.55999755859376,103.76000213623048,103.27999877929688,103.3949966430664,147770
2026-03-17 17:30:00+00:00,103.38999938964844,103.4520034790039,103.06999969482422,103.18000030517578,141020
2026-03-17 18:30:00+00:00,103.16999816894533,103.5,103.05999755859376,103.27999877929688,753873
2026-03-17 19:30:00+00:00,103.26000213623048,103.43000030517578,102.58000183105467,102.7699966430664,1164128
2026-03-18 13:30:00+00:00,101.37000274658205,102.44000244140624,100.5469970703125,100.83000183105467,200617
2026-03-18 14:30:00+00:00,100.76499938964844,101.58999633789062,100.4800033569336,101.5,121450
2026-03-18 15:30:00+00:00,101.4800033569336,101.8499984741211,101.30999755859376,101.33999633789062,80910
2026-03-18 16:30:00+00:00,101.37000274658205,101.93000030517578,101.26499938964844,101.71499633789062,104633
2026-03-18 17:30:00+00:00,101.76000213623048,102.11000061035156,101.62670135498048,101.83999633789062,175517
2026-03-18 18:30:00+00:00,101.87999725341795,102.0250015258789,101.33000183105467,101.41999816894533,209835
2026-03-18 19:30:00+00:00,101.44000244140624,101.47000122070312,100.51000213623048,100.72000122070312,323677
2026-03-19 13:30:00+00:00,99.8000030517578,100.5199966430664,99.1999969482422,99.23999786376952,182638
2026-03-19 14:30:00+00:00,99.2300033569336,99.62989807128906,98.76000213623048,99.01000213623048,198397
2026-03-19 15:30:00+00:00,99.04000091552734,99.24500274658205,98.87169647216795,99.21499633789062,107143
2026-03-19 16:30:00+00:00,99.21499633789062,99.44580078125,98.5500030517578,98.70999908447266,137656
2026-03-19 17:30:00+00:00,98.70999908447266,99.0,98.1500015258789,98.15499877929688,138260
2026-03-19 18:30:00+00:00,98.14099884033205,99.9800033569336,98.13999938964844,99.79499816894533,238301
2026-03-19 19:30:00+00:00,99.8000030517578,99.8499984741211,99.08000183105467,99.08999633789062,442761
2026-03-20 13:30:00+00:00,99.0,99.95999908447266,98.37999725341795,98.6500015258789,313689
2026-03-20 14:30:00+00:00,98.58999633789062,98.9800033569336,97.75,97.75,186738
2026-03-20 15:30:00+00:00,97.83999633789062,97.88500213623048,97.4749984741211,97.65249633789062,125596
2026-03-20 16:30:00+00:00,97.65499877929688,97.69000244140624,97.0999984741211,97.4800033569336,146505
2026-03-20 17:30:00+00:00,97.4800033569336,97.52989959716795,96.6500015258789,96.75,213699
2026-03-20 18:30:00+00:00,96.70089721679688,96.83999633789062,96.3499984741211,96.5999984741211,265022
2026-03-20 19:30:00+00:00,96.6050033569336,96.6050033569336,96.08000183105467,96.37000274658205,404428
2026-03-23 13:30:00+00:00,98.5199966430664,101.4000015258789,97.45999908447266,101.16999816894533,412311
2026-03-23 14:30:00+00:00,101.13500213623048,102.48999786376952,100.97000122070312,102.02100372314452,224864
2026-03-23 15:30:00+00:00,102.0749969482422,102.16500091552734,100.51000213623048,100.56999969482422,185910
2026-03-23 16:30:00+00:00,100.54000091552734,101.19000244140624,100.41000366210938,101.12999725341795,182431
2026-03-23 17:30:00+00:00,101.08999633789062,101.83999633789062,101.0,101.78500366210938,328108
2026-03-23 18:30:00+00:00,101.7699966430664,102.72000122070312,101.19000244140624,101.41500091552734,327245
2026-03-23 19:30:00+00:00,101.43000030517578,101.72000122070312,101.05999755859376,101.08499908447266,424468
2026-03-24 13:30:00+00:00,99.77999877929688,101.8550033569336,99.5,101.54000091552734,141918
2026-03-24 14:30:00+00:00,101.54000091552734,102.73789978027344,101.38009643554688,102.58999633789062,190036
2026-03-24 15:30:00+00:00,102.66000366210938,103.08999633789062,102.1999969482422,103.0,115736
2026-03-24 16:30:00+00:00,102.98999786376952,103.02999877929688,102.36000061035156,102.63999938964844,127369
2026-03-24 17:30:00+00:00,102.63999938964844,102.88999938964844,102.38500213623048,102.83999633789062,138970
2026-03-24 18:30:00+00:00,102.86499786376952,103.41000366210938,102.81999969482422,103.01000213623048,238148
2026-03-24 19:30:00+00:00,103.01000213623048,103.16000366210938,102.71499633789062,103.0199966430664,445164
2026-03-25 13:30:00+00:00,103.9749984741211,105.58000183105467,103.48500061035156,103.91999816894533,194950
2026-03-25 14:30:00+00:00,104.08000183105467,104.7750015258789,103.73500061035156,104.48999786376952,164783
2026-03-25 15:30:00+00:00,104.48999786376952,105.05999755859376,104.4459991455078,104.9499969482422,173075
2026-03-25 16:30:00+00:00,104.94000244140624,105.18000030517578,104.86000061035156,105.16999816894533,218889
2026-03-25 17:30:00+00:00,105.16500091552734,105.68000030517578,104.9000015258789,105.51000213623048,393341
2026-03-25 18:30:00+00:00,105.5,105.50499725341795,104.87999725341795,104.87999725341795,337203
2026-03-25 19:30:00+00:00,104.8499984741211,105.17250061035156,104.6500015258789,105.12000274658205,455716
2026-03-26 13:30:00+00:00,104.45999908447266,106.4800033569336,104.38999938964844,105.6750030517578,144988
2026-03-26 14:30:00+00:00,105.66999816894533,106.0500030517578,105.25,105.26629638671876,310044
2026-03-26 15:30:00+00:00,105.25,105.5,105.0,105.0250015258789,207325
2026-03-26 16:30:00+00:00,105.0250015258789,105.16999816894533,104.69000244140624,104.79000091552734,171771
2026-03-26 17:30:00+00:00,104.8000030517578,105.66999816894533,104.77999877929688,105.41999816894533,172747
2026-03-26 18:30:00+00:00,105.41500091552734,105.6500015258789,104.88999938964844,104.88999938964844,239800
2026-03-26 19:30:00+00:00,104.88999938964844,105.5500030517578,104.83000183105467,105.3000030517578,288094
2026-03-27 13:30:00+00:00,105.08000183105467,105.6999969482422,104.18000030517578,104.81999969482422,105869
2026-03-27 14:30:00+00:00,104.77100372314452,105.1500015258789,104.62000274658205,104.9000015258789,401992
2026-03-27 15:30:00+00:00,104.9000015258789,105.2699966430664,104.59500122070312,104.83999633789062,1040719
2026-03-27 16:30:00+00:00,104.84839630126952,105.37000274658205,104.61000061035156,104.91500091552734,214329
2026-03-27 17:30:00+00:00,104.94000244140624,105.0500030517578,104.48500061035156,104.58999633789062,290926
2026-03-27 18:30:00+00:00,104.62000274658205,105.0199966430664,104.41999816894533,104.9250030517578,197676
2026-03-27 19:30:00+00:00,104.9250030517578,105.16000366210938,104.60060119628906,105.0,492638
2026-03-30 13:30:00+00:00,104.76000213623048,105.62999725341795,104.42009735107422,104.7699966430664,170761
2026-03-30 14:30:00+00:00,104.70999908447266,105.08000183105467,104.4000015258789,104.7300033569336,332620
2026-03-30 15:30:00+00:00,104.7300033569336,105.37000274658205,104.58999633789062,104.5999984741211,116251
2026-03-30 16:30:00+00:00,104.6999969482422,104.87999725341795,103.7300033569336,103.8499984741211,187657
2026-03-30 17:30:00+00:00,103.81999969482422,104.12999725341795,103.41000366210938,103.97000122070312,162324
2026-03-30 18:30:00+00:00,103.9499969482422,104.62999725341795,103.94499969482422,103.9800033569336,199994
2026-03-30 19:30:00+00:00,104.00499725341795,104.40499877929688,103.6999969482422,104.3499984741211,333889
2026-03-31 13:30:00+00:00,105.91999816894533,105.97000122070312,103.83999633789062,104.56999969482422,223698
2026-03-31 14:30:00+00:00,104.6500015258789,105.06999969482422,103.8550033569336,104.6500015258789,137720
2026-03-31 15:30:00+00:00,104.71499633789062,104.71499633789062,104.3499984741211,104.58999633789062,83486
2026-03-31 16:30:00+00:00,104.55500030517578,106.0500030517578,103.8499984741211,104.37999725341795,255456
2026-03-31 17:30:00+00:00,104.37999725341795,105.37999725341795,104.29000091552734,105.12000274658205,256396
2026-03-31 18:30:00+00:00,105.0801010131836,105.6500015258789,104.98999786376952,105.62999725341795,211891
2026-03-31 19:30:00+00:00,105.66000366210938,105.83999633789062,105.45999908447266,105.75,446411
2026-04-01 13:30:00+00:00,105.75,105.94499969482422,104.70999908447266,105.50499725341795,833027
2026-04-01 14:30:00+00:00,105.51000213623048,105.9000015258789,105.19499969482422,105.47000122070312,415757
2026-04-01 15:30:00+00:00,105.4499969482422,105.6500015258789,105.0199966430664,105.0199966430664,143938
2026-04-01 16:30:00+00:00,105.02999877929688,105.37000274658205,104.88999938964844,105.27999877929688,160314
2026-04-01 17:30:00+00:00,105.29000091552734,105.5199966430664,105.06999969482422,105.1500015258789,328068
2026-04-01 18:30:00+00:00,105.16000366210938,105.22000122070312,104.55999755859376,104.75,204236
2026-04-01 19:30:00+00:00,104.73999786376952,105.1999969482422,104.55999755859376,105.18499755859376,408725
2026-04-02 13:30:00+00:00,105.3499984741211,105.4800033569336,103.48999786376952,103.95999908447266,220648
2026-04-02 14:30:00+00:00,103.97000122070312,106.16999816894533,103.97000122070312,104.81999969482422,236721
2026-04-02 15:30:00+00:00,104.70999908447266,104.79000091552734,103.75499725341795,103.91999816894533,131892
2026-04-02 16:30:00+00:00,103.87000274658205,104.06999969482422,103.5500030517578,103.75,124744
2026-04-02 17:30:00+00:00,103.8000030517578,103.86499786376952,102.9250030517578,103.23999786376952,232061
2026-04-02 18:30:00+00:00,103.23999786376952,103.66000366210938,103.16999816894533,103.53500366210938,231758
2026-04-02 19:30:00+00:00,103.54000091552734,103.58999633789062,103.29499816894533,103.47000122070312,431371
2026-04-06 13:30:00+00:00,102.27999877929688,103.80999755859376,102.27999877929688,103.55999755859376,247888
2026-04-06 14:30:00+00:00,103.56999969482422,103.70999908447266,103.23500061035156,103.61000061035156,98380
2026-04-06 15:30:00+00:00,103.51000213623048,104.30999755859376,103.4800033569336,104.23999786376952,108338
2026-04-06 16:30:00+00:00,104.2300033569336,104.4499969482422,103.95999908447266,104.13999938964844,73392
2026-04-06 17:30:00+00:00,104.2300033569336,104.6999969482422,103.93000030517578,104.63999938964844,100936
2026-04-06 18:30:00+00:00,104.6500015258789,104.80999755859376,104.31999969482422,104.41000366210938,147495
2026-04-06 19:30:00+00:00,104.41000366210938,105.16999816894533,104.41000366210938,105.16000366210938,252496
2026-04-07 13:30:00+00:00,104.55999755859376,105.3000030517578,104.16000366210938,104.81999969482422,144631
2026-04-07 14:30:00+00:00,104.8000030517578,104.8949966430664,104.2750015258789,104.41000366210938,95381
2026-04-07 15:30:00+00:00,104.3480987548828,105.08000183105467,104.3000030517578,104.71499633789062,114027
2026-04-07 16:30:00+00:00,104.66999816894533,104.87999725341795,104.3000030517578,104.33000183105467,82942
2026-04-07 17:30:00+00:00,104.37999725341795,104.86000061035156,104.2699966430664,104.37000274658205,178339
2026-04-07 18:30:00+00:00,104.37000274658205,104.4749984741211,103.68499755859376,104.15499877929688,166680
2026-04-07 19:30:00+00:00,104.12000274658205,104.19000244140624,103.5,103.83000183105467,271130
2026-04-08 13:30:00+00:00,106.62000274658205,107.61000061035156,106.37000274658205,107.06999969482422,220101
2026-04-08 14:30:00+00:00,107.12000274658205,107.18499755859376,105.83999633789062,105.87000274658205,124352
2026-04-08 15:30:00+00:00,105.88999938964844,106.69000244140624,105.88999938964844,106.41999816894533,168839
2026-04-08 16:30:00+00:00,106.40499877929688,106.54499816894533,106.18000030517578,106.27999877929688,83755
2026-04-08 17:30:00+00:00,106.30999755859376,107.04000091552734,106.21009826660156,107.03500366210938,260475
2026-04-08 18:30:00+00:00,107.0250015258789,107.41999816894533,106.93000030517578,107.31500244140624,189901
2026-04-08 19:30:00+00:00,107.29000091552734,107.72000122070312,107.28500366210938,107.41999816894533,279071
2026-04-09 13:30:00+00:00,107.1500015258789,107.51000213623048,105.83999633789062,106.94000244140624,198247
2026-04-09 14:30:00+00:00,106.91999816894533,107.4800033569336,106.91999816894533,107.4800033569336,129781
2026-04-09 15:30:00+00:00,107.37999725341795,108.93000030517578,107.37999725341795,108.80999755859376,109651
2026-04-09 16:30:00+00:00,108.80999755859376,109.13500213623048,108.6500015258789,108.81999969482422,130890
2026-04-09 17:30:00+00:00,108.80999755859376,109.08000183105467,108.30500030517578,108.38999938964844,405236
2026-04-09 18:30:00+00:00,108.4000015258789,108.87000274658205,108.20999908447266,108.49749755859376,322095
2026-04-09 19:30:00+00:00,108.49500274658205,108.73999786376952,108.18499755859376,108.54000091552734,519881
2026-04-10 13:30:00+00:00,109.23999786376952,109.52999877929688,108.37999725341795,108.5250015258789,168533
2026-04-10 14:30:00+00:00,108.5250015258789,108.58000183105467,107.43009948730467,107.56999969482422,133047
2026-04-10 15:30:00+00:00,107.5625,107.73999786376952,107.33999633789062,107.5,155018
2026-04-10 16:30:00+00:00,107.47000122070312,107.68000030517578,107.30999755859376,107.61000061035156,91228
2026-04-10 17:30:00+00:00,107.5999984741211,107.81500244140624,107.43000030517578,107.625,243678
2026-04-10 18:30:00+00:00,107.62999725341795,107.70999908447266,107.19000244140624,107.30999755859376,185960
2026-04-10 19:30:00+00:00,107.30500030517578,107.5199966430664,106.98500061035156,107.51000213623048,254185
2026-04-13 13:30:00+00:00,107.45999908447266,107.54000091552734,106.58499908447266,107.12000274658205,114168
2026-04-13 14:30:00+00:00,107.0999984741211,107.51000213623048,107.03500366210938,107.4499969482422,243367
2026-04-13 15:30:00+00:00,107.4499969482422,108.30999755859376,106.91000366210938,108.30999755859376,306799
2026-04-13 16:30:00+00:00,108.31999969482422,109.1500015258789,108.23999786376952,109.04499816894533,201403
2026-04-13 17:30:00+00:00,109.08000183105467,109.22000122070312,108.6050033569336,109.06999969482422,210443
2026-04-13 18:30:00+00:00,109.12000274658205,109.44000244140624,108.90499877929688,109.3000030517578,128254
2026-04-13 19:30:00+00:00,109.3000030517578,109.86000061035156,109.05999755859376,109.8000030517578,365773
2026-04-14 13:30:00+00:00,109.48999786376952,110.4499969482422,109.04499816894533,110.375,92284
2026-04-14 14:30:00+00:00,110.375,110.58999633789062,110.03009796142578,110.33000183105467,92426
2026-04-14 15:30:00+00:00,110.31999969482422,110.38999938964844,109.70999908447266,109.75499725341795,78703
2026-04-14 16:30:00+00:00,109.76000213623048,109.8114013671875,108.7300033569336,109.54000091552734,133837
2026-04-14 17:30:00+00:00,109.58000183105467,109.68000030517578,109.31099700927734,109.36000061035156,165924
2026-04-14 18:30:00+00:00,109.41000366210938,109.69010162353516,109.16000366210938,109.52999877929688,177772
2026-04-14 19:30:00+00:00,109.5,109.93000030517578,109.29000091552734,109.9000015258789,299434
2026-04-15 13:30:00+00:00,109.5,109.70500183105467,108.23999786376952,109.23500061035156,242307
2026-04-15 14:30:00+00:00,109.37000274658205,110.0250015258789,109.1449966430664,110.0250015258789,168711
2026-04-15 15:30:00+00:00,110.0199966430664,110.2750015258789,109.6500015258789,110.18000030517578,166133
2026-04-15 16:30:00+00:00,110.16000366210938,110.33000183105467,109.8000030517578,109.83999633789062,154978
2026-04-15 17:30:00+00:00,109.83999633789062,110.0199966430664,109.47000122070312,110.0199966430664,150285
2026-04-15 18:30:00+00:00,109.97000122070312,110.41500091552734,109.9000015258789,110.30999755859376,191888
2026-04-15 19:30:00+00:00,110.31500244140624,110.4800033569336,109.87999725341795,110.41999816894533,344156
2026-04-16 13:30:00+00:00,110.68000030517578,111.83000183105467,110.40039825439452,110.51000213623048,109428
2026-04-16 14:30:00+00:00,110.40499877929688,111.52999877929688,110.18000030517578,111.31999969482422,159993
2026-04-16 15:30:00+00:00,111.29000091552734,111.41000366210938,111.08000183105467,111.30999755859376,101464
2026-04-16 16:30:00+00:00,111.3499984741211,111.3499984741211,110.59500122070312,110.95500183105467,113549
2026-04-16 17:30:00+00:00,110.95500183105467,111.25,110.8499984741211,110.98999786376952,109003
2026-04-16 18:30:00+00:00,111.01000213623048,111.36000061035156,110.9499969482422,111.25,162292
2026-04-16 19:30:00+00:00,111.2300033569336,111.5,111.16999816894533,111.19499969482422,308557
2026-04-17 13:30:00+00:00,111.93000030517578,115.83000183105467,111.93000030517578,115.4499969482422,297403
2026-04-17 14:30:00+00:00,115.30999755859376,115.8000030517578,114.83000183105467,114.83499908447266,145859
2026-04-17 15:30:00+00:00,114.83499908447266,115.28500366210938,114.76000213623048,115.1050033569336,108495
2026-04-17 16:30:00+00:00,115.1050033569336,115.20999908447266,114.5999984741211,114.81500244140624,200000
2026-04-17 17:30:00+00:00,114.62000274658205,114.66000366210938,113.68000030517578,113.9000015258789,157716
2026-04-17 18:30:00+00:00,113.91999816894533,114.00499725341795,113.2699966430664,113.375,157720
2026-04-17 19:30:00+00:00,113.41999816894533,113.81999969482422,113.22000122070312,113.8000030517578,329331
2026-04-20 13:30:00+00:00,113.75,113.75,112.0,112.68499755859376,153387
2026-04-20 14:30:00+00:00,112.70999908447266,112.98500061035156,112.22000122070312,112.7699966430664,132294
2026-04-20 15:30:00+00:00,112.81999969482422,113.1050033569336,112.70999908447266,112.7699966430664,126803
2026-04-20 16:30:00+00:00,112.75499725341795,113.00499725341795,112.48999786376952,112.75,145485
2026-04-20 17:30:00+00:00,112.75,112.76499938964844,112.0,112.29000091552734,205410
2026-04-20 18:30:00+00:00,112.33999633789062,112.58999633789062,112.16000366210938,112.4499969482422,296236
2026-04-20 19:30:00+00:00,112.37999725341795,112.6500015258789,111.72000122070312,112.58999633789062,587709
2026-04-21 13:30:00+00:00,114.75,115.9250030517578,110.87249755859376,115.5500030517578,487505
2026-04-21 14:30:00+00:00,115.54000091552734,116.7699966430664,114.37000274658205,115.31999969482422,386720
2026-04-21 15:30:00+00:00,115.4000015258789,115.98989868164062,113.68499755859376,114.58999633789062,240889
2026-04-21 16:30:00+00:00,114.48500061035156,114.8499984741211,113.80999755859376,114.27999877929688,269931
2026-04-21 17:30:00+00:00,114.31999969482422,114.36000061035156,113.23999786376952,113.48999786376952,184361
2026-04-21 18:30:00+00:00,113.5199966430664,115.26499938964844,113.4250030517578,115.0,214937
2026-04-21 19:30:00+00:00,114.9749984741211,115.33000183105467,114.33999633789062,115.01000213623048,580710
2026-04-22 13:30:00+00:00,114.87999725341795,115.86000061035156,113.0,113.0999984741211,270530
2026-04-22 14:30:00+00:00,112.9800033569336,114.0500030517578,112.56999969482422,113.31999969482422,168181
2026-04-22 15:30:00+00:00,113.31999969482422,113.43499755859376,112.7300033569336,112.7300033569336,148506
2026-04-22 16:30:00+00:00,112.70500183105467,113.08000183105467,112.0,112.29000091552734,164466
2026-04-22 17:30:00+00:00,112.29000091552734,112.38999938964844,111.49500274658205,111.91000366210938,200236
2026-04-22 18:30:00+00:00,111.91000366210938,112.69000244140624,111.86499786376952,112.49500274658205,202031
2026-04-22 19:30:00+00:00,112.48999786376952,112.55999755859376,111.66000366210938,111.72000122070312,463509
2026-04-23 13:30:00+00:00,111.9000015258789,112.33000183105467,110.0999984741211,110.86000061035156,141742
2026-04-23 14:30:00+00:00,110.86000061035156,111.01000213623048,110.01000213623048,110.43000030517578,143114
2026-04-23 15:30:00+00:00,110.44000244140624,111.2051010131836,110.19499969482422,110.86000061035156,144938
2026-04-23 16:30:00+00:00,110.875,111.16000366210938,110.1999969482422,110.1999969482422,77132
2026-04-23 17:30:00+00:00,110.19000244140624,110.4250030517578,109.3000030517578,110.3949966430664,162393
2026-04-23 18:30:00+00:00,110.4000015258789,110.44000244140624,109.7750015258789,110.12000274658205,181275
2026-04-23 19:30:00+00:00,110.0999984741211,110.0999984741211,109.16999816894533,109.7699966430664,404550
2026-04-24 13:30:00+00:00,109.36000061035156,109.69000244140624,108.30999755859376,109.43000030517578,138487
2026-04-24 14:30:00+00:00,109.43000030517578,109.7300033569336,108.79499816894533,109.01000213623048,91833
2026-04-24 15:30:00+00:00,109.01499938964844,109.88999938964844,108.9499969482422,109.5199966430664,95999
2026-04-24 16:30:00+00:00,109.56999969482422,109.56999969482422,108.8000030517578,109.11000061035156,71091
2026-04-24 17:30:00+00:00,109.11499786376952,109.125,108.4499969482422,108.5250015258789,93602
2026-04-24 18:30:00+00:00,108.56999969482422,108.83000183105467,108.5199966430664,108.7699966430664,97871
2026-04-24 19:30:00+00:00,108.75,108.94000244140624,108.41999816894533,108.7300033569336,223137
2026-04-27 13:30:00+00:00,108.29000091552734,109.6500015258789,105.59010314941406,106.7249984741211,207849
2026-04-27 14:30:00+00:00,106.6500015258789,106.9800033569336,105.8000030517578,106.11000061035156,163848
2026-04-27 15:30:00+00:00,106.16000366210938,107.0199966430664,106.02999877929688,106.93000030517578,94669
2026-04-27 16:30:00+00:00,106.95999908447266,107.45999908447266,106.6999969482422,106.88999938964844,106004
2026-04-27 17:30:00+00:00,106.875,106.98509979248048,106.47000122070312,106.63999938964844,138958
2026-04-27 18:30:00+00:00,106.58999633789062,106.83999633789062,106.37000274658205,106.47000122070312,133624
2026-04-27 19:30:00+00:00,106.37999725341795,106.62999725341795,106.21499633789062,106.55999755859376,268872
2026-04-28 13:30:00+00:00,107.5999984741211,108.0,105.86000061035156,105.95999908447266,108827
2026-04-28 14:30:00+00:00,105.9800033569336,106.62999725341795,105.83999633789062,105.9000015258789,66971
2026-04-28 15:30:00+00:00,105.9109115600586,106.30500030517578,105.79000091552734,106.01000213623048,115744
2026-04-28 16:30:00+00:00,105.98999786376952,105.98999786376952,105.51000213623048,105.70999908447266,69205
2026-04-28 17:30:00+00:00,105.66000366210938,105.83000183105467,105.37999725341795,105.43000030517578,111083
2026-04-28 18:30:00+00:00,105.48999786376952,105.48999786376952,105.0,105.11000061035156,124875
2026-04-28 19:30:00+00:00,105.0,105.51000213623048,104.93000030517578,105.4000015258789,168050
2026-04-29 13:30:00+00:00,104.05999755859376,104.83499908447266,103.55999755859376,103.58000183105467,122661
2026-04-29 14:30:00+00:00,103.5500030517578,103.5749969482422,102.8499984741211,103.33000183105467,96664
2026-04-29 15:30:00+00:00,103.24009704589844,103.68499755859376,102.9499969482422,103.68499755859376,77830
2026-04-29 16:30:00+00:00,103.66500091552734,103.97000122070312,103.65499877929688,103.97000122070312,67931
2026-04-29 17:30:00+00:00,103.98999786376952,104.19499969482422,103.41999816894533,103.43000030517578,91595
2026-04-29 18:30:00+00:00,103.47000122070312,103.47000122070312,103.0999984741211,103.0999984741211,154165
2026-04-29 19:30:00+00:00,103.0500030517578,103.3499984741211,102.88999938964844,103.26000213623048,261010
2026-04-30 13:30:00+00:00,103.91000366210938,106.61000061035156,103.88999938964844,106.58999633789062,136973
2026-04-30 14:30:00+00:00,106.5999984741211,107.1500015258789,105.93000030517578,106.16999816894533,108251
2026-04-30 15:30:00+00:00,106.19499969482422,106.5,105.73999786376952,105.80500030517578,70582
2026-04-30 16:30:00+00:00,105.76000213623048,106.09500122070312,105.63999938964844,106.05999755859376,82924
2026-04-30 17:30:00+00:00,106.12999725341795,106.43000030517578,105.91999816894533,106.13500213623048,120437
2026-04-30 18:30:00+00:00,106.13500213623048,106.91999816894533,106.08000183105467,106.9000015258789,306535
2026-04-30 19:30:00+00:00,106.9000015258789,107.23999786376952,106.61000061035156,107.16000366210938,507498
2026-05-01 13:30:00+00:00,107.69000244140624,108.02999877929688,105.50499725341795,105.50499725341795,177433
2026-05-01 14:30:00+00:00,105.47000122070312,105.83499908447266,104.58999633789062,104.69000244140624,116050
2026-05-01 15:30:00+00:00,104.69000244140624,105.81999969482422,104.62000274658205,105.76000213623048,199670
2026-05-01 16:30:00+00:00,105.76499938964844,106.36000061035156,105.41000366210938,105.6020965576172,195805
2026-05-01 17:30:00+00:00,105.51000213623048,105.63500213623048,104.25,104.4499969482422,173414
2026-05-01 18:30:00+00:00,104.43000030517578,105.13500213623048,104.3949966430664,104.8550033569336,190594
2026-05-01 19:30:00+00:00,104.8499984741211,105.0999984741211,104.43000030517578,104.95999908447266,343256
2026-05-04 13:30:00+00:00,104.08000183105467,105.7249984741211,103.75,105.20999908447266,121501
2026-05-04 14:30:00+00:00,105.2249984741211,105.88999938964844,105.20999908447266,105.54499816894533,113165
2026-05-04 15:30:00+00:00,105.54499816894533,105.54499816894533,104.16000366210938,104.18000030517578,141039
2026-05-04 16:30:00+00:00,104.15499877929688,104.33999633789062,103.83999633789062,104.2249984741211,133950
2026-05-04 17:30:00+00:00,104.25,104.37000274658205,103.9001007080078,103.91000366210938,96984
2026-05-04 18:30:00+00:00,103.91000366210938,104.25,103.91000366210938,104.0,136628
2026-05-04 19:30:00+00:00,103.98999786376952,104.22000122070312,103.4800033569336,103.5199966430664,206803
2026-05-05 13:30:00+00:00,102.93000030517578,103.7415008544922,102.39299774169922,103.1449966430664,169453
2026-05-05 14:30:00+00:00,103.02999877929688,104.16999816894533,102.8499984741211,104.16999816894533,76225
2026-05-05 15:30:00+00:00,104.08000183105467,104.37989807128906,103.6500015258789,104.37000274658205,52900
2026-05-05 16:30:00+00:00,104.48500061035156,104.61000061035156,104.16000366210938,104.55999755859376,56898
2026-05-05 17:30:00+00:00,104.61499786376952,105.08499908447266,104.61000061035156,104.76000213623048,87898
2026-05-05 18:30:00+00:00,104.7750015258789,104.9000015258789,104.43419647216795,104.75,109776
2026-05-05 19:30:00+00:00,104.75,104.80899810791016,104.1999969482422,104.3000030517578,214361
2026-05-06 13:30:00+00:00,105.8499984741211,106.37999725341795,104.26000213623048,105.51000213623048,92337
2026-05-06 14:30:00+00:00,105.5999984741211,106.81999969482422,105.59010314941406,106.40499877929688,94589
2026-05-06 15:30:00+00:00,106.44000244140624,106.44000244140624,105.77999877929688,105.83499908447266,70011
2026-05-06 16:30:00+00:00,105.76830291748048,106.33000183105467,105.76830291748048,105.94200134277344,85834
2026-05-06 17:30:00+00:00,106.04000091552734,106.29499816894533,105.73500061035156,106.18499755859376,66852
2026-05-06 18:30:00+00:00,106.18499755859376,106.2699966430664,105.47000122070312,106.05500030517578,103018
2026-05-06 19:30:00+00:00,106.05500030517578,106.05999755859376,105.44000244140624,105.4749984741211,266885
2026-05-07 13:30:00+00:00,105.44000244140624,106.6698989868164,105.05010223388672,105.25499725341795,76160
2026-05-07 14:30:00+00:00,105.25499725341795,106.4800033569336,105.06999969482422,106.13999938964844,81352
2026-05-07 15:30:00+00:00,106.21990203857422,106.62000274658205,106.16000366210938,106.43000030517578,92235
2026-05-07 16:30:00+00:00,106.43000030517578,106.43000030517578,105.7300033569336,105.93000030517578,86170
2026-05-07 17:30:00+00:00,105.87999725341795,106.0,105.18499755859376,105.68000030517578,108554
2026-05-07 18:30:00+00:00,105.66000366210938,105.8499984741211,105.41000366210938,105.61000061035156,116943
2026-05-07 19:30:00+00:00,105.64700317382812,105.69000244140624,105.20999908447266,105.23999786376952,335230
2026-05-08 13:30:00+00:00,106.37000274658205,106.49500274658205,104.5,105.6050033569336,93254
2026-05-08 14:30:00+00:00,105.6999969482422,105.94000244140624,105.37989807128906,105.78500366210938,84365
2026-05-08 15:30:00+00:00,105.8949966430664,106.68000030517578,105.73999786376952,106.08999633789062,75821
2026-05-08 16:30:00+00:00,106.04000091552734,106.33499908447266,105.5,105.50250244140624,72055
2026-05-08 17:30:00+00:00,105.5,105.91999816894533,105.49009704589844,105.54000091552734,82256
2026-05-08 18:30:00+00:00,105.54000091552734,105.72260284423828,105.0999984741211,105.33999633789062,115302
2026-05-08 19:30:00+00:00,105.38500213623048,105.44000244140624,104.66999816894533,104.76000213623048,187857
2026-05-11 13:30:00+00:00,104.16000366210938,104.36000061035156,102.12999725341795,102.63999938964844,261104
2026-05-11 14:30:00+00:00,102.69000244140624,102.7699966430664,100.9800033569336,101.80999755859376,178797
2026-05-11 15:30:00+00:00,101.80500030517578,102.08999633789062,101.0199966430664,101.43009948730467,106735
2026-05-11 16:30:00+00:00,101.44000244140624,101.8000030517578,101.29000091552734,101.59500122070312,93092
2026-05-11 17:30:00+00:00,101.59500122070312,102.1500015258789,101.54000091552734,101.6750030517578,152997
2026-05-11 18:30:00+00:00,101.6750030517578,101.83499908447266,101.06999969482422,101.43000030517578,160834
2026-05-11 19:30:00+00:00,101.40499877929688,101.5522003173828,101.0999984741211,101.44000244140624,228320
2026-05-12 13:30:00+00:00,101.87999725341795,101.92130279541016,100.62999725341795,101.7699966430664,120939
2026-05-12 14:30:00+00:00,101.81999969482422,101.87000274658205,100.93000030517578,101.36000061035156,65819
2026-05-12 15:30:00+00:00,101.37000274658205,101.90180206298828,101.2249984741211,101.9000015258789,73039
2026-05-12 16:30:00+00:00,101.81999969482422,102.32953643798828,101.74009704589844,101.98989868164062,54908
2026-05-12 17:30:00+00:00,101.91000366210938,102.2300033569336,101.1999969482422,101.4800033569336,95217
2026-05-12 18:30:00+00:00,101.43099975585938,101.72989654541016,101.0999984741211,101.19000244140624,108578
2026-05-12 19:30:00+00:00,101.22000122070312,101.22000122070312,100.5500030517578,100.7699966430664,291524
2026-05-13 13:30:00+00:00,100.5,101.0,99.375,99.44499969482422,136013
2026-05-13 14:30:00+00:00,99.38999938964844,99.41000366210938,98.6999969482422,99.0999984741211,152364
2026-05-13 15:30:00+00:00,99.0500030517578,99.44499969482422,98.55999755859376,99.23999786376952,170274
2026-05-13 16:30:00+00:00,99.18000030517578,100.08999633789062,99.08000183105467,99.8249969482422,163282
2026-05-13 17:30:00+00:00,99.7500991821289,99.83000183105467,99.31999969482422,99.66999816894533,114746
2026-05-13 18:30:00+00:00,99.62999725341795,99.83000183105467,99.4000015258789,99.5500030517578,159237
2026-05-13 19:30:00+00:00,99.55500030517578,99.6500015258789,98.83999633789062,98.87999725341795,268348
2026-05-14 13:30:00+00:00,99.43000030517578,100.06500244140624,98.61000061035156,98.9800033569336,149937
2026-05-14 14:30:00+00:00,99.02999877929688,99.4478988647461,98.45500183105467,99.0999984741211,123914
2026-05-14 15:30:00+00:00,99.05500030517578,99.4000015258789,98.5,98.56999969482422,189707
2026-05-14 16:30:00+00:00,98.62999725341795,98.83889770507812,98.0,98.29560089111328,224309
2026-05-14 17:30:00+00:00,98.26499938964844,98.31999969482422,97.6500015258789,97.6750030517578,206217
2026-05-14 18:30:00+00:00,97.6449966430664,97.86499786376952,96.75,96.88999938964844,334491
2026-05-14 19:30:00+00:00,96.91999816894533,97.1999969482422,96.76000213623048,97.13999938964844,441875
2026-05-15 13:30:00+00:00,97.19000244140624,97.71499633789062,94.82009887695312,95.04010009765624,285372
2026-05-15 14:30:00+00:00,95.04499816894533,95.5,93.75,93.79000091552734,129882
2026-05-15 15:30:00+00:00,93.79557037353516,94.13999938964844,93.01000213623048,93.7699966430664,199755
2026-05-15 16:30:00+00:00,93.68000030517578,94.0,93.45999908447266,93.62999725341795,133707
2026-05-15 17:30:00+00:00,93.58999633789062,93.68000030517578,93.1500015258789,93.45500183105467,114940
2026-05-15 18:30:00+00:00,93.5199966430664,93.66999816894533,93.18499755859376,93.38999938964844,194274
2026-05-15 19:30:00+00:00,93.5198974609375,93.54000091552734,92.83000183105467,92.87000274658205,317158
2026-05-18 13:30:00+00:00,93.30999755859376,94.25499725341795,92.11000061035156,94.24649810791016,194195
2026-05-18 14:30:00+00:00,94.18000030517578,94.24500274658205,92.63999938964844,93.17009735107422,222850
2026-05-18 15:30:00+00:00,93.3249969482422,93.3249969482422,92.58000183105467,93.01000213623048,254270
2026-05-18 16:30:00+00:00,92.98999786376952,93.61000061035156,92.33000183105467,93.58999633789062,206724
2026-05-18 17:30:00+00:00,93.5500030517578,93.61000061035156,92.8499984741211,92.9499969482422,175230
2026-05-18 18:30:00+00:00,92.9250030517578,93.25,92.53500366210938,93.19499969482422,271264
2026-05-18 19:30:00+00:00,93.1999969482422,93.44000244140624,92.86000061035156,93.19000244140624,344775
2026-05-19 13:30:00+00:00,92.11000061035156,93.27999877929688,91.0,92.41000366210938,138495
2026-05-19 14:30:00+00:00,92.33999633789062,92.41000366210938,91.63500213623048,92.1999969482422,189757
2026-05-19 15:30:00+00:00,92.1999969482422,92.70999908447266,92.02999877929688,92.5586395263672,193007
2026-05-19 16:30:00+00:00,92.54329681396484,92.54329681396484,91.75,92.12000274658205,97674
2026-05-19 17:30:00+00:00,92.16000366210938,92.24500274658205,91.6999969482422,92.08499908447266,102894
2026-05-19 18:30:00+00:00,92.02999877929688,92.55999755859376,91.81999969482422,92.11000061035156,139621
2026-05-19 19:30:00+00:00,92.0999984741211,92.5999984741211,91.9749984741211,92.48999786376952,253987
2026-05-20 13:30:00+00:00,92.12999725341795,92.41000366210938,90.77999877929688,92.33999633789062,123735
2026-05-20 14:30:00+00:00,92.33999633789062,94.3000030517578,92.2750015258789,94.08499908447266,126050
2026-05-20 15:30:00+00:00,94.08000183105467,94.9499969482422,93.86000061035156,94.75,138937
2026-05-20 16:30:00+00:00,94.76499938964844,95.42990112304688,94.58999633789062,95.42990112304688,110475
2026-05-20 17:30:00+00:00,95.37000274658205,95.5500030517578,94.83999633789062,95.08000183105467,140325
2026-05-20 18:30:00+00:00,95.08000183105467,95.3000030517578,94.6999969482422,94.83000183105467,142477
2026-05-20 19:30:00+00:00,94.86000061035156,95.0500030517578,94.62000274658205,94.98999786376952,299936
2026-05-21 13:30:00+00:00,94.02999877929688,96.45999908447266,93.47000122070312,96.37000274658205,171795
2026-05-21 14:30:00+00:00,96.41500091552734,96.72000122070312,95.78500366210938,96.09500122070312,93232
2026-05-21 15:30:00+00:00,96.09500122070312,96.26000213623048,95.87000274658205,95.9499969482422,80538
2026-05-21 16:30:00+00:00,96.00499725341795,97.37999725341795,95.97000122070312,97.23999786376952,113530
2026-05-21 17:30:00+00:00,97.29000091552734,98.0199966430664,97.23999786376952,97.75499725341795,119088
2026-05-21 18:30:00+00:00,97.80999755859376,97.90499877929688,97.2300033569336,97.4000015258789,159563
2026-05-21 19:30:00+00:00,97.375,97.76000213623048,97.33000183105467,97.62000274658205,327447
2026-05-22 13:30:00+00:00,97.5999984741211,98.2750015258789,97.16999816894533,97.58999633789062,74762
2026-05-22 14:30:00+00:00,97.61000061035156,97.918701171875,97.35489654541016,97.70999908447266,65612
2026-05-22 15:30:00+00:00,97.84895324707033,98.18000030517578,97.66999816894533,98.18000030517578,54890
2026-05-22 16:30:00+00:00,98.11630249023438,98.63999938964844,98.11630249023438,98.5199966430664,55621
2026-05-22 17:30:00+00:00,98.58000183105467,98.75,98.26000213623048,98.3249969482422,79282
2026-05-22 18:30:00+00:00,98.27999877929688,98.33999633789062,97.5999984741211,97.79000091552734,122801
2026-05-22 19:30:00+00:00,97.83999633789062,98.01499938964844,97.61000061035156,97.88999938964844,241639
2026-05-26 13:30:00+00:00,96.5199966430664,97.47000122070312,95.56999969482422,96.56999969482422,272834
2026-05-26 14:30:00+00:00,96.70999908447266,97.2699966430664,96.31999969482422,97.06999969482422,153200
2026-05-26 15:30:00+00:00,96.98500061035156,97.23500061035156,96.58000183105467,97.01499938964844,126207
2026-05-26 16:30:00+00:00,96.94000244140624,97.12000274658205,96.4499969482422,96.81999969482422,66435
2026-05-26 17:30:00+00:00,96.7699966430664,97.38999938964844,96.68009948730467,97.06500244140624,151415
2026-05-26 18:30:00+00:00,97.06500244140624,97.3000030517578,96.77739715576172,96.9499969482422,188542
2026-05-26 19:30:00+00:00,96.94000244140624,97.27999877929688,96.94000244140624,97.04000091552734,329094
2026-05-27 13:30:00+00:00,98.0,101.0999984741211,98.0,100.86000061035156,207860
2026-05-27 14:30:00+00:00,100.86000061035156,100.98899841308594,99.57749938964844,99.9749984741211,202481
2026-05-27 15:30:00+00:00,99.93000030517578,100.33000183105467,99.27999877929688,99.53500366210938,130769
2026-05-27 16:30:00+00:00,99.58999633789062,99.77999877929688,99.20999908447266,99.63500213623048,131159
2026-05-27 17:30:00+00:00,99.58000183105467,99.66999816894533,98.91999816894533,99.00499725341795,129050
2026-05-27 18:30:00+00:00,99.0,99.11000061035156,98.6500015258789,98.74500274658205,159109
2026-05-27 19:30:00+00:00,98.74819946289062,99.01499938964844,98.29000091552734,98.40499877929688,380859
2026-05-28 13:30:00+00:00,97.75,98.41000366210938,97.08000183105467,98.3000030517578,164166
2026-05-28 14:30:00+00:00,98.3499984741211,98.43000030517578,97.76490020751952,97.89910125732422,83367
2026-05-28 15:30:00+00:00,97.9000015258789,98.45999908447266,97.76000213623048,98.20500183105467,111411
2026-05-28 16:30:00+00:00,98.29000091552734,98.65499877929688,98.2699966430664,98.34500122070312,93679
2026-05-28 17:30:00+00:00,98.3000030517578,98.5500030517578,98.05500030517578,98.16999816894533,173719
2026-05-28 18:30:00+00:00,98.16999816894533,98.9000015258789,98.13999938964844,98.9000015258789,161418
2026-05-28 19:30:00+00:00,98.9000015258789,99.37000274658205,98.83000183105467,99.3000030517578,247409
2026-05-29 13:30:00+00:00,98.94000244140624,99.47000122070312,98.25,98.91000366210938,108378
2026-05-29 14:30:00+00:00,98.91500091552734,98.91500091552734,98.58000183105467,98.69000244140624,107103
2026-05-29 15:30:00+00:00,98.68000030517578,99.16000366210938,98.5999984741211,98.94000244140624,80099
2026-05-29 16:30:00+00:00,98.87999725341795,99.0,98.47000122070312,98.62999725341795,92468
2026-05-29 17:30:00+00:00,98.62999725341795,98.73999786376952,98.1050033569336,98.31999969482422,121796
2026-05-29 18:30:00+00:00,98.2699966430664,98.86000061035156,98.2699966430664,98.48500061035156,164368
2026-05-29 19:30:00+00:00,98.46499633789062,98.73999786376952,97.88999938964844,98.6500015258789,426714
2026-06-01 13:30:00+00:00,97.51000213623048,98.61000061035156,97.0,97.51499938964844,106681
2026-06-01 14:30:00+00:00,97.41000366210938,97.43499755859376,96.44499969482422,96.69989776611328,137482
2026-06-01 15:30:00+00:00,96.69000244140624,97.46499633789062,96.6500015258789,97.02999877929688,264322
2026-06-01 16:30:00+00:00,97.02999877929688,97.73999786376952,96.9499969482422,97.63999938964844,197558
2026-06-01 17:30:00+00:00,97.62999725341795,98.28990173339844,97.3499984741211,97.55999755859376,242270
2026-06-01 18:30:00+00:00,97.56009674072266,97.63999938964844,97.0500030517578,97.2249984741211,143989
2026-06-01 19:30:00+00:00,97.2249984741211,97.41000366210938,96.83000183105467,97.30999755859376,333237
2026-06-02 13:30:00+00:00,98.1500015258789,98.9092025756836,97.48999786376952,98.1050033569336,143967
2026-06-02 14:30:00+00:00,98.11499786376952,98.6500015258789,97.8000030517578,98.44000244140624,89986
2026-06-02 15:30:00+00:00,98.41999816894533,98.4800033569336,97.70999908447266,97.94000244140624,118106
2026-06-02 16:30:00+00:00,97.94000244140624,98.47989654541016,97.9000015258789,98.41000366210938,78029
2026-06-02 17:30:00+00:00,98.44000244140624,98.70999908447266,98.0999984741211,98.6750030517578,127552
2026-06-02 18:30:00+00:00,98.6750030517578,99.23999786376952,98.66000366210938,99.23500061035156,152109
2026-06-02 19:30:00+00:00,99.23500061035156,99.43000030517578,98.83000183105467,99.31999969482422,305701
2026-06-03 13:30:00+00:00,98.6750030517578,99.76000213623048,98.01000213623048,98.33000183105467,133099
2026-06-03 14:30:00+00:00,98.37999725341795,99.46499633789062,98.37999725341795,99.15499877929688,94982
2026-06-03 15:30:00+00:00,99.18000030517578,99.18000030517578,98.49500274658205,98.49500274658205,63488
2026-06-03 16:30:00+00:00,98.51000213623048,98.83999633789062,98.51000213623048,98.80999755859376,59084
2026-06-03 17:30:00+00:00,98.83000183105467,99.5199966430664,98.79000091552734,99.29499816894533,108221
2026-06-03 18:30:00+00:00,99.29000091552734,99.62000274658205,98.78500366210938,98.78500366210938,154904
2026-06-03 19:30:00+00:00,98.79000091552734,99.1500015258789,98.29000091552734,98.33999633789062,292204
2026-06-04 13:30:00+00:00,99.75,100.25,99.01000213623048,99.2699966430664,157175
2026-06-04 14:30:00+00:00,99.2699966430664,99.2699966430664,97.70999908447266,97.8499984741211,114181
2026-06-04 15:30:00+00:00,97.86000061035156,98.34500122070312,97.55149841308594,97.98999786376952,149229
2026-06-04 16:30:00+00:00,98.05999755859376,98.08000183105467,97.55999755859376,97.55999755859376,124461
2026-06-04 17:30:00+00:00,97.58999633789062,97.7300033569336,97.26499938964844,97.4499969482422,185635
2026-06-04 18:30:00+00:00,97.4499969482422,97.70999908447266,97.16999816894533,97.47000122070312,166049
2026-06-04 19:30:00+00:00,97.44499969482422,98.7300033569336,97.4250030517578,98.61000061035156,283027
2026-06-05 13:30:00+00:00,97.66000366210938,98.97000122070312,96.9499969482422,98.72000122070312,151825
2026-06-05 14:30:00+00:00,98.72000122070312,98.9800033569336,98.41999816894533,98.62999725341795,130446
2026-06-05 15:30:00+00:00,98.625,98.69000244140624,97.73999786376952,97.87000274658205,124372
2026-06-05 16:30:00+00:00,97.8499984741211,98.34140014648438,97.81999969482422,97.875,108603
2026-06-05 17:30:00+00:00,97.875,98.02999877929688,97.71499633789062,98.0199966430664,121643
2026-06-05 18:30:00+00:00,97.9749984741211,98.13999938964844,97.30999755859376,97.51000213623048,160272
2026-06-05 19:30:00+00:00,97.54000091552734,98.16000366210938,97.52999877929688,98.13999938964844,277328
2026-06-08 13:30:00+00:00,96.87999725341797,98.41000366210938,96.06999969482422,98.25499725341797,182392
2026-06-08 14:30:00+00:00,98.26499938964844,98.66000366210938,98.08000183105469,98.23999786376953,92543
2026-06-08 15:30:00+00:00,98.23999786376953,98.43000030517578,98.04499816894531,98.07499694824219,91688
2026-06-08 16:30:00+00:00,98.08499908447266,98.13999938964844,97.77999877929688,97.94999694824219,84824
2026-06-08 17:30:00+00:00,97.92500305175781,98.08000183105469,97.66110229492188,98.01000213623047,138819
2026-06-08 18:30:00+00:00,97.98500061035156,98.07499694824219,97.27749633789062,97.46499633789062,150488
2026-06-08 19:30:00+00:00,97.46499633789062,97.4937973022461,96.87999725341797,97.05000305175781,265894
2026-06-09 13:30:00+00:00,97.5199966430664,100.0999984741211,97.22000122070312,99.94000244140625,115745
2026-06-09 14:30:00+00:00,99.94000244140625,100.2300033569336,99.44499969482422,99.5999984741211,44657
