Datetime,Open,High,Low,Close,Volume
2024-04-24 13:30:00+00:00,206.82000732421875,207.3500061035156,205.6300048828125,205.9250030517578,77455
2024-04-24 14:30:00+00:00,205.90499877929688,206.4499053955078,205.5399932861328,206.07000732421875,55954
2024-04-24 15:30:00+00:00,206.0500030517578,207.7400054931641,206.0500030517578,207.384994506836,73511
2024-04-24 16:30:00+00:00,207.375,207.57000732421875,206.92999267578125,207.3699951171875,71827
2024-04-24 17:30:00+00:00,207.4900054931641,208.13999938964844,206.82000732421875,207.2749938964844,101723
2024-04-24 18:30:00+00:00,207.22000122070312,207.8000030517578,206.9199981689453,207.57749938964844,92950
2024-04-24 19:30:00+00:00,207.625,207.9600067138672,207.1450042724609,207.92999267578125,189299
2024-04-25 13:30:00+00:00,204.7700042724609,204.82000732421875,197.7230987548828,198.6450042724609,361106
2024-04-25 14:30:00+00:00,198.8300018310547,198.83999633789065,196.1100006103516,197.5200042724609,226050
2024-04-25 15:30:00+00:00,197.57000732421875,198.4100036621093,196.75,197.07000732421875,263946
2024-04-25 16:30:00+00:00,197.15499877929688,197.94000244140625,196.8600006103516,197.63999938964844,255895
2024-04-25 17:30:00+00:00,197.6000061035156,199.38999938964844,197.4900054931641,197.9149932861328,215312
2024-04-25 18:30:00+00:00,197.92999267578125,199.134994506836,197.3300018310547,198.6199951171875,247316
2024-04-25 19:30:00+00:00,198.5,198.6699981689453,197.4199981689453,198.3999938964844,379631
2024-04-26 13:30:00+00:00,197.0800018310547,200.15499877929688,197.009994506836,199.1600036621093,107949
2024-04-26 14:30:00+00:00,199.25,199.36990356445312,197.92999267578125,198.56500244140625,79674
2024-04-26 15:30:00+00:00,198.6150054931641,199.32000732421875,198.4250030517578,198.5,102652
2024-04-26 16:30:00+00:00,198.4100036621093,198.5,197.8600006103516,198.4900054931641,108781
2024-04-26 17:30:00+00:00,198.5,198.7850036621093,198.1300048828125,198.4900054931641,57344
2024-04-26 18:30:00+00:00,198.38999938964844,198.71499633789065,198.113998413086,198.113998413086,101692
2024-04-26 19:30:00+00:00,198.02999877929688,198.5599975585937,197.52999877929688,198.3099975585937,244411
2024-04-29 13:30:00+00:00,199.0,207.5350036621093,199.0,206.0200042724609,347666
2024-04-29 14:30:00+00:00,206.0249938964844,206.67999267578125,204.33999633789065,206.67999267578125,203632
2024-04-29 15:30:00+00:00,206.6699981689453,207.3999938964844,206.3099975585937,206.77999877929688,143140
2024-04-29 16:30:00+00:00,206.759994506836,207.08999633789065,205.1699981689453,205.6699981689453,100313
2024-04-29 17:30:00+00:00,205.77999877929688,205.82000732421875,203.97999572753903,204.22999572753903,101063
2024-04-29 18:30:00+00:00,204.0800018310547,204.6199951171875,203.6000061035156,204.0500030517578,86853
2024-04-29 19:30:00+00:00,204.08999633789065,204.5800018310547,203.9290008544922,204.19000244140625,253210
2024-04-30 13:30:00+00:00,203.2100067138672,203.2100067138672,200.9250030517578,202.625,55954
2024-04-30 14:30:00+00:00,202.6499938964844,204.19000244140625,202.3188934326172,204.19000244140625,54437
2024-04-30 15:30:00+00:00,204.06500244140625,204.3800048828125,203.2957000732422,204.2749938964844,47007
2024-04-30 16:30:00+00:00,204.2749938964844,204.5,203.6100006103516,203.7550048828125,79251
2024-04-30 17:30:00+00:00,203.72999572753903,204.25,202.6100006103516,202.6300048828125,65461
2024-04-30 18:30:00+00:00,202.55499267578125,203.6000061035156,202.40499877929688,202.6300048828125,88791
2024-04-30 19:30:00+00:00,202.6100006103516,202.9199981689453,201.2100067138672,201.3500061035156,244575
2024-05-01 13:30:00+00:00,200.759994506836,201.6000061035156,198.8500061035156,199.22999572753903,77723
2024-05-01 14:30:00+00:00,198.94500732421875,199.72999572753903,198.42999267578125,199.30499267578125,86680
2024-05-01 15:30:00+00:00,199.2400054931641,200.69500732421875,198.65499877929688,200.4349975585937,58984
2024-05-01 16:30:00+00:00,200.6300048828125,201.5,200.0399932861328,201.47999572753903,64680
2024-05-01 17:30:00+00:00,201.42999267578125,201.9199981689453,201.02749633789065,201.9149932861328,81385
2024-05-01 18:30:00+00:00,201.9550018310547,204.08999633789065,201.52999877929688,203.259994506836,112620
2024-05-01 19:30:00+00:00,203.259994506836,203.259994506836,201.2400054931641,201.3800048828125,172117
2024-05-02 13:30:00+00:00,201.57000732421875,201.6450042724609,199.1699981689453,200.31500244140625,72088
2024-05-02 14:30:00+00:00,200.3999938964844,200.75,199.47999572753903,199.47999572753903,60406
2024-05-02 15:30:00+00:00,199.57000732421875,199.8999938964844,199.32000732421875,199.4600067138672,42001
2024-05-02 16:30:00+00:00,199.47000122070312,200.2899932861328,199.1100006103516,200.2899932861328,38241
2024-05-02 17:30:00+00:00,200.3000030517578,200.509994506836,199.8000030517578,200.47000122070312,52129
2024-05-02 18:30:00+00:00,200.4900054931641,200.5800018310547,199.7362060546875,199.7700042724609,82179
2024-05-02 19:30:00+00:00,199.75,200.2899932861328,199.4683074951172,200.25,152953
2024-05-03 13:30:00+00:00,201.1199951171875,202.9199981689453,200.13999938964844,200.5,102799
2024-05-03 14:30:00+00:00,200.7100067138672,201.77999877929688,199.67999267578125,201.2449951171875,76463
2024-05-03 15:30:00+00:00,201.32000732421875,201.33999633789065,200.4949951171875,200.6600036621093,59485
2024-05-03 16:30:00+00:00,200.6499938964844,200.6499938964844,200.17999267578125,200.51499938964844,35629
2024-05-03 17:30:00+00:00,200.44000244140625,201.3724975585937,200.4199981689453,200.83999633789065,34980
2024-05-03 18:30:00+00:00,200.759994506836,201.38999938964844,200.75,201.32000732421875,49700
2024-05-03 19:30:00+00:00,201.3000030517578,201.5249938964844,201.009994506836,201.3800048828125,116329
2024-05-06 13:30:00+00:00,202.4100036621093,203.08999633789065,200.5800018310547,201.07000732421875,78988
2024-05-06 14:30:00+00:00,201.21499633789065,201.32000732421875,200.13999938964844,200.19000244140625,63988
2024-05-06 15:30:00+00:00,200.19000244140625,200.4978942871093,199.384994506836,199.8074951171875,65097
2024-05-06 16:30:00+00:00,199.8300018310547,200.52999877929688,199.8300018310547,200.25,47039
2024-05-06 17:30:00+00:00,200.3300018310547,200.58999633789065,200.1600036621093,200.4949951171875,69687
2024-05-06 18:30:00+00:00,200.72000122070312,200.8699951171875,200.13999938964844,200.13999938964844,59488
2024-05-06 19:30:00+00:00,200.0200042724609,201.0500030517578,199.9510040283203,201.009994506836,147574
2024-05-07 13:30:00+00:00,201.9900054931641,202.53550720214844,201.1699981689453,201.9750061035156,46496
2024-05-07 14:30:00+00:00,201.8500061035156,202.0,200.8800048828125,201.4100036621093,49953
2024-05-07 15:30:00+00:00,201.2400054931641,201.4199981689453,200.6699981689453,200.6699981689453,38331
2024-05-07 16:30:00+00:00,200.6100006103516,200.7749938964844,200.2100067138672,200.4499969482422,38148
2024-05-07 17:30:00+00:00,200.4499969482422,200.4541015625,199.6150054931641,200.17999267578125,62978
2024-05-07 18:30:00+00:00,200.25,201.25,199.8800048828125,201.009994506836,96993
2024-05-07 19:30:00+00:00,201.05499267578125,201.5399932861328,200.97999572753903,201.44000244140625,164834
2024-05-08 13:30:00+00:00,202.3300018310547,202.3300018310547,200.8000030517578,201.3699951171875,67235
2024-05-08 14:30:00+00:00,201.2700042724609,201.9499969482422,201.1600036621093,201.3000030517578,46938
2024-05-08 15:30:00+00:00,201.30499267578125,201.759994506836,201.1100006103516,201.47000122070312,53716
2024-05-08 16:30:00+00:00,201.4600067138672,201.4850006103516,200.67999267578125,201.3099975585937,33096
2024-05-08 17:30:00+00:00,201.2400054931641,201.9900054931641,201.2400054931641,201.6699981689453,40489
2024-05-08 18:30:00+00:00,201.6199951171875,201.9100036621093,201.3699951171875,201.5500030517578,68238
2024-05-08 19:30:00+00:00,201.5599975585937,201.7100067138672,201.1600036621093,201.6000061035156,111634
2024-05-09 13:30:00+00:00,201.52999877929688,203.06500244140625,201.47000122070312,202.5303955078125,76458
2024-05-09 14:30:00+00:00,202.58999633789065,202.75,201.8800048828125,202.3350067138672,89834
2024-05-09 15:30:00+00:00,202.40499877929688,203.02999877929688,202.27999877929688,202.63999938964844,48754
2024-05-09 16:30:00+00:00,202.76499938964844,203.72999572753903,202.2700042724609,203.71499633789065,55746
2024-05-09 17:30:00+00:00,203.6750030517578,204.7100067138672,203.57000732421875,204.6699981689453,75462
2024-05-09 18:30:00+00:00,204.6199951171875,205.6499938964844,204.6199951171875,205.634994506836,100156
2024-05-09 19:30:00+00:00,205.6499938964844,206.22999572753903,205.4600067138672,206.1499938964844,278292
2024-05-10 13:30:00+00:00,206.33999633789065,207.3000030517578,205.4600067138672,207.1600036621093,56082
2024-05-10 14:30:00+00:00,207.2350006103516,207.3500061035156,206.63999938964844,206.94000244140625,71970
2024-05-10 15:30:00+00:00,207.0,207.4349975585937,206.4900054931641,207.08999633789065,62134
2024-05-10 16:30:00+00:00,207.08999633789065,207.6000061035156,206.9550018310547,207.2700042724609,59634
2024-05-10 17:30:00+00:00,207.1600036621093,207.3699951171875,206.4499969482422,206.7899932861328,86676
2024-05-10 18:30:00+00:00,206.7850036621093,207.2449951171875,206.6999969482422,207.1999969482422,55785
2024-05-10 19:30:00+00:00,207.2100067138672,207.8000030517578,207.0800018310547,207.6499938964844,176458
2024-05-13 13:30:00+00:00,208.3099975585937,210.6499938964844,207.8450927734375,210.2749938964844,64293
2024-05-13 14:30:00+00:00,210.19000244140625,211.08999633789065,209.4900054931641,210.4550018310547,83567
2024-05-13 15:30:00+00:00,210.32000732421875,211.0,210.2250061035156,210.8600006103516,108711
2024-05-13 16:30:00+00:00,210.884994506836,211.3999938964844,210.47999572753903,210.8800048828125,91700
2024-05-13 17:30:00+00:00,210.82000732421875,210.9900054931641,210.42999267578125,210.72000122070312,49172
2024-05-13 18:30:00+00:00,210.72999572753903,210.94000244140625,210.4199981689453,210.75,73770
2024-05-13 19:30:00+00:00,210.71499633789065,210.759994506836,210.25,210.33999633789065,179485
2024-05-14 13:30:00+00:00,211.33999633789065,212.1600036621093,210.2899932861328,210.34500122070312,57352
2024-05-14 14:30:00+00:00,210.1300048828125,210.25,209.3500061035156,209.7899932861328,40755
2024-05-14 15:30:00+00:00,209.7700042724609,209.7700042724609,208.97000122070312,209.0200042724609,37347
2024-05-14 16:30:00+00:00,208.94000244140625,209.47999572753903,208.94000244140625,209.25,26066
2024-05-14 17:30:00+00:00,209.32000732421875,209.57000732421875,208.680404663086,209.57000732421875,41691
2024-05-14 18:30:00+00:00,209.5249938964844,210.5800018310547,209.47999572753903,210.5800018310547,56799
2024-05-14 19:30:00+00:00,210.4100036621093,211.4199981689453,210.34500122070312,211.2100067138672,175494
2024-05-15 13:30:00+00:00,212.259994506836,212.259994506836,210.8350067138672,211.1000061035156,65617
2024-05-15 14:30:00+00:00,211.15499877929688,212.3800048828125,211.02999877929688,211.90499877929688,40305
2024-05-15 15:30:00+00:00,212.0350036621093,212.3500061035156,211.7400054931641,212.30259704589844,26990
2024-05-15 16:30:00+00:00,212.2899932861328,212.8699951171875,212.22999572753903,212.72999572753903,36801
2024-05-15 17:30:00+00:00,212.8099975585937,212.83999633789065,212.3099975585937,212.77999877929688,48267
2024-05-15 18:30:00+00:00,212.77999877929688,213.32000732421875,212.5500030517578,213.1699981689453,59216
2024-05-15 19:30:00+00:00,213.1699981689453,213.77999877929688,212.8800048828125,213.2400054931641,145390
2024-05-16 13:30:00+00:00,212.9600067138672,215.0500030517578,212.2899932861328,214.9900054931641,64964
2024-05-16 14:30:00+00:00,215.0,215.07000732421875,213.9100036621093,214.6849975585937,93959
2024-05-16 15:30:00+00:00,214.6150054931641,214.75,214.1100006103516,214.5599975585937,73584
2024-05-16 16:30:00+00:00,214.5399932861328,214.7050018310547,214.134994506836,214.3600006103516,62271
2024-05-16 17:30:00+00:00,214.33999633789065,214.509994506836,213.9499969482422,214.32049560546875,57872
2024-05-16 18:30:00+00:00,214.509994506836,214.71499633789065,214.19000244140625,214.3800048828125,54661
2024-05-16 19:30:00+00:00,214.3800048828125,214.44000244140625,213.1300048828125,213.1499938964844,149157
2024-05-17 13:30:00+00:00,213.5200042724609,213.5200042724609,210.1699981689453,210.3600006103516,57991
2024-05-17 14:30:00+00:00,210.22000122070312,210.2850036621093,208.9900054931641,209.8699951171875,76710
2024-05-17 15:30:00+00:00,209.83999633789065,209.8999938964844,208.19000244140625,208.66510009765625,78993
2024-05-17 16:30:00+00:00,208.83999633789065,209.2100067138672,208.5399932861328,208.5399932861328,46788
2024-05-17 17:30:00+00:00,208.5599975585937,209.2700042724609,208.4709930419922,209.2449951171875,49043
2024-05-17 18:30:00+00:00,209.3500061035156,210.2100067138672,209.33999633789065,210.19000244140625,58021
2024-05-17 19:30:00+00:00,210.21499633789065,210.6999969482422,209.47999572753903,210.6499938964844,163056
2024-05-20 13:30:00+00:00,212.0599975585937,214.13999938964844,207.25,207.38999938964844,79331
2024-05-20 14:30:00+00:00,207.2700042724609,209.08999633789065,207.2700042724609,209.0,52033
2024-05-20 15:30:00+00:00,209.1199951171875,209.25,208.6100006103516,208.7050018310547,36005
2024-05-20 16:30:00+00:00,208.63999938964844,209.1100006103516,208.32000732421875,208.32000732421875,53920
2024-05-20 17:30:00+00:00,208.2400054931641,208.2400054931641,206.75,207.2449951171875,77430
2024-05-20 18:30:00+00:00,207.13999938964844,207.3099975585937,206.07000732421875,206.4100036621093,62264
2024-05-20 19:30:00+00:00,206.3800048828125,207.07000732421875,206.2400054931641,206.9600067138672,157624
2024-05-21 13:30:00+00:00,206.25,207.4600067138672,205.72999572753903,206.8699951171875,47826
2024-05-21 14:30:00+00:00,206.6999969482422,206.7743988037109,205.602294921875,205.9100036621093,43248
2024-05-21 15:30:00+00:00,205.8650054931641,206.07000732421875,205.4949951171875,205.5200042724609,43988
2024-05-21 16:30:00+00:00,205.5200042724609,205.67999267578125,205.4900054931641,205.57000732421875,24386
2024-05-21 17:30:00+00:00,205.57000732421875,206.1000061035156,205.0500030517578,205.4199981689453,94188
2024-05-21 18:30:00+00:00,205.4250030517578,205.8999938964844,204.97999572753903,205.69500732421875,79015
2024-05-21 19:30:00+00:00,205.6999969482422,206.1300048828125,205.27999877929688,205.32000732421875,143397
2024-05-22 13:30:00+00:00,204.4100036621093,204.94000244140625,202.0399932861328,204.94000244140625,90074
2024-05-22 14:30:00+00:00,204.80499267578125,205.1600036621093,203.7449951171875,203.7449951171875,79748
2024-05-22 15:30:00+00:00,203.72999572753903,204.13999938964844,203.1300048828125,204.0,94690
2024-05-22 16:30:00+00:00,204.0249938964844,204.134994506836,203.32000732421875,203.5800018310547,62734
2024-05-22 17:30:00+00:00,203.6000061035156,204.0200042724609,203.0,203.0,70177
2024-05-22 18:30:00+00:00,202.9149932861328,202.9349975585937,201.1199951171875,201.27999877929688,81890
2024-05-22 19:30:00+00:00,201.3000030517578,201.8451995849609,200.97000122070312,201.2100067138672,170242
2024-05-23 13:30:00+00:00,200.1300048828125,201.1600036621093,197.88999938964844,200.0399932861328,70787
2024-05-23 14:30:00+00:00,199.9600067138672,200.74989318847656,199.9199981689453,200.0399932861328,53324
2024-05-23 15:30:00+00:00,200.0399932861328,200.21499633789065,199.6999969482422,199.8999938964844,64757
2024-05-23 16:30:00+00:00,199.8800048828125,200.0599975585937,199.1499938964844,199.1499938964844,54018
2024-05-23 17:30:00+00:00,199.17999267578125,199.1999969482422,198.0500030517578,198.10499572753903,33758
2024-05-23 18:30:00+00:00,198.0800018310547,198.3600006103516,197.259994506836,198.3600006103516,108125
2024-05-23 19:30:00+00:00,198.3699951171875,198.56500244140625,197.009994506836,197.0800018310547,184690
2024-05-24 13:30:00+00:00,197.0800018310547,197.8999938964844,196.19000244140625,197.1199951171875,68591
2024-05-24 14:30:00+00:00,197.4900054931641,197.67999267578125,196.6699981689453,196.9600067138672,41043
2024-05-24 15:30:00+00:00,197.07000732421875,197.7928924560547,196.6300048828125,197.7749938964844,48614
2024-05-24 16:30:00+00:00,197.77999877929688,199.07000732421875,197.63999938964844,198.5500030517578,92186
2024-05-24 17:30:00+00:00,198.4499969482422,199.72999572753903,198.4499969482422,198.8300018310547,53602
2024-05-24 18:30:00+00:00,198.8300018310547,200.0200042724609,198.8300018310547,199.7949981689453,75612
2024-05-24 19:30:00+00:00,199.7949981689453,200.17990112304688,199.4349975585937,199.6999969482422,237011
2024-05-28 13:30:00+00:00,199.3099975585937,199.57000732421875,197.6600036621093,197.8350067138672,64597
2024-05-28 14:30:00+00:00,197.8300018310547,198.6450042724609,196.759994506836,196.759994506836,50422
2024-05-28 15:30:00+00:00,196.8650054931641,198.0399932861328,196.83999633789065,198.02999877929688,51937
2024-05-28 16:30:00+00:00,197.9199981689453,198.0,197.26499938964844,197.6000061035156,42039
2024-05-28 17:30:00+00:00,197.5,197.58230590820312,196.76499938964844,196.8699951171875,50881
2024-05-28 18:30:00+00:00,196.82000732421875,197.7899932861328,196.77999877929688,197.3500061035156,61461
2024-05-28 19:30:00+00:00,197.375,197.375,196.13999938964844,196.22999572753903,216463
2024-05-29 13:30:00+00:00,195.2100067138672,195.2100067138672,192.4600067138672,193.0,191628
2024-05-29 14:30:00+00:00,193.0,194.22000122070312,192.9100036621093,193.6600036621093,61730
2024-05-29 15:30:00+00:00,193.65499877929688,193.97999572753903,192.8350067138672,193.259994506836,86207
2024-05-29 16:30:00+00:00,193.1699981689453,193.25,192.8500061035156,192.9600067138672,40373
2024-05-29 17:30:00+00:00,193.0850067138672,193.34249877929688,192.6600036621093,192.9100036621093,104389
2024-05-29 18:30:00+00:00,192.83999633789065,193.25,192.44000244140625,192.47999572753903,113900
2024-05-29 19:30:00+00:00,192.4499969482422,192.8600006103516,192.3000030517578,192.509994506836,222178
2024-05-30 13:30:00+00:00,192.509994506836,194.21499633789065,192.509994506836,192.88999938964844,71523
2024-05-30 14:30:00+00:00,193.1199951171875,193.9100036621093,193.0,193.4499969482422,88456
2024-05-30 15:30:00+00:00,193.3999938964844,193.8600006103516,193.1999969482422,193.6199951171875,63341
2024-05-30 16:30:00+00:00,193.6450042724609,193.9100036621093,193.3800048828125,193.3999938964844,73467
2024-05-30 17:30:00+00:00,193.4550018310547,193.4900054931641,192.38999938964844,192.7250061035156,445453
2024-05-30 18:30:00+00:00,192.8059997558593,194.1600036621093,192.6600036621093,194.1600036621093,110012
2024-05-30 19:30:00+00:00,194.1600036621093,194.3500061035156,193.3800048828125,193.42999267578125,281529
2024-05-31 13:30:00+00:00,193.5,194.75,192.6199951171875,192.8099975585937,78831
2024-05-31 14:30:00+00:00,192.6600036621093,193.3999938964844,192.32000732421875,192.3800048828125,86402
2024-05-31 15:30:00+00:00,192.4250030517578,192.7400054931641,191.97000122070312,192.51499938964844,59403
2024-05-31 16:30:00+00:00,192.38999938964844,193.1699981689453,192.3099975585937,193.1499938964844,34545
2024-05-31 17:30:00+00:00,193.1999969482422,193.3699951171875,193.0399932861328,193.2100067138672,39900
2024-05-31 18:30:00+00:00,193.2400054931641,193.259994506836,192.8500061035156,192.94000244140625,50507
2024-05-31 19:30:00+00:00,192.97999572753903,195.1000061035156,192.92999267578125,195.009994506836,242897
2024-06-03 13:30:00+00:00,194.9100036621093,197.07000732421875,194.8099975585937,196.1300048828125,53677
2024-06-03 14:30:00+00:00,196.25,197.94000244140625,196.1699981689453,197.6699981689453,59275
2024-06-03 15:30:00+00:00,197.5500030517578,197.69000244140625,195.52999877929688,195.81500244140625,54732
2024-06-03 16:30:00+00:00,195.7550048828125,195.9750061035156,195.1199951171875,195.3950042724609,50526
2024-06-03 17:30:00+00:00,195.27999877929688,196.8099975585937,195.27999877929688,196.67999267578125,63148
2024-06-03 18:30:00+00:00,196.58999633789065,196.7899932861328,196.2100067138672,196.38999938964844,63471
2024-06-03 19:30:00+00:00,196.27999877929688,196.3999938964844,194.8800048828125,195.0399932861328,143566
2024-06-04 13:30:00+00:00,194.88999938964844,195.75,193.63999938964844,194.884994506836,51066
2024-06-04 14:30:00+00:00,194.5399932861328,194.5850067138672,193.1199951171875,193.3800048828125,38635
2024-06-04 15:30:00+00:00,193.72000122070312,194.0,193.1150054931641,193.9900054931641,29826
2024-06-04 16:30:00+00:00,194.1100006103516,194.9600067138672,194.1100006103516,194.1199951171875,30103
2024-06-04 17:30:00+00:00,194.17999267578125,194.5449981689453,194.0800018310547,194.3999938964844,34315
2024-06-04 18:30:00+00:00,194.27999877929688,195.38999938964844,194.259994506836,195.3800048828125,63145
2024-06-04 19:30:00+00:00,195.2749938964844,197.509994506836,195.2400054931641,196.67999267578125,340872
2024-06-05 13:30:00+00:00,196.75,197.88999938964844,195.7700042724609,197.0399932861328,75326
2024-06-05 14:30:00+00:00,196.8699951171875,197.4499969482422,196.0850067138672,197.33999633789065,50302
2024-06-05 15:30:00+00:00,197.2449951171875,198.7100067138672,197.1499938964844,198.47000122070312,59981
2024-06-05 16:30:00+00:00,198.4550018310547,198.8500061035156,198.259994506836,198.6000061035156,68219
2024-06-05 17:30:00+00:00,198.58999633789065,198.85499572753903,198.1300048828125,198.7899932861328,58932
2024-06-05 18:30:00+00:00,198.7899932861328,199.5449981689453,198.6499938964844,199.3950042724609,84867
2024-06-05 19:30:00+00:00,199.3950042724609,199.4698944091797,197.9900054931641,198.0,157681
2024-06-06 13:30:00+00:00,196.94000244140625,199.70950317382807,196.5204925537109,199.5749969482422,35595
2024-06-06 14:30:00+00:00,199.5800018310547,199.7095947265625,197.9199981689453,198.72000122070312,35806
2024-06-06 15:30:00+00:00,198.6699981689453,198.759994506836,197.96499633789065,198.3000030517578,31024
2024-06-06 16:30:00+00:00,198.1999969482422,198.2250061035156,197.7200927734375,198.1600036621093,30496
2024-06-06 17:30:00+00:00,198.0,198.5,197.75,198.1600036621093,34280
2024-06-06 18:30:00+00:00,198.07000732421875,198.3477020263672,197.97999572753903,198.1999969482422,41844
2024-06-06 19:30:00+00:00,198.1999969482422,198.42999267578125,197.8800048828125,198.4100036621093,113901
2024-06-07 13:30:00+00:00,197.8300018310547,199.19000244140625,197.6600036621093,198.7749938964844,26534
2024-06-07 14:30:00+00:00,198.5399932861328,199.1499938964844,197.72999572753903,198.0749969482422,38227
2024-06-07 15:30:00+00:00,198.009994506836,198.3600006103516,198.009994506836,198.01499938964844,33797
2024-06-07 16:30:00+00:00,198.0059967041016,198.08999633789065,197.3099975585937,197.4499969482422,29209
2024-06-07 17:30:00+00:00,197.4600067138672,197.509994506836,196.25,196.58999633789065,54652
2024-06-07 18:30:00+00:00,196.4900054931641,196.8000030517578,195.8800048828125,196.009994506836,59237
2024-06-07 19:30:00+00:00,196.07000732421875,196.8099975585937,195.83999633789065,196.6699981689453,137397
2024-06-10 13:30:00+00:00,196.1000061035156,196.5599975585937,194.0800018310547,194.2449951171875,58000
2024-06-10 14:30:00+00:00,194.259994506836,194.6000061035156,193.6499938964844,194.0449981689453,42413
2024-06-10 15:30:00+00:00,194.0500030517578,194.1600036621093,192.9100036621093,193.3500061035156,47457
2024-06-10 16:30:00+00:00,193.3350982666016,193.509994506836,192.50010681152344,193.0500030517578,42275
2024-06-10 17:30:00+00:00,193.07000732421875,195.2250061035156,192.97000122070312,194.97000122070312,32875
2024-06-10 18:30:00+00:00,195.0500030517578,195.5,194.8800048828125,195.27999877929688,50991
2024-06-10 19:30:00+00:00,195.3059997558593,196.2899932861328,195.22999572753903,196.0200042724609,148527
2024-06-11 13:30:00+00:00,195.69000244140625,196.5,195.10499572753903,195.88999938964844,33799
2024-06-11 14:30:00+00:00,195.9600067138672,196.47000122070312,195.83999633789065,196.3099975585937,28367
2024-06-11 15:30:00+00:00,196.4600067138672,197.2100067138672,196.4499969482422,196.8699951171875,23091
2024-06-11 16:30:00+00:00,196.97999572753903,197.18899536132807,196.6699981689453,196.85499572753903,27416
2024-06-11 17:30:00+00:00,196.8600006103516,196.97000122070312,196.27999877929688,196.58999633789065,20779
2024-06-11 18:30:00+00:00,196.72000122070312,197.3600006103516,196.5399932861328,197.1100006103516,53406
2024-06-11 19:30:00+00:00,197.1100006103516,197.4600067138672,196.3999938964844,197.3999938964844,170033
2024-06-12 13:30:00+00:00,198.6600036621093,199.3999938964844,197.52999877929688,198.8800048828125,176213
2024-06-12 14:30:00+00:00,199.07000732421875,199.97000122070312,198.8300018310547,199.2124938964844,53706
2024-06-12 15:30:00+00:00,199.2899932861328,200.0,198.6000061035156,199.4900054931641,47269
2024-06-12 16:30:00+00:00,199.4900054931641,199.6499938964844,198.6000061035156,198.6699981689453,46200
2024-06-12 17:30:00+00:00,198.69000244140625,198.9600067138672,196.1499938964844,196.9850006103516,66381
2024-06-12 18:30:00+00:00,197.07000732421875,197.72000122070312,196.6000061035156,196.6000061035156,40878
2024-06-12 19:30:00+00:00,196.509994506836,196.92999267578125,196.17999267578125,196.4499969482422,93864
2024-06-13 13:30:00+00:00,195.4199981689453,195.5500030517578,192.3800048828125,193.2700042724609,81262
2024-06-13 14:30:00+00:00,193.22000122070312,194.69000244140625,192.9199981689453,194.12750244140625,71706
2024-06-13 15:30:00+00:00,194.134994506836,194.5399932861328,193.82000732421875,194.07000732421875,34196
2024-06-13 16:30:00+00:00,193.9900054931641,195.57000732421875,193.9900054931641,195.0449981689453,54388
2024-06-13 17:30:00+00:00,195.0449981689453,195.5800018310547,194.6849975585937,195.288803100586,92367
2024-06-13 18:30:00+00:00,195.1499938964844,196.02999877929688,194.8574981689453,195.9100036621093,100046
2024-06-13 19:30:00+00:00,195.88999938964844,196.759994506836,195.8300018310547,196.3999938964844,100859
2024-06-14 13:30:00+00:00,197.9100036621093,197.97999572753903,195.2100067138672,196.759994506836,53070
2024-06-14 14:30:00+00:00,196.75,198.55499267578125,196.4700927734375,198.55499267578125,73097
2024-06-14 15:30:00+00:00,198.58999633789065,198.6000061035156,197.8999938964844,198.4499969482422,46349
2024-06-14 16:30:00+00:00,198.47000122070312,199.53700256347656,198.2899932861328,199.53700256347656,80690
2024-06-14 17:30:00+00:00,199.4199981689453,199.5500030517578,198.509994506836,198.875,65301
2024-06-14 18:30:00+00:00,198.8999938964844,200.1000061035156,198.82000732421875,199.8099975585937,103361
2024-06-14 19:30:00+00:00,199.8099975585937,200.0,199.3999938964844,199.97999572753903,182499
2024-06-17 13:30:00+00:00,198.6600036621093,199.7400054931641,198.07000732421875,199.0599975585937,57816
2024-06-17 14:30:00+00:00,199.0449981689453,199.97999572753903,198.5399932861328,199.9199981689453,50868
2024-06-17 15:30:00+00:00,199.9199981689453,200.1300048828125,199.4100036621093,200.1300048828125,56995
2024-06-17 16:30:00+00:00,200.1600036621093,200.2400054931641,199.63999938964844,200.1300048828125,42404
2024-06-17 17:30:00+00:00,200.13999938964844,201.19000244140625,200.13999938964844,200.9949951171875,75841
2024-06-17 18:30:00+00:00,200.9199981689453,201.19000244140625,200.8300018310547,201.0399932861328,77832
2024-06-17 19:30:00+00:00,201.1000061035156,201.67999267578125,201.0850067138672,201.6199951171875,134649
2024-06-18 13:30:00+00:00,201.1000061035156,204.6300048828125,201.1000061035156,203.1300048828125,99851
2024-06-18 14:30:00+00:00,202.97000122070312,203.57000732421875,202.6199951171875,203.3300018310547,72642
2024-06-18 15:30:00+00:00,203.25,204.3300018310547,203.13999938964844,204.22999572753903,68267
2024-06-18 16:30:00+00:00,204.22999572753903,205.1499938964844,203.9499969482422,205.13999938964844,115919
2024-06-18 17:30:00+00:00,205.1999969482422,206.0599975585937,204.88999938964844,205.9900054931641,77604
2024-06-18 18:30:00+00:00,205.97999572753903,206.19000244140625,205.47999572753903,206.07000732421875,89686
2024-06-18 19:30:00+00:00,206.08999633789065,206.759994506836,205.97999572753903,206.4900054931641,216391
2024-06-20 13:30:00+00:00,205.1000061035156,208.2100067138672,204.2350006103516,207.1699981689453,74348
2024-06-20 14:30:00+00:00,207.19000244140625,207.88999938964844,206.4100036621093,206.8099975585937,84404
2024-06-20 15:30:00+00:00,206.9499969482422,207.3300018310547,206.2100067138672,206.63999938964844,81683
2024-06-20 16:30:00+00:00,206.63999938964844,207.1300048828125,206.47000122070312,206.77999877929688,45613
2024-06-20 17:30:00+00:00,206.69000244140625,208.0500030517578,206.259994506836,207.7700042724609,82887
2024-06-20 18:30:00+00:00,207.77999877929688,208.2899932861328,207.3099975585937,208.2700042724609,107310
2024-06-20 19:30:00+00:00,208.25250244140625,208.30499267578125,207.3600006103516,207.38999938964844,213948
2024-06-21 13:30:00+00:00,208.0800018310547,208.0800018310547,205.69500732421875,207.01499938964844,100514
2024-06-21 14:30:00+00:00,207.1300048828125,207.3600006103516,205.1499938964844,205.3950042724609,39547
2024-06-21 15:30:00+00:00,205.38999938964844,205.7449951171875,205.08290100097656,205.57000732421875,32980
2024-06-21 16:30:00+00:00,205.5500030517578,206.0399932861328,205.5399932861328,205.7996063232422,32315
2024-06-21 17:30:00+00:00,205.7899932861328,205.7899932861328,204.0599975585937,204.60499572753903,111788
2024-06-21 18:30:00+00:00,204.5800018310547,205.4949951171875,204.5800018310547,204.8699951171875,73678
2024-06-21 19:30:00+00:00,204.92999267578125,206.0975036621093,204.5350036621093,205.2400054931641,168247
2024-06-24 13:30:00+00:00,205.8800048828125,208.3300018310547,204.47999572753903,208.2100067138672,53987
2024-06-24 14:30:00+00:00,208.19000244140625,209.4100036621093,207.82000732421875,209.2400054931641,59078
2024-06-24 15:30:00+00:00,209.2350006103516,209.2350006103516,208.0599975585937,208.32000732421875,40135
2024-06-24 16:30:00+00:00,208.19000244140625,208.3099975585937,207.1999969482422,207.4499969482422,26117
2024-06-24 17:30:00+00:00,207.4250030517578,207.4900054931641,206.9600067138672,207.4499969482422,45250
2024-06-24 18:30:00+00:00,207.5200042724609,208.17999267578125,207.3699951171875,207.47000122070312,30987
2024-06-24 19:30:00+00:00,207.5399932861328,208.1999969482422,207.4600067138672,208.0,141318
2024-06-25 13:30:00+00:00,207.3500061035156,208.2400054931641,206.69000244140625,207.2400054931641,33366
2024-06-25 14:30:00+00:00,207.2449951171875,207.8099975585937,206.8699951171875,207.0800018310547,67738
2024-06-25 15:30:00+00:00,207.1100006103516,207.3125,206.6100006103516,207.3000030517578,54488
2024-06-25 16:30:00+00:00,207.2350006103516,207.6000061035156,206.2100067138672,207.6000061035156,43947
2024-06-25 17:30:00+00:00,207.4100036621093,207.6000061035156,207.0399932861328,207.6000061035156,27992
2024-06-25 18:30:00+00:00,207.6000061035156,208.2749938964844,207.134994506836,207.8300018310547,54825
2024-06-25 19:30:00+00:00,207.759994506836,208.32000732421875,207.6000061035156,207.8500061035156,161043
2024-06-26 13:30:00+00:00,206.6300048828125,206.6300048828125,202.69000244140625,203.1699981689453,50671
2024-06-26 14:30:00+00:00,203.1699981689453,204.47999572753903,202.75,202.759994506836,45589
2024-06-26 15:30:00+00:00,202.75,203.9468994140625,202.75,203.6499938964844,30456
2024-06-26 16:30:00+00:00,203.6150054931641,204.33999633789065,203.13999938964844,203.17999267578125,32364
2024-06-26 17:30:00+00:00,203.2700042724609,203.6499938964844,203.0599975585937,203.3600006103516,30371
2024-06-26 18:30:00+00:00,203.3650054931641,203.5399932861328,203.0599975585937,203.0800018310547,48538
2024-06-26 19:30:00+00:00,203.125,203.8300018310547,202.83999633789065,203.22000122070312,148986
2024-06-27 13:30:00+00:00,202.9900054931641,204.0599975585937,202.509994506836,203.1699981689453,48508
2024-06-27 14:30:00+00:00,203.2100067138672,204.76499938964844,203.2100067138672,203.7550048828125,54401
2024-06-27 15:30:00+00:00,203.82000732421875,203.97000122070312,202.94500732421875,203.884994506836,39805
2024-06-27 16:30:00+00:00,203.8950042724609,204.2400054931641,203.27999877929688,203.625,32111
2024-06-27 17:30:00+00:00,203.6199951171875,203.83999633789065,203.19500732421875,203.625,44608
2024-06-27 18:30:00+00:00,203.6300048828125,204.02999877929688,203.3800048828125,203.75,53677
2024-06-27 19:30:00+00:00,203.69009399414065,205.0,203.69009399414065,204.8300018310547,85209
2024-06-28 13:30:00+00:00,205.17999267578125,205.47000122070312,202.7899932861328,204.35499572753903,49179
2024-06-28 14:30:00+00:00,204.1699981689453,205.36349487304688,204.1000061035156,205.0,25202
2024-06-28 15:30:00+00:00,204.8699951171875,205.0200042724609,204.47000122070312,204.47000122070312,19080
2024-06-28 16:30:00+00:00,204.22999572753903,204.4100036621093,203.63999938964844,203.63999938964844,16488
2024-06-28 17:30:00+00:00,203.5,203.8699951171875,203.3099975585937,203.44000244140625,30174
2024-06-28 18:30:00+00:00,203.3500061035156,203.58999633789065,202.0399932861328,202.17999267578125,44272
2024-06-28 19:30:00+00:00,202.22999572753903,203.509994506836,201.8699951171875,203.509994506836,151595
2024-07-01 13:30:00+00:00,204.5200042724609,207.51499938964844,202.9199981689453,204.2350006103516,73551
2024-07-01 14:30:00+00:00,204.47000122070312,204.47000122070312,202.72999572753903,202.8600006103516,47887
2024-07-01 15:30:00+00:00,203.009994506836,203.0399932861328,201.97999572753903,202.6100006103516,20803
2024-07-01 16:30:00+00:00,202.4781036376953,203.509994506836,202.33999633789065,202.8600006103516,33585
2024-07-01 17:30:00+00:00,202.97999572753903,203.009994506836,202.01499938964844,202.8950042724609,39985
2024-07-01 18:30:00+00:00,202.8000030517578,202.8950042724609,201.72000122070312,201.9250030517578,59673
2024-07-01 19:30:00+00:00,201.97000122070312,203.4499969482422,201.82000732421875,203.1199951171875,156349
2024-07-02 13:30:00+00:00,203.1300048828125,203.9199981689453,201.94000244140625,202.07000732421875,30837
2024-07-02 14:30:00+00:00,202.3650054931641,203.8000030517578,202.19000244140625,203.57000732421875,38157
2024-07-02 15:30:00+00:00,203.5500030517578,203.6600036621093,202.8699951171875,203.3999938964844,27977
2024-07-02 16:30:00+00:00,203.1999969482422,203.3000030517578,202.7400054931641,202.77999877929688,23347
2024-07-02 17:30:00+00:00,202.7350006103516,203.4199981689453,202.72999572753903,203.32000732421875,31457
2024-07-02 18:30:00+00:00,203.259994506836,203.4499969482422,202.8600006103516,202.9850006103516,44080
2024-07-02 19:30:00+00:00,202.9900054931641,203.44000244140625,202.6300048828125,202.72999572753903,104893
2024-07-03 13:30:00+00:00,203.2899932861328,203.4199981689453,201.5399932861328,202.7400054931641,94255
2024-07-03 14:30:00+00:00,202.8699951171875,203.0200042724609,200.7449951171875,201.1300048828125,52495
2024-07-03 15:30:00+00:00,201.1300048828125,203.4600067138672,201.02999877929688,203.22000122070312,84980
2024-07-05 13:30:00+00:00,204.6300048828125,206.33999633789065,202.6360015869141,203.7400054931641,39432
2024-07-05 14:30:00+00:00,203.51499938964844,203.51499938964844,202.2550048828125,202.6649932861328,25662
2024-07-05 15:30:00+00:00,202.8099975585937,203.9349975585937,202.680404663086,202.82000732421875,31572
2024-07-05 16:30:00+00:00,202.8125,204.3800048828125,202.8125,204.0850067138672,21992
2024-07-05 17:30:00+00:00,203.97999572753903,204.7100067138672,203.97000122070312,204.1600036621093,26534
2024-07-05 18:30:00+00:00,204.1750030517578,204.6849975585937,204.1499938964844,204.56500244140625,22814
2024-07-05 19:30:00+00:00,204.5500030517578,205.0,204.22999572753903,204.63999938964844,59484
2024-07-08 13:30:00+00:00,204.0,204.7449951171875,202.1100006103516,204.47000122070312,28164
2024-07-08 14:30:00+00:00,204.63999938964844,204.83999633789065,203.6499938964844,203.759994506836,20750
2024-07-08 15:30:00+00:00,203.72000122070312,203.88999938964844,202.44000244140625,203.7400054931641,31686
2024-07-08 16:30:00+00:00,204.0800018310547,204.5500030517578,202.9600067138672,203.0749969482422,23401
2024-07-08 17:30:00+00:00,203.0749969482422,203.47000122070312,202.2050018310547,202.47000122070312,29898
2024-07-08 18:30:00+00:00,202.38999938964844,203.58999633789065,202.0599975585937,203.1450042724609,90310
2024-07-08 19:30:00+00:00,203.1100006103516,204.0,202.94000244140625,203.07000732421875,98409
2024-07-09 13:30:00+00:00,201.6999969482422,202.9499969482422,200.4100036621093,201.22000122070312,91520
2024-07-09 14:30:00+00:00,201.19000244140625,201.52999877929688,199.56500244140625,200.97000122070312,47917
2024-07-09 15:30:00+00:00,200.9900054931641,200.9900054931641,199.9149932861328,200.5200042724609,32538
2024-07-09 16:30:00+00:00,200.52999877929688,201.6000061035156,200.52999877929688,201.0249938964844,38809
2024-07-09 17:30:00+00:00,201.1199951171875,201.3699951171875,200.759994506836,200.9550018310547,32572
2024-07-09 18:30:00+00:00,200.8999938964844,201.009994506836,200.47000122070312,200.67999267578125,43094
2024-07-09 19:30:00+00:00,200.6100006103516,200.71499633789065,199.3500061035156,199.44000244140625,175493
2024-07-10 13:30:00+00:00,199.67999267578125,200.759994506836,198.9600067138672,199.81500244140625,44577
2024-07-10 14:30:00+00:00,199.9199981689453,200.4750061035156,199.38009643554688,199.75,28419
2024-07-10 15:30:00+00:00,199.7400054931641,199.9100036621093,199.32000732421875,199.7700042724609,40799
2024-07-10 16:30:00+00:00,199.5500030517578,200.4900054931641,199.3999938964844,200.25,20502
2024-07-10 17:30:00+00:00,200.1699981689453,200.6600036621093,199.6849975585937,199.6999969482422,26593
2024-07-10 18:30:00+00:00,199.634994506836,199.8699951171875,199.38999938964844,199.75,38344
2024-07-10 19:30:00+00:00,199.6999969482422,200.42999267578125,199.6071014404297,200.3000030517578,89240
2024-07-11 13:30:00+00:00,201.94000244140625,206.3000030517578,200.8999938964844,204.08999633789065,112112
2024-07-11 14:30:00+00:00,203.6999969482422,204.82000732421875,203.4149932861328,203.9199981689453,66357
2024-07-11 15:30:00+00:00,204.0200042724609,205.3800048828125,203.9900054931641,204.625,38214
2024-07-11 16:30:00+00:00,204.7100067138672,205.4750061035156,204.1000061035156,205.2700042724609,57729
2024-07-11 17:30:00+00:00,205.1600036621093,206.5,205.1300048828125,206.1600036621093,42569
2024-07-11 18:30:00+00:00,205.9900054931641,206.17999267578125,204.77999877929688,205.4949951171875,54797
2024-07-11 19:30:00+00:00,205.5500030517578,206.32000732421875,205.1999969482422,206.25,116335
2024-07-12 13:30:00+00:00,207.2700042724609,209.92999267578125,205.9499969482422,209.32009887695312,70648
2024-07-12 14:30:00+00:00,209.69000244140625,209.9199981689453,208.8500061035156,209.58999633789065,52821
2024-07-12 15:30:00+00:00,209.6000061035156,210.2949981689453,208.4199981689453,208.4900054931641,48524
2024-07-12 16:30:00+00:00,208.5350036621093,208.5350036621093,207.1499938964844,207.83999633789065,48178
2024-07-12 17:30:00+00:00,208.1100006103516,208.3699951171875,207.3999938964844,207.63999938964844,25543
2024-07-12 18:30:00+00:00,207.6600036621093,208.33999633789065,207.1300048828125,207.1699981689453,61628
2024-07-12 19:30:00+00:00,207.13999938964844,207.5599975585937,206.08999633789065,206.2400054931641,90617
2024-07-15 13:30:00+00:00,206.1600036621093,210.8699951171875,206.1600036621093,209.6450042724609,68720
2024-07-15 14:30:00+00:00,209.6300048828125,209.8000030517578,208.1300048828125,208.9900054931641,40538
2024-07-15 15:30:00+00:00,208.63999938964844,208.9550018310547,208.1999969482422,208.1999969482422,24083
2024-07-15 16:30:00+00:00,208.3300018310547,209.07000732421875,208.3300018310547,208.4949951171875,31261
2024-07-15 17:30:00+00:00,208.38999938964844,208.38999938964844,207.3699951171875,207.8036956787109,21825
2024-07-15 18:30:00+00:00,207.7250061035156,208.25,207.509994506836,207.625,36340
2024-07-15 19:30:00+00:00,207.5800018310547,207.759994506836,207.08999633789065,207.58999633789065,84841
2024-07-16 13:30:00+00:00,208.2700042724609,214.1000061035156,208.2700042724609,212.63999938964844,74931
2024-07-16 14:30:00+00:00,212.7899932861328,214.25,212.6000061035156,214.22999572753903,67010
2024-07-16 15:30:00+00:00,214.1300048828125,214.5211944580078,213.4900054931641,213.6150054931641,40947
2024-07-16 16:30:00+00:00,213.6999969482422,214.3650054931641,213.35009765625,213.83999633789065,45257
2024-07-16 17:30:00+00:00,214.0200042724609,214.3500061035156,213.58999633789065,213.8950042724609,51876
2024-07-16 18:30:00+00:00,213.8699951171875,216.08999633789065,213.8699951171875,215.9900054931641,63001
2024-07-16 19:30:00+00:00,215.9900054931641,216.72000122070312,215.67999267578125,216.67999267578125,137116
2024-07-17 13:30:00+00:00,216.3800048828125,219.5,215.7749938964844,219.02999877929688,44257
2024-07-17 14:30:00+00:00,219.1450042724609,219.72999572753903,217.8746032714844,218.3500061035156,38754
2024-07-17 15:30:00+00:00,218.2449951171875,218.6699981689453,217.90499877929688,218.63999938964844,26557
2024-07-17 16:30:00+00:00,218.4900054931641,218.67999267578125,217.6999969482422,217.88999938964844,28482
2024-07-17 17:30:00+00:00,217.94000244140625,218.08999633789065,217.42999267578125,217.7100067138672,38270
2024-07-17 18:30:00+00:00,217.6450042724609,217.70559692382807,217.0,217.05499267578125,47511
2024-07-17 19:30:00+00:00,216.94000244140625,217.32000732421875,215.7400054931641,215.77999877929688,163127
2024-07-18 13:30:00+00:00,214.1199951171875,218.22999572753903,214.1199951171875,216.009994506836,50591
2024-07-18 14:30:00+00:00,215.8125,217.1000061035156,215.3249969482422,216.94000244140625,47398
2024-07-18 15:30:00+00:00,216.97999572753903,217.4199981689453,215.7400054931641,215.7400054931641,36522
2024-07-18 16:30:00+00:00,215.875,216.0,214.3600006103516,214.52999877929688,26196
2024-07-18 17:30:00+00:00,214.47000122070312,214.47000122070312,213.17999267578125,213.55499267578125,20711
2024-07-18 18:30:00+00:00,213.63999938964844,214.3500061035156,213.47999572753903,214.2700042724609,45901
2024-07-18 19:30:00+00:00,214.22999572753903,214.97999572753903,213.8600006103516,214.7400054931641,132560
2024-07-19 13:30:00+00:00,216.32000732421875,216.32000732421875,212.47000122070312,212.6100006103516,39657
2024-07-19 14:30:00+00:00,212.6100006103516,213.22000122070312,211.509994506836,211.509994506836,42279
2024-07-19 15:30:00+00:00,211.47000122070312,212.8699951171875,211.22999572753903,212.19000244140625,51720
2024-07-19 16:30:00+00:00,212.2949981689453,213.5500030517578,212.2949981689453,212.7449951171875,34742
2024-07-19 17:30:00+00:00,212.7400054931641,212.9900054931641,212.009994506836,212.0200042724609,58545
2024-07-19 18:30:00+00:00,212.0399932861328,212.52999877929688,211.5500030517578,212.0500030517578,55706
2024-07-19 19:30:00+00:00,212.1999969482422,212.3000030517578,210.2700042724609,211.4499969482422,159316
2024-07-22 13:30:00+00:00,211.9900054931641,213.5800018310547,211.4499969482422,212.8600006103516,26125
2024-07-22 14:30:00+00:00,212.94500732421875,216.52999877929688,212.8800048828125,215.4949951171875,78419
2024-07-22 15:30:00+00:00,215.5200042724609,216.0399932861328,214.82000732421875,215.9199981689453,76682
2024-07-22 16:30:00+00:00,215.9600067138672,216.4100036621093,215.2400054931641,215.6000061035156,84495
2024-07-22 17:30:00+00:00,215.6000061035156,215.8500061035156,214.19000244140625,214.8099975585937,41124
2024-07-22 18:30:00+00:00,214.6499938964844,215.97999572753903,214.6499938964844,215.509994506836,45997
2024-07-22 19:30:00+00:00,215.5,215.875,214.3099975585937,214.33999633789065,140238
2024-07-23 13:30:00+00:00,214.67999267578125,214.67999267578125,206.5500030517578,207.6999969482422,123846
2024-07-23 14:30:00+00:00,207.7100067138672,209.5599975585937,207.42999267578125,207.9949951171875,80878
2024-07-23 15:30:00+00:00,208.0,208.52999877929688,206.7700042724609,207.0800018310547,91090
2024-07-23 16:30:00+00:00,206.92999267578125,207.3329925537109,206.009994506836,206.134994506836,56694
2024-07-23 17:30:00+00:00,205.97999572753903,207.94000244140625,205.97999572753903,207.8699951171875,47080
2024-07-23 18:30:00+00:00,207.8874969482422,208.17999267578125,207.2899932861328,208.0399932861328,78379
2024-07-23 19:30:00+00:00,208.0249938964844,208.3300018310547,206.8500061035156,207.02999877929688,164273
2024-07-24 13:30:00+00:00,208.44000244140625,211.6600036621093,208.0,210.0800018310547,51335
2024-07-24 14:30:00+00:00,209.8999938964844,210.3600006103516,209.3000030517578,210.33999633789065,34687
2024-07-24 15:30:00+00:00,210.08999633789065,211.3292999267578,209.6999969482422,210.97999572753903,63174
2024-07-24 16:30:00+00:00,211.0050048828125,211.1999969482422,209.97579956054688,210.83999633789065,31971
2024-07-24 17:30:00+00:00,210.6699981689453,211.72000122070312,210.6699981689453,210.67999267578125,25289
2024-07-24 18:30:00+00:00,210.6499938964844,210.8000030517578,209.63999938964844,209.8099975585937,46263
2024-07-24 19:30:00+00:00,209.8999938964844,210.10519409179688,208.8000030517578,209.5599975585937,139257
2024-07-25 13:30:00+00:00,210.2700042724609,215.4199981689453,209.6999969482422,213.9900054931641,54177
2024-07-25 14:30:00+00:00,213.8950042724609,214.32000732421875,212.32879638671875,212.83999633789065,31444
2024-07-25 15:30:00+00:00,212.6999969482422,212.97000122070312,212.38999938964844,212.63250732421875,24078
2024-07-25 16:30:00+00:00,212.5200042724609,212.9100036621093,211.8500061035156,212.4499969482422,27764
2024-07-25 17:30:00+00:00,212.47999572753903,212.57000732421875,211.1699981689453,211.22000122070312,29924
2024-07-25 18:30:00+00:00,211.0599975585937,211.3600006103516,210.22999572753903,210.3699951171875,42223
2024-07-25 19:30:00+00:00,210.47999572753903,210.6999969482422,209.3500061035156,209.7899932861328,110777
2024-07-26 13:30:00+00:00,211.07000732421875,213.5800018310547,209.9499969482422,212.72999572753903,29069
2024-07-26 14:30:00+00:00,212.55499267578125,212.55499267578125,210.7899932861328,211.5041046142578,18464
2024-07-26 15:30:00+00:00,211.6600036621093,212.75,211.44000244140625,211.9349975585937,19062
2024-07-26 16:30:00+00:00,211.8950042724609,212.159896850586,211.259994506836,211.85499572753903,50422
2024-07-26 17:30:00+00:00,211.77999877929688,212.1100006103516,211.25,211.58999633789065,21346
2024-07-26 18:30:00+00:00,211.77999877929688,212.7899932861328,211.2749938964844,212.3000030517578,54659
2024-07-26 19:30:00+00:00,212.3000030517578,212.3000030517578,210.5500030517578,210.82000732421875,100200
2024-07-29 13:30:00+00:00,211.97000122070312,212.94000244140625,211.3999938964844,211.92999267578125,51299
2024-07-29 14:30:00+00:00,211.8650054931641,213.2700042724609,211.3950042724609,213.1600036621093,53556
2024-07-29 15:30:00+00:00,213.15499877929688,213.3500061035156,211.97000122070312,212.0749969482422,74039
2024-07-29 16:30:00+00:00,211.92999267578125,212.0800018310547,211.6499938964844,211.9349975585937,49917
2024-07-29 17:30:00+00:00,211.9250030517578,212.0184020996093,210.7700042724609,211.25,53586
2024-07-29 18:30:00+00:00,211.3500061035156,211.7819976806641,211.3500061035156,211.44000244140625,41327
2024-07-29 19:30:00+00:00,211.4100036621093,211.9199981689453,210.6499938964844,210.6999969482422,155104
2024-07-30 13:30:00+00:00,210.94000244140625,214.7400054931641,210.1100006103516,213.46499633789065,125481
2024-07-30 14:30:00+00:00,213.47000122070312,213.8699951171875,212.7700042724609,213.44500732421875,34319
2024-07-30 15:30:00+00:00,213.32000732421875,213.509994506836,212.4149932861328,212.56500244140625,51850
2024-07-30 16:30:00+00:00,212.56500244140625,213.259994506836,212.0,213.02999877929688,70500
2024-07-30 17:30:00+00:00,213.15499877929688,213.3500061035156,212.6999969482422,212.759994506836,56434
2024-07-30 18:30:00+00:00,212.759994506836,213.60499572753903,212.69000244140625,213.60499572753903,75758
2024-07-30 19:30:00+00:00,213.7100067138672,213.7100067138672,212.6999969482422,213.0800018310547,166391
2024-07-31 13:30:00+00:00,212.8300018310547,214.7100067138672,209.5399932861328,214.259994506836,73946
2024-07-31 14:30:00+00:00,214.1699981689453,216.2899932861328,213.3999938964844,215.8650054931641,85142
2024-07-31 15:30:00+00:00,216.0,217.2400054931641,215.2100067138672,216.6999969482422,83782
2024-07-31 16:30:00+00:00,216.5399932861328,217.32899475097656,215.30499267578125,216.3000030517578,55233
2024-07-31 17:30:00+00:00,216.3000030517578,216.32000732421875,215.1000061035156,215.7400054931641,63576
2024-07-31 18:30:00+00:00,215.8800048828125,217.2400054931641,215.6000061035156,216.009994506836,94507
2024-07-31 19:30:00+00:00,215.884994506836,216.6600036621093,215.2400054931641,215.4199981689453,250362
2024-08-01 13:30:00+00:00,220.0,232.0,219.1999969482422,227.2050018310547,310838
2024-08-01 14:30:00+00:00,227.2050018310547,229.8000030517578,226.3800048828125,228.1199951171875,217505
2024-08-01 15:30:00+00:00,228.22999572753903,229.8999938964844,227.13999938964844,228.8600006103516,116689
2024-08-01 16:30:00+00:00,228.6600036621093,229.0399932861328,227.42999267578125,228.5350036621093,86101
2024-08-01 17:30:00+00:00,228.5,233.97999572753903,228.5,231.83999633789065,208437
2024-08-01 18:30:00+00:00,231.85499572753903,233.5800018310547,230.35499572753903,233.19000244140625,210245
2024-08-01 19:30:00+00:00,233.33999633789065,234.22000122070312,232.44500732421875,233.6600036621093,352434
2024-08-02 13:30:00+00:00,232.6999969482422,238.46499633789065,232.67999267578125,234.2899932861328,263848
2024-08-02 14:30:00+00:00,234.4949951171875,235.02999877929688,232.97999572753903,233.83999633789065,140348
2024-08-02 15:30:00+00:00,233.9499969482422,235.8300018310547,233.72000122070312,235.57000732421875,97047
2024-08-02 16:30:00+00:00,235.3600006103516,236.0,235.1150054931641,235.375,69603
2024-08-02 17:30:00+00:00,235.40499877929688,236.8014068603516,235.0449981689453,236.3099975585937,98718
2024-08-02 18:30:00+00:00,236.3699951171875,237.31500244140625,235.5599975585937,237.0,106940
2024-08-02 19:30:00+00:00,237.0749969482422,237.4600067138672,235.52999877929688,236.0200042724609,269958
2024-08-05 13:30:00+00:00,232.0,232.83999633789065,228.7850036621093,229.2899932861328,165758
2024-08-05 14:30:00+00:00,229.21499633789065,230.509994506836,227.6600952148437,229.3300018310547,115324
2024-08-05 15:30:00+00:00,229.4600067138672,230.9499969482422,228.88999938964844,230.47999572753903,64678
2024-08-05 16:30:00+00:00,230.47999572753903,230.6000061035156,228.07000732421875,228.75,44163
2024-08-05 17:30:00+00:00,228.88999938964844,230.22999572753903,228.3800048828125,230.22999572753903,72054
2024-08-05 18:30:00+00:00,230.2250061035156,230.259994506836,228.759994506836,229.4499969482422,67232
2024-08-05 19:30:00+00:00,229.52999877929688,229.67999267578125,228.22999572753903,228.57000732421875,218195
2024-08-06 13:30:00+00:00,229.38999938964844,232.22999572753903,228.22000122070312,230.4199981689453,50827
2024-08-06 14:30:00+00:00,230.33999633789065,230.8300018310547,228.5449981689453,228.6600036621093,68422
2024-08-06 15:30:00+00:00,228.84500122070312,229.0200042724609,228.13999938964844,228.6699981689453,45571
2024-08-06 16:30:00+00:00,228.69000244140625,229.0200042724609,228.3500061035156,228.47000122070312,29660
2024-08-06 17:30:00+00:00,228.57000732421875,228.97999572753903,227.4199981689453,227.97000122070312,65946
2024-08-06 18:30:00+00:00,228.0800018310547,228.33999633789065,225.97000122070312,226.44000244140625,86440
2024-08-06 19:30:00+00:00,226.4900054931641,226.9199981689453,225.38999938964844,225.6499938964844,149775
2024-08-07 13:30:00+00:00,225.0,225.0,220.3000030517578,222.134994506836,216266
2024-08-07 14:30:00+00:00,222.4900054931641,222.9100036621093,220.9900054931641,222.2899932861328,160869
2024-08-07 15:30:00+00:00,222.1100006103516,222.3737030029297,221.2700042724609,222.17999267578125,62193
2024-08-07 16:30:00+00:00,222.17999267578125,222.17999267578125,220.5500030517578,220.7400054931641,50985
2024-08-07 17:30:00+00:00,220.42999267578125,221.1000061035156,219.8000030517578,220.5599975585937,70270
2024-08-07 18:30:00+00:00,220.259994506836,221.44000244140625,219.8099975585937,220.81500244140625,100020
2024-08-07 19:30:00+00:00,220.8249969482422,221.30499267578125,219.33999633789065,219.57000732421875,267552
2024-08-08 13:30:00+00:00,219.1199951171875,223.5399932861328,217.9600067138672,223.2250061035156,67194
2024-08-08 14:30:00+00:00,223.38999938964844,225.5399932861328,223.3500061035156,225.5399932861328,40567
2024-08-08 15:30:00+00:00,225.34500122070312,225.4499969482422,223.9900054931641,225.1100006103516,34288
2024-08-08 16:30:00+00:00,224.9499969482422,225.6600036621093,224.3300018310547,225.44000244140625,26719
2024-08-08 17:30:00+00:00,225.6699981689453,226.7599029541016,225.58999633789065,226.1199951171875,32482
2024-08-08 18:30:00+00:00,226.32000732421875,226.3800048828125,224.0800018310547,224.88999938964844,58612
2024-08-08 19:30:00+00:00,224.8950042724609,225.38999938964844,224.1699981689453,224.759994506836,148924
2024-08-09 13:30:00+00:00,224.3000030517578,224.4100036621093,222.1699981689453,224.259994506836,40965
2024-08-09 14:30:00+00:00,224.1750030517578,225.2281036376953,223.9900054931641,224.8000030517578,25548
2024-08-09 15:30:00+00:00,224.6100006103516,225.259994506836,224.58999633789065,224.58999633789065,19901
2024-08-09 16:30:00+00:00,224.6600036621093,226.3099975585937,224.6600036621093,226.3099975585937,18377
2024-08-09 17:30:00+00:00,226.4100952148437,227.1000061035156,225.88999938964844,226.2899932861328,73088
2024-08-09 18:30:00+00:00,226.22999572753903,227.1100006103516,226.0200042724609,226.4349975585937,81135
2024-08-09 19:30:00+00:00,226.4199981689453,226.83999633789065,225.9199981689453,226.4600067138672,161037
2024-08-12 13:30:00+00:00,226.3600006103516,226.8500061035156,225.1000061035156,225.1150054931641,37746
2024-08-12 14:30:00+00:00,224.83999633789065,225.8300018310547,224.0200042724609,224.0200042724609,44237
2024-08-12 15:30:00+00:00,224.2400054931641,224.4499969482422,223.0,223.5800018310547,35825
2024-08-12 16:30:00+00:00,223.3699951171875,223.759994506836,222.7700042724609,223.3300018310547,38943
2024-08-12 17:30:00+00:00,223.35499572753903,223.6000061035156,222.77999877929688,223.134994506836,28856
2024-08-12 18:30:00+00:00,223.17999267578125,224.2400054931641,223.1645050048828,224.22999572753903,29211
2024-08-12 19:30:00+00:00,224.0500030517578,224.0500030517578,222.9100036621093,223.47999572753903,72474
2024-08-13 13:30:00+00:00,223.44000244140625,224.5399932861328,221.1000061035156,221.6499938964844,81777
2024-08-13 14:30:00+00:00,221.6699981689453,223.33999633789065,221.5,222.9750061035156,62090
2024-08-13 15:30:00+00:00,222.9100036621093,224.47999572753903,222.7400054931641,224.41140747070312,33275
2024-08-13 16:30:00+00:00,224.1000061035156,224.82000732421875,224.1000061035156,224.4550018310547,17017
2024-08-13 17:30:00+00:00,224.26499938964844,224.47000122070312,224.0200042724609,224.1600036621093,19821
2024-08-13 18:30:00+00:00,224.0200042724609,224.47999572753903,223.9600067138672,224.1699981689453,28440
2024-08-13 19:30:00+00:00,224.2550048828125,224.72000122070312,223.8999938964844,224.3800048828125,87971
2024-08-14 13:30:00+00:00,223.92999267578125,223.92999267578125,221.65499877929688,222.5500030517578,37634
2024-08-14 14:30:00+00:00,222.5200042724609,222.96499633789065,222.17999267578125,222.82000732421875,31633
2024-08-14 15:30:00+00:00,222.9499969482422,223.25,222.44000244140625,222.5625,36951
2024-08-14 16:30:00+00:00,222.52999877929688,222.9850006103516,222.47999572753903,222.7100067138672,28227
2024-08-14 17:30:00+00:00,222.6000061035156,222.6999969482422,221.2700042724609,221.4100036621093,85219
2024-08-14 18:30:00+00:00,221.5,221.81500244140625,220.7899932861328,220.8099975585937,92562
2024-08-14 19:30:00+00:00,220.8600006103516,221.3999938964844,220.4199981689453,221.3300018310547,139274
2024-08-15 13:30:00+00:00,222.259994506836,223.0500030517578,220.22000122070312,220.67999267578125,83118
2024-08-15 14:30:00+00:00,221.0,223.24989318847656,220.97000122070312,222.8699951171875,83663
2024-08-15 15:30:00+00:00,223.0,223.42999267578125,222.47000122070312,222.6499938964844,52135
2024-08-15 16:30:00+00:00,222.6499938964844,223.0200042724609,222.07000732421875,222.6999053955078,33247
2024-08-15 17:30:00+00:00,222.6699981689453,224.3600006103516,222.6024932861328,223.3699951171875,107696
2024-08-15 18:30:00+00:00,223.5599975585937,224.9100036621093,223.4900054931641,224.6150054931641,43919
2024-08-15 19:30:00+00:00,224.6199951171875,225.1000061035156,223.9100036621093,224.5500030517578,91226
2024-08-16 13:30:00+00:00,225.0,227.75,225.0,226.8000030517578,52208
2024-08-16 14:30:00+00:00,226.58999633789065,227.6748962402344,225.9900054931641,227.509994506836,38124
2024-08-16 15:30:00+00:00,227.3699951171875,227.94000244140625,227.25,227.82000732421875,34577
2024-08-16 16:30:00+00:00,227.7749938964844,228.51499938964844,227.72000122070312,228.0,28049
2024-08-16 17:30:00+00:00,227.9949951171875,228.06500244140625,227.3099975585937,227.5800018310547,23143
2024-08-16 18:30:00+00:00,227.58999633789065,228.1999969482422,227.42999267578125,228.0200042724609,41799
2024-08-16 19:30:00+00:00,228.0,228.2850036621093,227.3800048828125,227.5200042724609,84893
2024-08-19 13:30:00+00:00,227.0500030517578,229.1300048828125,226.0,226.7700042724609,41912
2024-08-19 14:30:00+00:00,226.72000122070312,227.6600036621093,226.58999633789065,227.1499938964844,30525
2024-08-19 15:30:00+00:00,227.2100067138672,227.7250061035156,226.72999572753903,226.9900054931641,27050
2024-08-19 16:30:00+00:00,226.72000122070312,226.9900054931641,225.42999267578125,225.6300048828125,33346
2024-08-19 17:30:00+00:00,225.58999633789065,225.7700042724609,225.06500244140625,225.47999572753903,20038
2024-08-19 18:30:00+00:00,225.4499969482422,225.88999938964844,225.25,225.65499877929688,36608
2024-08-19 19:30:00+00:00,225.6600036621093,226.4600067138672,225.22000122070312,226.1600036621093,58927
2024-08-20 13:30:00+00:00,225.9100036621093,227.97999572753903,225.7749938964844,227.5200042724609,25739
2024-08-20 14:30:00+00:00,227.13999938964844,227.69500732421875,226.07000732421875,226.07000732421875,15455
2024-08-20 15:30:00+00:00,225.8300018310547,226.3600006103516,224.9499969482422,225.2100067138672,20548
2024-08-20 16:30:00+00:00,225.0,225.1699981689453,224.7850036621093,224.7850036621093,23616
2024-08-20 17:30:00+00:00,224.7899932861328,225.2700042724609,224.63999938964844,225.2700042724609,14186
2024-08-20 18:30:00+00:00,225.27999877929688,225.96499633789065,225.27999877929688,225.8000030517578,27926
2024-08-20 19:30:00+00:00,225.9199981689453,226.17999267578125,225.6600036621093,225.7700042724609,87232
2024-08-21 13:30:00+00:00,226.2400054931641,228.0,225.97000122070312,226.72000122070312,44758
2024-08-21 14:30:00+00:00,226.8000030517578,228.33999633789065,226.8000030517578,228.02999877929688,22659
2024-08-21 15:30:00+00:00,228.134994506836,228.67999267578125,228.009994506836,228.67999267578125,23390
2024-08-21 16:30:00+00:00,228.63999938964844,229.4600067138672,228.625,229.05499267578125,23443
2024-08-21 17:30:00+00:00,229.0599975585937,229.6499938964844,228.6600036621093,229.0,39916
2024-08-21 18:30:00+00:00,229.0500030517578,229.384994506836,228.759994506836,229.0,29469
2024-08-21 19:30:00+00:00,228.88999938964844,229.1100006103516,228.52999877929688,229.02999877929688,51849
2024-08-22 13:30:00+00:00,229.1499938964844,230.56500244140625,227.97000122070312,229.25,44768
2024-08-22 14:30:00+00:00,229.1150054931641,230.1600036621093,228.8650054931641,229.0449981689453,30454
2024-08-22 15:30:00+00:00,229.1499938964844,229.8600006103516,229.07000732421875,229.55499267578125,19471
2024-08-22 16:30:00+00:00,229.6625061035156,229.72999572753903,228.4199981689453,229.38999938964844,18873
2024-08-22 17:30:00+00:00,229.2899932861328,230.25,228.88999938964844,230.1000061035156,21824
2024-08-22 18:30:00+00:00,230.1849975585937,230.2899932861328,229.52999877929688,230.2899932861328,33918
2024-08-22 19:30:00+00:00,230.38999938964844,230.5500030517578,229.8000030517578,230.17999267578125,72476
2024-08-23 13:30:00+00:00,231.82000732421875,231.8999938964844,229.97000122070312,231.63999938964844,40881
2024-08-23 14:30:00+00:00,231.75,231.77999877929688,230.2850036621093,231.1600036621093,25225
2024-08-23 15:30:00+00:00,231.0200042724609,231.4900054931641,230.1674041748047,230.5,29346
2024-08-23 16:30:00+00:00,230.63999938964844,230.759994506836,229.6999969482422,230.4499969482422,14052
2024-08-23 17:30:00+00:00,230.5749969482422,230.9199981689453,230.2100982666016,230.27029418945312,23958
2024-08-23 18:30:00+00:00,230.22000122070312,230.6699981689453,230.125,230.6199951171875,29470
2024-08-23 19:30:00+00:00,230.6600036621093,231.1000061035156,230.509994506836,230.759994506836,85556
2024-08-26 13:30:00+00:00,230.88999938964844,232.5599975585937,230.3300018310547,232.5,41997
2024-08-26 14:30:00+00:00,232.6199951171875,233.2400054931641,231.7400054931641,231.94110107421875,59331
2024-08-26 15:30:00+00:00,231.8699951171875,232.0800018310547,231.1000061035156,231.5,37261
2024-08-26 16:30:00+00:00,231.6450042724609,231.82000732421875,231.19000244140625,231.2850036621093,22758
2024-08-26 17:30:00+00:00,231.38999938964844,231.4100036621093,230.47999572753903,230.83999633789065,19224
2024-08-26 18:30:00+00:00,230.8699951171875,231.1999969482422,230.4499969482422,230.5850067138672,28403
2024-08-26 19:30:00+00:00,230.5500030517578,230.72000122070312,229.82000732421875,230.3099975585937,68477
2024-08-27 13:30:00+00:00,230.47000122070312,231.3500061035156,228.5449981689453,230.1199951171875,44469
2024-08-27 14:30:00+00:00,229.99249267578125,230.38999938964844,227.33999633789065,227.4100036621093,39955
2024-08-27 15:30:00+00:00,227.7350006103516,228.56619262695312,227.1199951171875,228.1199951171875,43264
2024-08-27 16:30:00+00:00,227.8099975585937,229.13999938964844,227.7400054931641,229.06500244140625,30923
2024-08-27 17:30:00+00:00,228.97000122070312,229.4900054931641,228.84500122070312,229.375,16450
2024-08-27 18:30:00+00:00,229.3699951171875,230.1000061035156,229.3650054931641,229.63999938964844,21814
2024-08-27 19:30:00+00:00,229.56500244140625,230.25,229.3300018310547,230.25,70686
2024-08-28 13:30:00+00:00,230.2100067138672,231.8000030517578,229.08999633789065,230.8699951171875,27923
2024-08-28 14:30:00+00:00,230.8650054931641,231.4100036621093,230.3600006103516,230.71749877929688,22248
2024-08-28 15:30:00+00:00,230.7100067138672,230.7100067138672,229.6000061035156,229.6000061035156,14732
2024-08-28 16:30:00+00:00,229.65499877929688,230.0500030517578,229.5399932861328,229.5800018310547,12395
2024-08-28 17:30:00+00:00,229.759994506836,229.8699951171875,228.4499969482422,228.4499969482422,14361
2024-08-28 18:30:00+00:00,228.72999572753903,230.0399932861328,228.6100006103516,230.02999877929688,26977
2024-08-28 19:30:00+00:00,230.0,230.97000122070312,229.77999877929688,230.8999938964844,80353
2024-08-29 13:30:00+00:00,230.6999969482422,231.259994506836,229.47000122070312,229.7850036621093,46497
2024-08-29 14:30:00+00:00,230.1699981689453,231.25,229.92999267578125,230.4199981689453,25170
2024-08-29 15:30:00+00:00,230.8099975585937,230.94000244140625,230.1199951171875,230.4100036621093,23090
2024-08-29 16:30:00+00:00,230.6499938964844,231.13999938964844,230.509994506836,230.97000122070312,22676
2024-08-29 17:30:00+00:00,230.88999938964844,231.0500030517578,230.1300048828125,230.3300018310547,27142
2024-08-29 18:30:00+00:00,230.6100006103516,230.7700042724609,229.88999938964844,230.27999877929688,46097
2024-08-29 19:30:00+00:00,230.1699981689453,230.3099975585937,229.4349975585937,229.6999969482422,159459
2024-08-30 13:30:00+00:00,229.8800048828125,231.4499969482422,229.0399932861328,230.38999938964844,22601
2024-08-30 14:30:00+00:00,229.8999938964844,230.13999938964844,228.42999267578125,228.42999267578125,29430
2024-08-30 15:30:00+00:00,228.47000122070312,228.8708953857422,228.1100006103516,228.1100006103516,13965
2024-08-30 16:30:00+00:00,228.1750030517578,229.1300048828125,227.9149932861328,228.6750030517578,11833
2024-08-30 17:30:00+00:00,228.7400054931641,229.60079956054688,228.5399932861328,229.2100067138672,16511
2024-08-30 18:30:00+00:00,229.3600006103516,230.2100067138672,229.259994506836,230.13999938964844,27429
2024-08-30 19:30:00+00:00,230.1499938964844,230.46499633789065,229.4100036621093,229.75,97014
2024-09-03 13:30:00+00:00,229.22000122070312,231.009994506836,228.2400054931641,229.4900054931641,39821
2024-09-03 14:30:00+00:00,229.5850067138672,230.60499572753903,229.4900054931641,229.8300018310547,34693
2024-09-03 15:30:00+00:00,230.0,230.3112945556641,229.6699981689453,229.7749938964844,26335
2024-09-03 16:30:00+00:00,229.7400054931641,230.33999633789065,229.6499938964844,230.33999633789065,11988
2024-09-03 17:30:00+00:00,230.34500122070312,230.5800018310547,229.8500061035156,230.5800018310547,27938
2024-09-03 18:30:00+00:00,230.5800018310547,230.5800018310547,228.92999267578125,229.1499938964844,30964
2024-09-03 19:30:00+00:00,229.1499938964844,229.7400054931641,228.32000732421875,229.6499938964844,88507
2024-09-04 13:30:00+00:00,230.3600006103516,232.19000244140625,230.009994506836,231.2100067138672,36217
2024-09-04 14:30:00+00:00,230.8999938964844,231.2400054931641,229.8300018310547,230.22999572753903,18110
2024-09-04 15:30:00+00:00,229.97000122070312,230.27999877929688,228.8600006103516,229.19500732421875,22069
2024-09-04 16:30:00+00:00,229.1999969482422,229.6600036621093,228.7400054931641,228.81500244140625,18276
2024-09-04 17:30:00+00:00,228.81500244140625,228.81500244140625,228.1600036621093,228.5050048828125,30202
2024-09-04 18:30:00+00:00,228.5500030517578,228.9100036621093,228.44000244140625,228.4900054931641,43028
2024-09-04 19:30:00+00:00,228.6100006103516,228.759994506836,227.8600006103516,227.9900054931641,98702
2024-09-05 13:30:00+00:00,228.0800018310547,228.5050048828125,224.3300018310547,224.82000732421875,55897
2024-09-05 14:30:00+00:00,224.7400054931641,225.52999877929688,224.3600006103516,225.2349395751953,48568
2024-09-05 15:30:00+00:00,225.52999877929688,226.6300048828125,225.3650054931641,226.2899932861328,24371
2024-09-05 16:30:00+00:00,226.1699981689453,227.4550018310547,226.1199951171875,227.4550018310547,19087
2024-09-05 17:30:00+00:00,227.2400054931641,228.5399932861328,226.97999572753903,228.4499969482422,61589
2024-09-05 18:30:00+00:00,228.0399932861328,228.509994506836,227.02999877929688,227.2949981689453,23859
2024-09-05 19:30:00+00:00,227.2949981689453,227.58999633789065,226.8800048828125,227.3000030517578,69479
2024-09-06 13:30:00+00:00,227.3600006103516,229.3350067138672,226.3300018310547,227.509994506836,30205
2024-09-06 14:30:00+00:00,227.6699981689453,229.6999969482422,227.125,227.69500732421875,36297
2024-09-06 15:30:00+00:00,228.0599975585937,228.25,226.67999267578125,226.72000122070312,20836
2024-09-06 16:30:00+00:00,226.8000030517578,227.1100006103516,226.2449951171875,226.38999938964844,25551
2024-09-06 17:30:00+00:00,226.2400054931641,226.4100036621093,225.63999938964844,225.7850036621093,30621
2024-09-06 18:30:00+00:00,225.7250061035156,225.8600006103516,224.8699951171875,225.19000244140625,75505
2024-09-06 19:30:00+00:00,225.19000244140625,225.509994506836,223.8099975585937,224.0200042724609,147160
2024-09-09 13:30:00+00:00,224.3500061035156,227.009994506836,224.3300018310547,225.17999267578125,58333
2024-09-09 14:30:00+00:00,225.4100036621093,226.38999938964844,224.7001037597656,225.22999572753903,105722
2024-09-09 15:30:00+00:00,225.22999572753903,225.4900054931641,224.8600006103516,225.01499938964844,58207
2024-09-09 16:30:00+00:00,225.3099975585937,227.4199981689453,225.2700042724609,227.4199981689453,72816
2024-09-09 17:30:00+00:00,227.22000122070312,228.0399932861328,226.3099975585937,226.5500030517578,47226
2024-09-09 18:30:00+00:00,226.6499938964844,226.8800048828125,225.8300018310547,226.1100006103516,61635
2024-09-09 19:30:00+00:00,226.1100006103516,227.1199951171875,225.7449951171875,226.8300018310547,175754
2024-09-10 13:30:00+00:00,227.25,228.3099975585937,225.56500244140625,226.884994506836,34084
2024-09-10 14:30:00+00:00,226.94000244140625,227.1300048828125,226.18170166015625,226.71499633789065,28029
2024-09-10 15:30:00+00:00,226.71499633789065,226.71499633789065,223.509994506836,224.6450042724609,27412
2024-09-10 16:30:00+00:00,224.42010498046875,224.97999572753903,223.5500030517578,223.9900054931641,31712
2024-09-10 17:30:00+00:00,223.9199981689453,224.02999877929688,221.08999633789065,221.3000030517578,62785
2024-09-10 18:30:00+00:00,221.22999572753903,221.83999633789065,219.2850036621093,219.6649932861328,165740
2024-09-10 19:30:00+00:00,219.6600036621093,221.07000732421875,214.8600006103516,220.32000732421875,306058
2024-09-11 13:30:00+00:00,218.72999572753903,219.0599975585937,213.9100036621093,214.80499267578125,80618
2024-09-11 14:30:00+00:00,214.6000061035156,215.83999633789065,214.44000244140625,215.3999938964844,52025
2024-09-11 15:30:00+00:00,215.22000122070312,215.8699951171875,214.6100006103516,215.3300018310547,41814
2024-09-11 16:30:00+00:00,215.6300048828125,217.57000732421875,215.6300048828125,217.0249938964844,23002
2024-09-11 17:30:00+00:00,217.01499938964844,217.5399932861328,216.1300048828125,216.3699951171875,40420
2024-09-11 18:30:00+00:00,216.3300018310547,217.9100036621093,216.32000732421875,217.8999938964844,57309
2024-09-11 19:30:00+00:00,217.7700042724609,218.7400054931641,217.27999877929688,218.1600036621093,127632
2024-09-12 13:30:00+00:00,217.77999877929688,219.0599975585937,214.9149932861328,216.94500732421875,49348
2024-09-12 14:30:00+00:00,217.3300018310547,217.9900054931641,217.009994506836,217.75,32294
2024-09-12 15:30:00+00:00,217.8999938964844,218.0800018310547,217.0800018310547,217.33999633789065,28998
2024-09-12 16:30:00+00:00,217.3999938964844,218.9499969482422,217.1999969482422,218.5500030517578,26815
2024-09-12 17:30:00+00:00,218.9100036621093,220.3099975585937,218.9100036621093,219.71499633789065,38594
2024-09-12 18:30:00+00:00,219.8000030517578,220.2700042724609,219.4499969482422,219.9499969482422,57034
2024-09-12 19:30:00+00:00,219.9100036621093,220.8300018310547,219.22000122070312,220.13999938964844,258937
2024-09-13 13:30:00+00:00,220.4499969482422,223.2899932861328,220.4199981689453,222.52999877929688,43345
2024-09-13 14:30:00+00:00,222.47000122070312,222.8199005126953,221.6600952148437,221.8950042724609,43036
2024-09-13 15:30:00+00:00,221.884994506836,222.92999267578125,221.884994506836,222.72999572753903,30639
2024-09-13 16:30:00+00:00,222.6100006103516,222.7400054931641,222.22000122070312,222.3350067138672,35092
2024-09-13 17:30:00+00:00,222.4600067138672,222.509994506836,220.94500732421875,221.02999877929688,47723
2024-09-13 18:30:00+00:00,221.02999877929688,221.8000030517578,220.9058990478516,221.1699981689453,53065
2024-09-13 19:30:00+00:00,221.27490234375,221.67999267578125,220.3800048828125,221.0800018310547,78233
2024-09-16 13:30:00+00:00,222.3800048828125,225.0399932861328,222.30499267578125,224.49249267578125,64909
2024-09-16 14:30:00+00:00,224.4499969482422,225.5,224.3099975585937,224.7700042724609,61227
2024-09-16 15:30:00+00:00,224.75,225.57000732421875,224.5843963623047,224.6600036621093,45168
2024-09-16 16:30:00+00:00,224.71499633789065,225.6100006103516,224.5399932861328,225.47999572753903,46111
2024-09-16 17:30:00+00:00,225.2899932861328,225.32000732421875,224.8099975585937,224.84500122070312,41483
2024-09-16 18:30:00+00:00,224.83999633789065,226.13999938964844,224.83999633789065,225.94000244140625,89365
2024-09-16 19:30:00+00:00,226.07000732421875,226.5,225.6999969482422,225.7700042724609,128661
2024-09-17 13:30:00+00:00,226.38999938964844,228.7400054931641,226.1100006103516,228.6000061035156,85726
2024-09-17 14:30:00+00:00,228.4499969482422,229.02999877929688,227.9199981689453,227.9900054931641,60458
2024-09-17 15:30:00+00:00,228.0749969482422,229.1300048828125,228.0399932861328,228.0800018310547,55382
2024-09-17 16:30:00+00:00,228.05499267578125,228.05499267578125,226.0449981689453,226.8249969482422,47809
2024-09-17 17:30:00+00:00,226.81500244140625,226.8500061035156,225.97999572753903,226.5800018310547,44727
2024-09-17 18:30:00+00:00,226.5749969482422,227.13999938964844,226.27999877929688,227.02999877929688,90139
2024-09-17 19:30:00+00:00,227.0200042724609,227.3000030517578,226.32000732421875,227.1000061035156,134121
2024-09-18 13:30:00+00:00,226.6300048828125,229.6199951171875,226.58999633789065,228.22999572753903,55392
2024-09-18 14:30:00+00:00,228.0200042724609,228.4149932861328,227.4575042724609,227.8099975585937,37046
2024-09-18 15:30:00+00:00,227.6699981689453,228.009994506836,226.8249969482422,227.3950042724609,40723
2024-09-18 16:30:00+00:00,227.2601013183593,227.8950042724609,227.13999938964844,227.75,36863
2024-09-18 17:30:00+00:00,227.8300018310547,230.21499633789065,227.69000244140625,228.67999267578125,48154
2024-09-18 18:30:00+00:00,228.94000244140625,229.3699951171875,227.52999877929688,228.3699951171875,74303
2024-09-18 19:30:00+00:00,228.3999938964844,228.69000244140625,226.88999938964844,227.22000122070312,130577
2024-09-19 13:30:00+00:00,228.58999633789065,229.0599975585937,225.32000732421875,225.7700042724609,44215
2024-09-19 14:30:00+00:00,225.9900054931641,226.6300048828125,224.94000244140625,224.94000244140625,45422
2024-09-19 15:30:00+00:00,224.8999938964844,225.4100036621093,224.0500030517578,225.3249969482422,48987
2024-09-19 16:30:00+00:00,225.3249969482422,225.67999267578125,224.9750061035156,225.47000122070312,34606
2024-09-19 17:30:00+00:00,225.3000030517578,225.5449981689453,223.83999633789065,225.32000732421875,68383
2024-09-19 18:30:00+00:00,225.4900054931641,226.17999267578125,225.0,225.759994506836,95434
2024-09-19 19:30:00+00:00,225.82000732421875,225.97999572753903,224.47000122070312,224.5800018310547,129249
2024-09-20 13:30:00+00:00,223.3800048828125,224.1750030517578,220.634994506836,220.6699981689453,112148
2024-09-20 14:30:00+00:00,220.4900054931641,221.4100036621093,220.3099975585937,220.88999938964844,46115
2024-09-20 15:30:00+00:00,220.8699951171875,221.509994506836,220.52999877929688,221.4750061035156,47614
2024-09-20 16:30:00+00:00,221.4600067138672,221.97999572753903,221.17999267578125,221.7449951171875,49129
2024-09-20 17:30:00+00:00,221.8099975585937,222.0599975585937,221.2100067138672,221.2100067138672,29915
2024-09-20 18:30:00+00:00,221.1600036621093,221.6499938964844,220.6000061035156,221.5525054931641,73396
2024-09-20 19:30:00+00:00,221.5500030517578,222.4225006103516,221.2899932861328,222.1699981689453,164612
2024-09-23 13:30:00+00:00,224.1999969482422,224.97999572753903,222.5500030517578,222.9850006103516,61747
2024-09-23 14:30:00+00:00,223.4900054931641,223.6600036621093,222.875,223.1699981689453,70100
2024-09-23 15:30:00+00:00,223.2700042724609,224.2250061035156,223.134994506836,224.1100006103516,33047
2024-09-23 16:30:00+00:00,223.97999572753903,225.0200042724609,223.82000732421875,223.82000732421875,33985
2024-09-23 17:30:00+00:00,223.7700042724609,224.9900054931641,223.610107421875,224.8800048828125,36892
2024-09-23 18:30:00+00:00,225.0039978027344,225.2100067138672,224.759994506836,224.8099975585937,43254
2024-09-23 19:30:00+00:00,224.8249969482422,224.97000122070312,224.2700042724609,224.759994506836,87897
2024-09-24 13:30:00+00:00,224.22000122070312,224.22000122070312,221.3699951171875,222.17999267578125,55364
2024-09-24 14:30:00+00:00,222.1199951171875,222.4499969482422,221.1100006103516,221.1199951171875,25854
2024-09-24 15:30:00+00:00,221.1150054931641,221.6100006103516,220.1000061035156,220.2100067138672,29392
2024-09-24 16:30:00+00:00,220.4600067138672,220.8500061035156,220.3099975585937,220.5249938964844,19785
2024-09-24 17:30:00+00:00,220.44000244140625,220.5050048828125,219.72999572753903,220.0800018310547,28281
2024-09-24 18:30:00+00:00,220.0800018310547,221.25,219.8600006103516,221.1625061035156,50621
2024-09-24 19:30:00+00:00,221.13999938964844,221.259994506836,220.47000122070312,220.5599975585937,88855
2024-09-25 13:30:00+00:00,221.2899932861328,221.2899932861328,219.0850067138672,219.8500061035156,36935
2024-09-25 14:30:00+00:00,219.7899932861328,219.9499969482422,218.6000061035156,219.09500122070312,41735
2024-09-25 15:30:00+00:00,219.0200042724609,219.5200042724609,218.8699951171875,219.34500122070312,29468
2024-09-25 16:30:00+00:00,219.35499572753903,220.009994506836,219.3538055419922,219.47000122070312,22438
2024-09-25 17:30:00+00:00,219.47000122070312,220.4100036621093,219.25010681152344,219.305892944336,35359
2024-09-25 18:30:00+00:00,219.42999267578125,219.7050018310547,218.8000030517578,219.0800018310547,29325
2024-09-25 19:30:00+00:00,219.07000732421875,219.07000732421875,217.67999267578125,218.47999572753903,135581
2024-09-26 13:30:00+00:00,218.5,222.17999267578125,218.5,220.2899932861328,66219
2024-09-26 14:30:00+00:00,220.5200042724609,221.4600067138672,220.32000732421875,220.3999938964844,32967
2024-09-26 15:30:00+00:00,220.22000122070312,220.4250030517578,218.8300018310547,219.5,288741
2024-09-26 16:30:00+00:00,219.759994506836,220.3699951171875,219.4900054931641,220.125,15773
2024-09-26 17:30:00+00:00,220.1600036621093,220.3300018310547,219.2550048828125,219.6499938964844,38117
2024-09-26 18:30:00+00:00,219.5500030517578,220.5500030517578,219.5500030517578,219.714096069336,59308
2024-09-26 19:30:00+00:00,219.72000122070312,220.67999267578125,219.47000122070312,220.2700042724609,122139
2024-09-27 13:30:00+00:00,221.6699981689453,223.32000732421875,219.8800048828125,223.2050018310547,74289
2024-09-27 14:30:00+00:00,223.0,224.7400054931641,222.72999572753903,224.6300048828125,73545
2024-09-27 15:30:00+00:00,224.7700042724609,225.4850006103516,222.6699981689453,222.6699981689453,45056
2024-09-27 16:30:00+00:00,222.8800048828125,222.884994506836,222.3249969482422,222.76499938964844,20112
2024-09-27 17:30:00+00:00,222.7700042724609,223.2700042724609,222.5800018310547,222.6699981689453,21919
2024-09-27 18:30:00+00:00,222.5,223.1999969482422,222.2899932861328,222.88999938964844,39495
2024-09-27 19:30:00+00:00,222.8999938964844,223.2700042724609,222.07000732421875,222.08999633789065,81523
2024-09-30 13:30:00+00:00,223.009994506836,223.88999938964844,221.0,222.2700042724609,45072
2024-09-30 14:30:00+00:00,222.25,222.8800048828125,222.2050018310547,222.2350006103516,30453
2024-09-30 15:30:00+00:00,222.1699981689453,222.97999572753903,222.13999938964844,222.63999938964844,34917
2024-09-30 16:30:00+00:00,222.6699981689453,222.75,222.1699981689453,222.7449951171875,20974
2024-09-30 17:30:00+00:00,222.63999938964844,222.9499969482422,221.5399932861328,222.0050048828125,36839
2024-09-30 18:30:00+00:00,222.0500030517578,223.1100006103516,221.9600067138672,222.7700042724609,46434
2024-09-30 19:30:00+00:00,222.7700042724609,223.83999633789065,222.7700042724609,223.42999267578125,110054
2024-10-01 13:30:00+00:00,222.8000030517578,223.77999877929688,219.3099975585937,220.6000061035156,37121
2024-10-01 14:30:00+00:00,221.08999633789065,221.52999877929688,220.2478942871093,221.509994506836,33211
2024-10-01 15:30:00+00:00,221.3099975585937,221.4199981689453,220.3600006103516,220.5399932861328,16729
2024-10-01 16:30:00+00:00,220.47000122070312,221.009994506836,219.7899932861328,219.9850006103516,16459
2024-10-01 17:30:00+00:00,219.9100036621093,220.2449951171875,219.58999633789065,220.2449951171875,19141
2024-10-01 18:30:00+00:00,220.2449951171875,220.38999938964844,219.6649932861328,219.9600067138672,28350
2024-10-01 19:30:00+00:00,220.0800018310547,220.17990112304688,219.17999267578125,219.1999969482422,58365
2024-10-02 13:30:00+00:00,219.6100006103516,219.6100006103516,217.5,218.375,26055
2024-10-02 14:30:00+00:00,218.35499572753903,219.6199951171875,218.1600036621093,219.6199951171875,24663
2024-10-02 15:30:00+00:00,219.4100036621093,219.94000244140625,218.42010498046875,218.92999267578125,19948
2024-10-02 16:30:00+00:00,218.92999267578125,219.02999877929688,218.38999938964844,219.02999877929688,18030
2024-10-02 17:30:00+00:00,219.1600036621093,219.472396850586,218.6000061035156,218.6000061035156,19853
2024-10-02 18:30:00+00:00,218.8099975585937,219.44500732421875,218.759994506836,218.9499969482422,44688
2024-10-02 19:30:00+00:00,218.97000122070312,219.2350006103516,218.83999633789065,219.08999633789065,54694
2024-10-03 13:30:00+00:00,218.6000061035156,219.3099975585937,217.0749969482422,217.5399932861328,31050
2024-10-03 14:30:00+00:00,217.1600036621093,217.97999572753903,217.0500030517578,217.57000732421875,23324
2024-10-03 15:30:00+00:00,217.7700042724609,218.15499877929688,217.5850067138672,217.6199951171875,15848
2024-10-03 16:30:00+00:00,217.5249938964844,217.5249938964844,216.17999267578125,216.30499267578125,20426
2024-10-03 17:30:00+00:00,216.3000030517578,216.9750061035156,216.07000732421875,216.42999267578125,27790
2024-10-03 18:30:00+00:00,216.3000030517578,216.3000030517578,215.4934997558593,215.4934997558593,30192
2024-10-03 19:30:00+00:00,215.59500122070312,215.6499938964844,214.759994506836,215.1000061035156,116796
2024-10-04 13:30:00+00:00,215.97000122070312,216.6300048828125,213.82000732421875,214.9974975585937,27402
2024-10-04 14:30:00+00:00,214.84979248046875,215.6150054931641,214.0,214.8724975585937,21060
2024-10-04 15:30:00+00:00,214.85499572753903,215.5200042724609,214.6945953369141,214.9149932861328,18579
2024-10-04 16:30:00+00:00,214.8800048828125,216.009994506836,214.8800048828125,215.75,20966
2024-10-04 17:30:00+00:00,215.75,215.75,214.63999938964844,214.9250030517578,20926
2024-10-04 18:30:00+00:00,214.9100036621093,215.8209991455078,214.9100036621093,215.63999938964844,28962
2024-10-04 19:30:00+00:00,215.5200042724609,216.4149932861328,215.4900054931641,215.9100036621093,107288
2024-10-07 13:30:00+00:00,214.759994506836,215.81500244140625,213.26719665527344,214.2350006103516,35959
2024-10-07 14:30:00+00:00,213.9600067138672,214.33990478515625,212.97999572753903,213.08999633789065,38353
2024-10-07 15:30:00+00:00,213.08999633789065,213.6300048828125,212.75,213.6300048828125,37019
2024-10-07 16:30:00+00:00,213.50889587402344,213.6300048828125,212.9100036621093,213.1699981689453,18099
2024-10-07 17:30:00+00:00,212.9900054931641,213.1000061035156,212.1499938964844,212.1699981689453,33619
2024-10-07 18:30:00+00:00,212.259994506836,212.27999877929688,211.759994506836,211.9550018310547,32127
2024-10-07 19:30:00+00:00,211.9499969482422,212.5478973388672,211.4900054931641,212.0850067138672,98060
2024-10-08 13:30:00+00:00,212.75,214.09500122070312,211.27999877929688,211.34500122070312,32292
2024-10-08 14:30:00+00:00,211.6499938964844,213.0599975585937,211.6450042724609,213.0,55321
2024-10-08 15:30:00+00:00,212.82569885253903,213.33999633789065,212.6499938964844,213.2301025390625,16154
2024-10-08 16:30:00+00:00,213.4600067138672,213.5500030517578,211.9199981689453,212.25,24144
2024-10-08 17:30:00+00:00,212.1600036621093,212.6699981689453,212.1600036621093,212.44189453125,16450
2024-10-08 18:30:00+00:00,212.4900054931641,213.22999572753903,211.6750030517578,212.3500061035156,26065
2024-10-08 19:30:00+00:00,212.4600067138672,213.259994506836,212.4600067138672,212.63999938964844,62329
2024-10-09 13:30:00+00:00,213.3500061035156,214.2373046875,212.83999633789065,213.0500030517578,50436
2024-10-09 14:30:00+00:00,213.251205444336,213.98159790039065,212.8000030517578,213.9600067138672,18926
2024-10-09 15:30:00+00:00,214.0,215.4900054931641,214.0,214.97000122070312,23082
2024-10-09 16:30:00+00:00,214.8600006103516,214.9100036621093,214.1849975585937,214.7550048828125,30662
2024-10-09 17:30:00+00:00,214.6000061035156,214.60499572753903,213.5500030517578,213.7050018310547,39584
2024-10-09 18:30:00+00:00,213.5500030517578,215.3600006103516,213.3999938964844,215.2449951171875,53413
2024-10-09 19:30:00+00:00,215.26499938964844,215.9900054931641,215.19000244140625,215.5,112110
2024-10-10 13:30:00+00:00,215.5,215.9850006103516,214.4199981689453,214.4199981689453,35632
2024-10-10 14:30:00+00:00,214.69000244140625,215.5399932861328,214.5800018310547,214.9900054931641,36152
2024-10-10 15:30:00+00:00,215.07000732421875,215.2400054931641,214.1300048828125,214.7250061035156,33315
2024-10-10 16:30:00+00:00,214.7350006103516,215.07000732421875,213.6999969482422,213.8800048828125,32752
2024-10-10 17:30:00+00:00,214.218002319336,215.22000122070312,214.218002319336,215.1450042724609,25948
2024-10-10 18:30:00+00:00,215.09500122070312,215.47999572753903,214.2899932861328,215.0350036621093,84470
2024-10-10 19:30:00+00:00,215.0,215.5500030517578,214.8099975585937,214.8999938964844,107671
2024-10-11 13:30:00+00:00,215.47999572753903,217.47000122070312,215.4349975585937,216.5500030517578,49003
2024-10-11 14:30:00+00:00,216.3099975585937,216.8699951171875,215.97000122070312,216.47999572753903,28090
2024-10-11 15:30:00+00:00,216.3099975585937,216.69000244140625,215.5,215.8300018310547,50956
2024-10-11 16:30:00+00:00,215.8999938964844,215.9499969482422,215.4349975585937,215.8000030517578,28447
2024-10-11 17:30:00+00:00,215.7100067138672,216.5,215.58999633789065,216.1000061035156,30753
2024-10-11 18:30:00+00:00,216.19000244140625,216.9600067138672,216.0,216.2700042724609,53445
2024-10-11 19:30:00+00:00,216.31500244140625,216.7550048828125,216.17999267578125,216.3600006103516,90783
2024-10-14 13:30:00+00:00,216.72999572753903,217.6600036621093,215.69000244140625,216.6300048828125,31534
2024-10-14 14:30:00+00:00,216.46499633789065,217.7400054931641,216.25,217.5625,31786
2024-10-14 15:30:00+00:00,217.5399932861328,217.6000061035156,216.85499572753903,217.125,25908
2024-10-14 16:30:00+00:00,217.1499938964844,217.6100006103516,216.82000732421875,217.0,18711
2024-10-14 17:30:00+00:00,216.9100036621093,216.9949951171875,216.1000061035156,216.5599975585937,28551
2024-10-14 18:30:00+00:00,216.5399932861328,217.02999877929688,216.4349975585937,216.9199981689453,43852
2024-10-14 19:30:00+00:00,216.92100524902344,217.19000244140625,216.7700042724609,216.8500061035156,65728
2024-10-15 13:30:00+00:00,216.8300018310547,220.1100006103516,215.96499633789065,219.6199951171875,59223
2024-10-15 14:30:00+00:00,219.5500030517578,220.1999969482422,218.92999267578125,219.6600036621093,69015
2024-10-15 15:30:00+00:00,219.88999938964844,219.94500732421875,219.38999938964844,219.94000244140625,32346
2024-10-15 16:30:00+00:00,219.77999877929688,219.8600006103516,219.0599975585937,219.0850067138672,19575
2024-10-15 17:30:00+00:00,218.9600067138672,219.13999938964844,217.8600006103516,217.96499633789065,35782
2024-10-15 18:30:00+00:00,217.96499633789065,218.0399932861328,217.3000030517578,217.3000030517578,46936
2024-10-15 19:30:00+00:00,217.3300018310547,217.6100006103516,216.58999633789065,216.6999969482422,78340
2024-10-16 13:30:00+00:00,216.0,218.6450042724609,215.8300018310547,217.4499969482422,31181
2024-10-16 14:30:00+00:00,217.44000244140625,217.6199951171875,215.8600006103516,215.8600006103516,26144
2024-10-16 15:30:00+00:00,215.8000030517578,216.2050018310547,215.50010681152344,216.2050018310547,24600
2024-10-16 16:30:00+00:00,216.2100067138672,216.31500244140625,215.46499633789065,215.57000732421875,36395
2024-10-16 17:30:00+00:00,215.5028076171875,216.61990356445312,215.3099975585937,216.2749938964844,50044
2024-10-16 18:30:00+00:00,216.19500732421875,216.2700042724609,215.5500030517578,215.84500122070312,44585
2024-10-16 19:30:00+00:00,215.84500122070312,216.94000244140625,215.84500122070312,216.8300018310547,81532
2024-10-17 13:30:00+00:00,217.33999633789065,217.33999633789065,214.77999877929688,215.1450042724609,42719
2024-10-17 14:30:00+00:00,214.7700042724609,215.8950042724609,214.3600006103516,215.32000732421875,21346
2024-10-17 15:30:00+00:00,215.3999938964844,215.634994506836,214.67999267578125,215.0399932861328,18956
2024-10-17 16:30:00+00:00,214.92999267578125,215.2899932861328,214.7400054931641,214.9199981689453,16493
2024-10-17 17:30:00+00:00,214.81500244140625,214.8999938964844,214.1300048828125,214.1300048828125,22687
2024-10-17 18:30:00+00:00,214.1100006103516,215.125,214.0,215.0850067138672,28326
2024-10-17 19:30:00+00:00,215.0599975585937,215.5500030517578,214.6600036621093,215.1300048828125,94591
2024-10-18 13:30:00+00:00,215.88999938964844,215.88999938964844,213.3701019287109,214.7449951171875,41841
2024-10-18 14:30:00+00:00,214.8300018310547,214.9600067138672,214.2400054931641,214.55499267578125,20867
2024-10-18 15:30:00+00:00,214.32000732421875,216.1999969482422,214.32000732421875,216.0249938964844,23180
2024-10-18 16:30:00+00:00,215.759994506836,216.1100006103516,215.47999572753903,216.02999877929688,17801
2024-10-18 17:30:00+00:00,215.9349975585937,216.17999267578125,215.509994506836,216.1100006103516,30710
2024-10-18 18:30:00+00:00,216.1100006103516,216.3769989013672,214.9100036621093,215.1999969482422,41741
2024-10-18 19:30:00+00:00,215.2100067138672,216.0500030517578,215.0,215.75,81000
2024-10-21 13:30:00+00:00,215.759994506836,216.759994506836,213.8099975585937,214.009994506836,79485
2024-10-21 14:30:00+00:00,213.82000732421875,214.6499938964844,213.5800018310547,213.5800018310547,41610
2024-10-21 15:30:00+00:00,213.42999267578125,214.25,212.97000122070312,214.1499938964844,52121
2024-10-21 16:30:00+00:00,214.1600036621093,215.634994506836,213.9499969482422,215.57000732421875,75448
2024-10-21 17:30:00+00:00,215.57000732421875,215.92999267578125,214.27999877929688,214.3600006103516,64215
2024-10-21 18:30:00+00:00,214.3600006103516,214.3600006103516,213.2250061035156,213.6300048828125,89842
2024-10-21 19:30:00+00:00,213.6300048828125,214.9199981689453,213.4100036621093,214.0399932861328,198781
2024-10-22 13:30:00+00:00,213.8099975585937,222.7700042724609,212.4499969482422,217.9199981689453,208465
2024-10-22 14:30:00+00:00,217.9600067138672,220.1515045166016,216.8999938964844,219.69900512695312,78916
2024-10-22 15:30:00+00:00,219.9149932861328,220.509994506836,219.47999572753903,220.4850006103516,71625
2024-10-22 16:30:00+00:00,220.4949951171875,221.1600036621093,220.4100036621093,220.8699951171875,60164
2024-10-22 17:30:00+00:00,220.8500061035156,221.0,219.8300018310547,220.47999572753903,65161
2024-10-22 18:30:00+00:00,220.625,221.1300048828125,220.07000732421875,220.4349975585937,81106
2024-10-22 19:30:00+00:00,220.4349975585937,221.02999877929688,220.0599975585937,220.5200042724609,155912
2024-10-23 13:30:00+00:00,220.6699981689453,226.44000244140625,220.3249969482422,223.7431030273437,251114
2024-10-23 14:30:00+00:00,223.71499633789065,223.82000732421875,219.9900054931641,221.5200042724609,147973
2024-10-23 15:30:00+00:00,221.3500061035156,222.40499877929688,221.2850036621093,221.5800018310547,118972
2024-10-23 16:30:00+00:00,221.6499938964844,221.97000122070312,221.08999633789065,221.3099975585937,80413
2024-10-23 17:30:00+00:00,221.29249572753903,221.82000732421875,220.7745056152344,221.42999267578125,138733
2024-10-23 18:30:00+00:00,221.4499969482422,222.2899932861328,221.13999938964844,222.1600036621093,146384
2024-10-23 19:30:00+00:00,222.2100067138672,222.25,219.1600036621093,219.1999969482422,276535
2024-10-24 13:30:00+00:00,225.5500030517578,237.52999877929688,222.75,236.57000732421875,435081
2024-10-24 14:30:00+00:00,236.81500244140625,239.5,233.75,234.40499877929688,244966
2024-10-24 15:30:00+00:00,234.40499877929688,234.77999877929688,233.2250061035156,233.488998413086,90136
2024-10-24 16:30:00+00:00,233.8500061035156,234.6300048828125,231.9349975585937,231.9349975585937,65588
2024-10-24 17:30:00+00:00,231.6000061035156,231.6000061035156,227.2100067138672,228.81500244140625,139842
2024-10-24 18:30:00+00:00,228.9499969482422,230.83999633789065,227.9900054931641,229.2400054931641,147365
2024-10-24 19:30:00+00:00,229.1300048828125,230.2899932861328,228.9600067138672,230.13999938964844,253594
2024-10-25 13:30:00+00:00,229.27999877929688,231.57000732421875,229.0200042724609,231.009994506836,127720
2024-10-25 14:30:00+00:00,230.9499969482422,231.58999633789065,230.1000061035156,230.259994506836,83468
2024-10-25 15:30:00+00:00,230.3699951171875,231.0800018310547,230.1600036621093,230.55499267578125,59152
2024-10-25 16:30:00+00:00,230.7100067138672,230.8000030517578,229.7400054931641,229.96499633789065,54315
2024-10-25 17:30:00+00:00,229.9550018310547,230.0599975585937,228.2250061035156,228.3800048828125,95388
2024-10-25 18:30:00+00:00,228.3500061035156,228.6100006103516,227.2454071044922,228.2350006103516,82404
2024-10-25 19:30:00+00:00,228.22999572753903,229.759994506836,228.1849975585937,228.72000122070312,200408
2024-10-28 13:30:00+00:00,230.25,230.4100036621093,226.9900054931641,228.5,67812
2024-10-28 14:30:00+00:00,228.17999267578125,228.4100036621093,227.2769927978516,227.88999938964844,34891
2024-10-28 15:30:00+00:00,227.6499938964844,227.6499938964844,225.82000732421875,226.1199951171875,44137
2024-10-28 16:30:00+00:00,226.1300048828125,226.72999572753903,226.0500030517578,226.58999633789065,75909
2024-10-28 17:30:00+00:00,226.47999572753903,226.5200042724609,225.3699951171875,226.0200042724609,71075
2024-10-28 18:30:00+00:00,226.0800018310547,227.26499938964844,225.9600067138672,226.9499969482422,84866
2024-10-28 19:30:00+00:00,226.8999938964844,227.4199981689453,226.6499938964844,227.3999938964844,160952
2024-10-29 13:30:00+00:00,225.72000122070312,228.9100036621093,225.6600036621093,228.26499938964844,76243
2024-10-29 14:30:00+00:00,228.3300018310547,229.1600036621093,228.0599975585937,228.4149932861328,84306
2024-10-29 15:30:00+00:00,228.4349975585937,229.5399932861328,228.4349975585937,229.259994506836,35088
2024-10-29 16:30:00+00:00,229.2350006103516,230.47999572753903,228.9900054931641,229.3099975585937,43813
2024-10-29 17:30:00+00:00,229.38999938964844,229.38999938964844,227.83999633789065,228.19000244140625,62793
2024-10-29 18:30:00+00:00,228.1849975585937,228.5599975585937,227.6932067871093,228.0850067138672,51526
2024-10-29 19:30:00+00:00,228.08999633789065,228.4100036621093,227.8500061035156,228.1300048828125,156117
2024-10-30 13:30:00+00:00,229.67999267578125,230.92999267578125,228.1573028564453,229.77999877929688,70941
2024-10-30 14:30:00+00:00,229.77999877929688,230.13999938964844,229.0500030517578,229.83999633789065,60904
2024-10-30 15:30:00+00:00,229.83999633789065,230.44500732421875,229.1000061035156,229.47999572753903,36549
2024-10-30 16:30:00+00:00,229.47000122070312,230.5599975585937,229.47000122070312,230.1999969482422,37065
2024-10-30 17:30:00+00:00,230.21499633789065,231.9199981689453,229.92999267578125,231.13999938964844,62092
2024-10-30 18:30:00+00:00,231.1600036621093,231.1600036621093,230.1600036621093,230.4900054931641,56591
2024-10-30 19:30:00+00:00,230.5500030517578,231.4600067138672,230.3999938964844,230.58999633789065,200900
2024-10-31 13:30:00+00:00,230.0399932861328,231.69900512695312,228.5,230.875,43458
2024-10-31 14:30:00+00:00,230.6999969482422,231.02999877929688,228.08999633789065,228.37359619140625,56919
2024-10-31 15:30:00+00:00,228.509994506836,229.509994506836,228.34500122070312,228.8300018310547,32321
2024-10-31 16:30:00+00:00,228.77999877929688,229.1100006103516,228.4100036621093,228.4100036621093,31906
2024-10-31 17:30:00+00:00,228.3999938964844,228.3999938964844,227.72999572753903,228.2079925537109,31907
2024-10-31 18:30:00+00:00,228.1699981689453,228.9100036621093,227.68960571289065,228.9100036621093,46281
2024-10-31 19:30:00+00:00,228.88999938964844,229.0800018310547,228.19500732421875,228.2700042724609,177944
2024-11-01 13:30:00+00:00,229.5,231.509994506836,229.2700042724609,230.3999938964844,80246
2024-11-01 14:30:00+00:00,230.2030029296875,230.5200042724609,228.82000732421875,229.5500030517578,77456
2024-11-01 15:30:00+00:00,229.6199951171875,230.5500030517578,228.9349975585937,229.10499572753903,56782
2024-11-01 16:30:00+00:00,229.1199951171875,229.759994506836,228.3000030517578,228.3000030517578,57485
2024-11-01 17:30:00+00:00,228.3300018310547,228.4499969482422,227.3999938964844,228.3699951171875,50945
2024-11-01 18:30:00+00:00,228.3999938964844,228.7899932861328,227.3000030517578,227.4499969482422,62169
2024-11-01 19:30:00+00:00,227.52999877929688,228.07000732421875,227.0800018310547,227.1199951171875,130663
2024-11-04 14:30:00+00:00,227.4199981689453,229.6000061035156,226.7400054931641,229.0800018310547,33455
2024-11-04 15:30:00+00:00,228.8500061035156,229.6199951171875,227.072998046875,227.072998046875,46318
2024-11-04 16:30:00+00:00,227.0,227.0,225.6199951171875,226.5619964599609,37865
2024-11-04 17:30:00+00:00,226.4600067138672,226.8500061035156,226.19500732421875,226.44000244140625,34781
2024-11-04 18:30:00+00:00,226.3807067871093,227.17999267578125,226.17999267578125,226.9225006103516,29416
2024-11-04 19:30:00+00:00,226.8650054931641,227.7899932861328,226.8650054931641,227.2700042724609,53003
2024-11-04 20:30:00+00:00,227.07000732421875,227.42999267578125,226.94000244140625,227.2100067138672,93599
2024-11-05 14:30:00+00:00,226.02999877929688,226.88999938964844,224.63999938964844,226.5200042724609,30041
2024-11-05 15:30:00+00:00,226.4499969482422,227.42999267578125,226.4199981689453,227.1100006103516,37972
2024-11-05 16:30:00+00:00,227.17999267578125,228.3800048828125,227.1600036621093,228.134994506836,31905
2024-11-05 17:30:00+00:00,228.0500030517578,229.0200042724609,228.0500030517578,229.009994506836,17995
2024-11-05 18:30:00+00:00,229.0599975585937,229.8500061035156,228.5599975585937,228.85499572753903,35936
2024-11-05 19:30:00+00:00,228.8600006103516,229.32000732421875,228.08999633789065,229.1600036621093,53827
2024-11-05 20:30:00+00:00,229.3500061035156,229.60330200195312,228.5599975585937,229.22999572753903,119308
2024-11-06 14:30:00+00:00,230.0200042724609,232.82000732421875,228.17999267578125,229.6100006103516,65227
2024-11-06 15:30:00+00:00,229.25,232.75,228.8300018310547,232.6999969482422,46249
2024-11-06 16:30:00+00:00,232.5,232.82000732421875,231.0500030517578,231.7100067138672,38193
2024-11-06 17:30:00+00:00,231.83999633789065,233.1600036621093,231.8099975585937,233.1600036621093,39706
2024-11-06 18:30:00+00:00,233.0800018310547,233.72000122070312,233.0399932861328,233.4199981689453,47235
2024-11-06 19:30:00+00:00,233.4100036621093,234.3699951171875,233.07000732421875,234.00250244140625,68449
2024-11-06 20:30:00+00:00,234.0825042724609,234.6300048828125,233.82000732421875,234.3600006103516,147772
2024-11-07 14:30:00+00:00,235.0,235.0800018310547,233.75,234.2050018310547,46868
2024-11-07 15:30:00+00:00,234.35499572753903,235.69000244140625,234.2350006103516,234.81900024414065,27076
2024-11-07 16:30:00+00:00,234.8099975585937,236.5,234.47000122070312,235.63999938964844,62214
2024-11-07 17:30:00+00:00,235.55929565429688,236.1999969482422,235.3999938964844,235.65499877929688,22705
2024-11-07 18:30:00+00:00,235.52999877929688,237.8999938964844,235.5249938964844,237.8999938964844,49956
2024-11-07 19:30:00+00:00,237.7449951171875,239.47000122070312,237.7449951171875,239.2700042724609,99491
2024-11-07 20:30:00+00:00,239.32000732421875,240.38999938964844,239.02999877929688,239.1600036621093,269348
2024-11-08 14:30:00+00:00,239.77999877929688,241.22999572753903,237.9600067138672,240.5500030517578,83594
2024-11-08 15:30:00+00:00,240.4250030517578,241.8300018310547,240.3950042724609,241.1499938964844,55557
2024-11-08 16:30:00+00:00,241.19000244140625,242.08999633789065,241.0,241.7100067138672,49059
2024-11-08 17:30:00+00:00,241.8099975585937,241.8099975585937,240.92469787597656,241.4199981689453,36519
2024-11-08 18:30:00+00:00,241.35499572753903,242.8300018310547,241.22999572753903,242.77999877929688,53734
2024-11-08 19:30:00+00:00,242.8000030517578,243.4499969482422,242.3699951171875,242.92999267578125,105865
2024-11-08 20:30:00+00:00,242.9600067138672,243.77999877929688,242.3800048828125,242.44000244140625,287917
2024-11-11 14:30:00+00:00,243.47000122070312,247.9900054931641,243.47000122070312,244.94000244140625,105388
2024-11-11 15:30:00+00:00,244.8000030517578,246.8300018310547,244.7100067138672,246.8300018310547,62881
2024-11-11 16:30:00+00:00,246.77999877929688,247.52999877929688,245.8603057861328,245.9100036621093,40269
2024-11-11 17:30:00+00:00,245.92999267578125,246.4349975585937,245.25,245.5350036621093,40236
2024-11-11 18:30:00+00:00,245.5399932861328,245.7700042724609,244.21749877929688,244.44000244140625,64668
2024-11-11 19:30:00+00:00,244.3699951171875,244.5850067138672,243.02999877929688,243.5500030517578,52130
2024-11-11 20:30:00+00:00,243.5500030517578,244.3800048828125,243.1100006103516,243.9199981689453,152101
2024-11-12 14:30:00+00:00,242.9900054931641,244.9100036621093,242.9900054931641,244.4600067138672,42903
2024-11-12 15:30:00+00:00,244.3950042724609,244.9100036621093,244.0364990234375,244.4499969482422,39974
2024-11-12 16:30:00+00:00,244.4900054931641,244.58999633789065,243.9499969482422,244.26499938964844,36318
2024-11-12 17:30:00+00:00,244.38999938964844,245.22000122070312,244.1300048828125,245.22000122070312,68352
2024-11-12 18:30:00+00:00,245.1999969482422,246.009994506836,245.0,245.25,56459
2024-11-12 19:30:00+00:00,245.1000061035156,246.9600067138672,244.9584045410156,245.9100036621093,103163
2024-11-12 20:30:00+00:00,245.8300018310547,245.88999938964844,244.22000122070312,244.27999877929688,201693
2024-11-13 14:30:00+00:00,244.1699981689453,247.17999267578125,244.1699981689453,246.82000732421875,72056
2024-11-13 15:30:00+00:00,246.94000244140625,246.94000244140625,245.4900054931641,245.759994506836,53901
2024-11-13 16:30:00+00:00,245.8099975585937,246.6100006103516,245.5599975585937,246.4149932861328,59176
2024-11-13 17:30:00+00:00,246.5249938964844,246.5850067138672,245.8950042724609,245.9550018310547,31376
2024-11-13 18:30:00+00:00,245.9199981689453,246.0800018310547,245.72000122070312,245.85499572753903,49215
2024-11-13 19:30:00+00:00,245.8500061035156,246.72000122070312,245.2749938964844,246.72000122070312,82994
2024-11-13 20:30:00+00:00,246.69500732421875,247.13999938964844,246.13999938964844,246.3099975585937,151223
2024-11-14 14:30:00+00:00,245.6199951171875,245.96499633789065,241.63710021972656,242.01499938964844,79704
2024-11-14 15:30:00+00:00,241.75,242.2400054931641,239.32000732421875,239.8600006103516,68428
2024-11-14 16:30:00+00:00,239.97999572753903,240.21499633789065,238.69500732421875,239.3500061035156,55362
2024-11-14 17:30:00+00:00,239.3300018310547,239.52999877929688,238.5,239.52999877929688,60387
2024-11-14 18:30:00+00:00,239.5500030517578,239.83999633789065,238.7250061035156,239.25,164735
2024-11-14 19:30:00+00:00,239.3600006103516,240.34500122070312,239.06500244140625,239.4199981689453,82584
2024-11-14 20:30:00+00:00,239.4900054931641,239.5500030517578,237.9199981689453,238.27999877929688,206667
2024-11-15 14:30:00+00:00,237.92999267578125,239.259994506836,233.3800048828125,234.2850036621093,181375
2024-11-15 15:30:00+00:00,234.2899932861328,234.5800018310547,232.375,233.4600067138672,99491
2024-11-15 16:30:00+00:00,233.5399932861328,235.0599975585937,233.0200042724609,234.2050018310547,93016
2024-11-15 17:30:00+00:00,234.13999938964844,234.2321929931641,233.3300018310547,233.5399932861328,63247
2024-11-15 18:30:00+00:00,233.509994506836,234.72000122070312,233.0399932861328,234.4600067138672,220727
2024-11-15 19:30:00+00:00,234.5800018310547,236.63999938964844,234.4750061035156,236.25,99351
2024-11-15 20:30:00+00:00,236.22000122070312,237.3099975585937,234.9199981689453,235.3000030517578,271095
2024-11-18 14:30:00+00:00,235.0,239.38999938964844,235.0,238.3099975585937,71515
2024-11-18 15:30:00+00:00,238.17999267578125,240.9499969482422,238.17999267578125,240.22999572753903,116270
2024-11-18 16:30:00+00:00,240.25,241.2100067138672,240.07000732421875,241.0800018310547,94337
2024-11-18 17:30:00+00:00,241.0599975585937,241.1600036621093,238.4100036621093,239.2100067138672,48977
2024-11-18 18:30:00+00:00,239.1300048828125,239.6300048828125,238.6100006103516,238.7420959472656,42749
2024-11-18 19:30:00+00:00,238.5200042724609,239.0200042724609,238.2550048828125,238.81500244140625,58429
2024-11-18 20:30:00+00:00,238.8500061035156,239.1600036621093,238.3800048828125,238.7850036621093,98268
2024-11-19 14:30:00+00:00,232.22999572753903,234.4199981689453,231.19000244140625,234.13999938964844,109504
2024-11-19 15:30:00+00:00,234.32000732421875,236.5500030517578,234.32000732421875,236.44000244140625,63705
2024-11-19 16:30:00+00:00,236.4100036621093,237.009994506836,236.1000061035156,236.8699951171875,45601
2024-11-19 17:30:00+00:00,236.9100036621093,236.9369964599609,235.38999938964844,235.8500061035156,37132
2024-11-19 18:30:00+00:00,236.0,237.83999633789065,236.0,237.81500244140625,67462
2024-11-19 19:30:00+00:00,237.7449951171875,237.8000030517578,235.72999572753903,235.92999267578125,87989
2024-11-19 20:30:00+00:00,235.83999633789065,236.2949981689453,235.5399932861328,236.17999267578125,81842
2024-11-20 14:30:00+00:00,236.5800018310547,238.6600036621093,236.0200042724609,236.2400054931641,51341
2024-11-20 15:30:00+00:00,236.26499938964844,236.82000732421875,235.5399932861328,236.2100067138672,55214
2024-11-20 16:30:00+00:00,236.17999267578125,236.72000122070312,235.3999938964844,235.7949981689453,45582
2024-11-20 17:30:00+00:00,235.8000030517578,235.9850006103516,235.1100006103516,235.59500122070312,25871
2024-11-20 18:30:00+00:00,235.4499969482422,236.125,235.33999633789065,236.125,33342
2024-11-20 19:30:00+00:00,236.1300048828125,237.4499969482422,236.0249938964844,237.42999267578125,46915
2024-11-20 20:30:00+00:00,237.44000244140625,238.67999267578125,237.44000244140625,237.8500061035156,110083
2024-11-21 14:30:00+00:00,237.6600036621093,238.22999572753903,235.0,237.9100036621093,39155
2024-11-21 15:30:00+00:00,237.8950042724609,239.4149932861328,237.8950042724609,239.17999267578125,22626
2024-11-21 16:30:00+00:00,239.509994506836,239.7250061035156,238.4499969482422,239.07000732421875,17723
2024-11-21 17:30:00+00:00,238.94000244140625,240.0249938964844,238.884994506836,239.71499633789065,16761
2024-11-21 18:30:00+00:00,239.67999267578125,240.58999633789065,239.389892578125,240.52999877929688,30353
2024-11-21 19:30:00+00:00,240.6199951171875,240.8000030517578,239.6999969482422,240.0,26715
2024-11-21 20:30:00+00:00,240.0800018310547,240.5599975585937,239.9600067138672,240.0800018310547,64567
2024-11-22 14:30:00+00:00,240.22000122070312,240.97000122070312,239.0500030517578,239.0500030517578,30665
2024-11-22 15:30:00+00:00,239.56500244140625,240.42990112304688,239.2899932861328,239.6750030517578,15398
2024-11-22 16:30:00+00:00,239.6750030517578,240.0850067138672,239.4100036621093,239.8600006103516,14127
2024-11-22 17:30:00+00:00,239.72000122070312,240.07000732421875,238.82229614257807,239.07000732421875,33212
2024-11-22 18:30:00+00:00,239.3099975585937,240.0,238.94000244140625,240.0,49683
2024-11-22 19:30:00+00:00,240.0500030517578,240.1499938964844,239.1600036621093,239.6649932861328,45796
2024-11-22 20:30:00+00:00,239.6300048828125,240.6600036621093,239.5,239.6000061035156,103634
2024-11-25 14:30:00+00:00,239.72000122070312,242.07000732421875,238.07000732421875,241.9600067138672,63277
2024-11-25 15:30:00+00:00,242.15499877929688,242.52999877929688,240.8000030517578,241.259994506836,43676
2024-11-25 16:30:00+00:00,241.2449951171875,241.2449951171875,239.3999938964844,239.3999938964844,35087
2024-11-25 17:30:00+00:00,239.5500030517578,240.0800018310547,238.88999938964844,239.8350067138672,57934
2024-11-25 18:30:00+00:00,239.84500122070312,240.7250061035156,239.6300048828125,240.3699951171875,84517
2024-11-25 19:30:00+00:00,240.2700042724609,240.5399932861328,239.8699951171875,240.07000732421875,58294
2024-11-25 20:30:00+00:00,239.8999938964844,242.0,239.5,241.2700042724609,175404
2024-11-26 14:30:00+00:00,239.7100067138672,240.6000061035156,238.1000061035156,238.47000122070312,59437
2024-11-26 15:30:00+00:00,238.6699981689453,238.6750030517578,237.4199981689453,238.197494506836,62561
2024-11-26 16:30:00+00:00,238.17999267578125,238.72999572753903,237.9850006103516,238.2100067138672,48639
2024-11-26 17:30:00+00:00,238.2050018310547,239.1000061035156,237.83999633789065,239.0749969482422,69509
2024-11-26 18:30:00+00:00,238.97999572753903,239.31619262695312,238.47000122070312,238.6750030517578,39156
2024-11-26 19:30:00+00:00,238.6849975585937,238.8800048828125,238.0659027099609,238.38999938964844,50369
2024-11-26 20:30:00+00:00,238.4900054931641,239.5800018310547,238.4199981689453,238.63999938964844,177407
2024-11-27 14:30:00+00:00,239.52999877929688,241.8300018310547,238.7550048828125,241.0500030517578,64191
2024-11-27 15:30:00+00:00,241.1999969482422,242.0,240.5124969482422,241.08999633789065,30803
2024-11-27 16:30:00+00:00,241.009994506836,242.01300048828125,240.6499938964844,241.5800018310547,26564
2024-11-27 17:30:00+00:00,241.5800018310547,241.8099975585937,240.7100067138672,241.10499572753903,26608
2024-11-27 18:30:00+00:00,241.0,241.5500030517578,240.7250061035156,241.1699981689453,29263
2024-11-27 19:30:00+00:00,241.1699981689453,242.1000061035156,241.07000732421875,241.97999572753903,42479
2024-11-27 20:30:00+00:00,241.8650054931641,242.4600067138672,241.7400054931641,242.1699981689453,118137
2024-11-29 14:30:00+00:00,242.0,242.6100006103516,240.85499572753903,241.9900054931641,44899
2024-11-29 15:30:00+00:00,242.08999633789065,242.1875,241.17999267578125,241.3500061035156,52037
2024-11-29 16:30:00+00:00,241.2700042724609,242.0599975585937,240.7834014892578,241.7400054931641,39741
2024-12-02 14:30:00+00:00,240.2100067138672,240.3650054931641,237.58999633789065,238.4750061035156,51772
2024-12-02 15:30:00+00:00,238.4900054931641,240.5599975585937,238.375,240.5,26903
2024-12-02 16:30:00+00:00,240.42999267578125,240.6100006103516,239.88009643554688,240.1600036621093,30446
2024-12-02 17:30:00+00:00,240.1699981689453,240.6000061035156,240.0500030517578,240.509994506836,17973
2024-12-02 18:30:00+00:00,240.509994506836,241.0800018310547,240.509994506836,240.6100006103516,33530
2024-12-02 19:30:00+00:00,240.759994506836,240.759994506836,240.01499938964844,240.3459930419922,39946
2024-12-02 20:30:00+00:00,240.259994506836,240.9499969482422,240.08999633789065,240.72999572753903,121261
2024-12-03 14:30:00+00:00,240.6300048828125,241.2949981689453,238.759994506836,241.19000244140625,39592
2024-12-03 15:30:00+00:00,241.42999267578125,241.8099975585937,240.3500061035156,241.5599975585937,46106
2024-12-03 16:30:00+00:00,241.56500244140625,241.9499969482422,240.2899932861328,241.6450042724609,29387
2024-12-03 17:30:00+00:00,241.44000244140625,241.44000244140625,240.6199951171875,240.8600006103516,26122
2024-12-03 18:30:00+00:00,240.9149932861328,241.3699951171875,240.5599975585937,240.75,39378
2024-12-03 19:30:00+00:00,240.69000244140625,240.90499877929688,240.1600036621093,240.3600006103516,34448
2024-12-03 20:30:00+00:00,240.32000732421875,241.08999633789065,240.07000732421875,240.58999633789065,117509
2024-12-04 14:30:00+00:00,241.07000732421875,241.07000732421875,236.9040069580078,237.5350036621093,35591
2024-12-04 15:30:00+00:00,236.83999633789065,237.82020568847656,236.63999938964844,237.1100006103516,23598
2024-12-04 16:30:00+00:00,237.13999938964844,237.7899932861328,236.8099975585937,237.6999969482422,23685
2024-12-04 17:30:00+00:00,237.7308959960937,238.21499633789065,236.75,237.06500244140625,14929
2024-12-04 18:30:00+00:00,237.2899932861328,238.6000061035156,236.83450317382807,237.759994506836,31559
2024-12-04 19:30:00+00:00,238.02999877929688,238.4499969482422,237.4199981689453,237.7850036621093,38437
2024-12-04 20:30:00+00:00,237.47999572753903,237.57000732421875,237.1000061035156,237.38999938964844,84589
2024-12-05 14:30:00+00:00,236.6100006103516,237.6199951171875,235.24549865722656,235.8950042724609,27582
2024-12-05 15:30:00+00:00,235.5399932861328,235.82000732421875,234.509994506836,235.13999938964844,25089
2024-12-05 16:30:00+00:00,235.2100067138672,236.0,235.1000061035156,235.1849975585937,16048
2024-12-05 17:30:00+00:00,235.259994506836,235.8999938964844,235.1501007080078,235.4844970703125,20116
2024-12-05 18:30:00+00:00,235.4100036621093,235.42999267578125,234.4900054931641,234.72000122070312,24443
2024-12-05 19:30:00+00:00,234.6100006103516,234.92999267578125,234.0926055908203,234.4499969482422,28218
2024-12-05 20:30:00+00:00,234.2899932861328,235.33999633789065,234.0500030517578,234.9499969482422,116563
2024-12-06 14:30:00+00:00,235.5,235.6499938964844,234.46499633789065,234.8074951171875,29348
2024-12-06 15:30:00+00:00,235.0599975585937,235.3350067138672,233.8800048828125,234.02999877929688,16119
2024-12-06 16:30:00+00:00,234.0200042724609,234.3125,233.33999633789065,233.47000122070312,22474
2024-12-06 17:30:00+00:00,233.6100006103516,233.8950042724609,233.32000732421875,233.3600006103516,48408
2024-12-06 18:30:00+00:00,233.21499633789065,233.7100067138672,232.8600006103516,232.8650054931641,26889
2024-12-06 19:30:00+00:00,232.8350067138672,233.2100067138672,232.46499633789065,232.8000030517578,61489
2024-12-06 20:30:00+00:00,232.6699981689453,233.25,232.3800048828125,232.5800018310547,111940
2024-12-09 14:30:00+00:00,233.6600036621093,235.22999572753903,232.8300018310547,234.58399963378903,58865
2024-12-09 15:30:00+00:00,234.2975006103516,234.88999938964844,232.3500061035156,233.4199981689453,46382
2024-12-09 16:30:00+00:00,233.5500030517578,233.58999633789065,232.3800048828125,233.21499633789065,53136
2024-12-09 17:30:00+00:00,233.26499938964844,235.6999969482422,233.1000061035156,235.2899932861328,62410
2024-12-09 18:30:00+00:00,235.3800048828125,236.4949951171875,235.24560546875,236.4949951171875,26621
2024-12-09 19:30:00+00:00,236.4949951171875,236.6000061035156,235.48049926757807,236.0399932861328,62155
2024-12-09 20:30:00+00:00,236.1999969482422,236.38999938964844,235.77999877929688,236.2899932861328,137094
2024-12-10 14:30:00+00:00,239.2700042724609,239.5498962402344,232.6499938964844,234.13999938964844,47109
2024-12-10 15:30:00+00:00,234.4499969482422,237.44000244140625,233.8000030517578,237.44000244140625,48194
2024-12-10 16:30:00+00:00,237.125,237.1300048828125,235.5599975585937,235.7400054931641,28009
2024-12-10 17:30:00+00:00,236.1150054931641,236.7100067138672,235.2700042724609,236.6300048828125,130931
2024-12-10 18:30:00+00:00,236.5,236.875,235.07000732421875,235.8699951171875,57444
2024-12-10 19:30:00+00:00,235.7700042724609,236.2899932861328,235.4199981689453,235.509994506836,51282
2024-12-10 20:30:00+00:00,235.5500030517578,235.5500030517578,233.7899932861328,234.75,153740
2024-12-11 14:30:00+00:00,234.9100036621093,234.9100036621093,231.3000030517578,232.2400054931641,62935
2024-12-11 15:30:00+00:00,231.922607421875,232.8099975585937,230.3600006103516,231.009994506836,42437
2024-12-11 16:30:00+00:00,231.0500030517578,232.0,230.75,231.6499938964844,23851
2024-12-11 17:30:00+00:00,231.38999938964844,231.5675048828125,230.8500061035156,231.05499267578125,13183
2024-12-11 18:30:00+00:00,231.0399932861328,231.09500122070312,229.6600036621093,230.2400054931641,46785
2024-12-11 19:30:00+00:00,230.38999938964844,230.42999267578125,228.83999633789065,229.5200042724609,60306
2024-12-11 20:30:00+00:00,229.4250030517578,230.3699951171875,229.259994506836,229.52999877929688,147572
2024-12-12 14:30:00+00:00,229.2899932861328,231.9365997314453,229.2899932861328,231.9365997314453,32011
2024-12-12 15:30:00+00:00,231.1300048828125,233.50390625,231.1300048828125,233.3999938964844,76381
2024-12-12 16:30:00+00:00,233.3999938964844,233.3999938964844,231.8600006103516,232.38999938964844,37955
2024-12-12 17:30:00+00:00,232.2100067138672,232.52999877929688,231.3099975585937,232.1499938964844,36087
2024-12-12 18:30:00+00:00,232.27999877929688,233.0500030517578,232.27999877929688,232.3699951171875,28021
2024-12-12 19:30:00+00:00,232.3249969482422,232.88999938964844,232.2700042724609,232.6999969482422,44083
2024-12-12 20:30:00+00:00,232.69000244140625,232.8099975585937,231.6999969482422,231.9199981689453,102405
2024-12-13 14:30:00+00:00,231.3500061035156,232.85989379882807,229.98699951171875,231.5,40993
2024-12-13 15:30:00+00:00,231.4600067138672,233.09500122070312,231.4199981689453,233.09500122070312,21206
2024-12-13 16:30:00+00:00,233.09500122070312,233.09500122070312,231.5800018310547,231.63999938964844,22039
2024-12-13 17:30:00+00:00,231.82000732421875,232.2100067138672,231.5599975585937,232.2100067138672,17006
2024-12-13 18:30:00+00:00,232.2100067138672,232.759994506836,231.92999267578125,232.4750061035156,40762
2024-12-13 19:30:00+00:00,232.509994506836,232.509994506836,231.8099975585937,231.8099975585937,26626
2024-12-13 20:30:00+00:00,231.88999938964844,232.7400054931641,231.88999938964844,232.02999877929688,67626
2024-12-16 14:30:00+00:00,232.2100067138672,233.97000122070312,229.3099975585937,233.0550994873047,45588
2024-12-16 15:30:00+00:00,233.2899932861328,233.7100067138672,231.9199981689453,232.1499938964844,43936
2024-12-16 16:30:00+00:00,232.19000244140625,232.42999267578125,231.3950042724609,231.9900054931641,56473
2024-12-16 17:30:00+00:00,231.97000122070312,232.1600036621093,231.58999633789065,231.58999633789065,29191
2024-12-16 18:30:00+00:00,231.67999267578125,231.759994506836,230.5491943359375,230.5491943359375,43634
2024-12-16 19:30:00+00:00,230.69000244140625,231.509994506836,230.2938995361328,230.3500061035156,54490
2024-12-16 20:30:00+00:00,230.2899932861328,230.42999267578125,229.0200042724609,229.6600036621093,122517
2024-12-17 14:30:00+00:00,228.57000732421875,232.6999969482422,228.57000732421875,232.01499938964844,46392
2024-12-17 15:30:00+00:00,231.9949951171875,232.2100067138672,229.3999938964844,229.75,30805
2024-12-17 16:30:00+00:00,229.90499877929688,230.60989379882807,229.51499938964844,230.1499938964844,31058
2024-12-17 17:30:00+00:00,230.57989501953125,230.58999633789065,229.44000244140625,230.4750061035156,20753
2024-12-17 18:30:00+00:00,230.52999877929688,231.1820068359375,230.3500061035156,230.6699981689453,31460
2024-12-17 19:30:00+00:00,230.5800018310547,231.2700042724609,230.3099975585937,230.5,43588
2024-12-17 20:30:00+00:00,230.47999572753903,231.58999633789065,230.4250030517578,231.07000732421875,105247
2024-12-18 14:30:00+00:00,230.8699951171875,231.92999267578125,229.69000244140625,229.77999877929688,36242
2024-12-18 15:30:00+00:00,229.5399932861328,230.6678924560547,229.13999938964844,230.4499969482422,41814
2024-12-18 16:30:00+00:00,230.38999938964844,231.625,230.38999938964844,231.0800018310547,43922
2024-12-18 17:30:00+00:00,231.05499267578125,231.0800018310547,230.5399932861328,230.9100036621093,22241
2024-12-18 18:30:00+00:00,230.8999938964844,231.6100006103516,228.7700042724609,228.7700042724609,40148
2024-12-18 19:30:00+00:00,228.6999969482422,228.9900054931641,227.8699951171875,228.1499938964844,54191
2024-12-18 20:30:00+00:00,228.0399932861328,228.4499969482422,226.22999572753903,226.22999572753903,116189
2024-12-19 14:30:00+00:00,225.67999267578125,228.46499633789065,225.25,226.22999572753903,49442
2024-12-19 15:30:00+00:00,225.8650054931641,226.72999572753903,225.1499938964844,226.3500061035156,50025
2024-12-19 16:30:00+00:00,226.1300048828125,226.7700042724609,225.4541015625,226.7100067138672,34080
2024-12-19 17:30:00+00:00,226.7100067138672,227.55349731445312,226.25,227.55349731445312,30670
2024-12-19 18:30:00+00:00,227.4100036621093,227.7700042724609,227.1300048828125,227.72000122070312,55576
2024-12-19 19:30:00+00:00,227.77999877929688,227.8699951171875,227.1100006103516,227.4600067138672,48697
2024-12-19 20:30:00+00:00,227.4900054931641,228.0200042724609,226.94900512695312,227.0,126983
2024-12-20 14:30:00+00:00,227.8500061035156,228.5500030517578,226.5599975585937,228.3950042724609,125614
2024-12-20 15:30:00+00:00,228.75,229.4850006103516,228.3500061035156,229.10499572753903,42475
2024-12-20 16:30:00+00:00,229.1100006103516,229.7700042724609,228.8699951171875,229.7700042724609,46695
2024-12-20 17:30:00+00:00,229.67999267578125,229.759994506836,228.6600036621093,229.0399932861328,44616
2024-12-20 18:30:00+00:00,229.1100006103516,229.1300048828125,228.13999938964844,228.67010498046875,58114
2024-12-20 19:30:00+00:00,229.0,229.1100006103516,228.3500061035156,228.5399932861328,52721
2024-12-20 20:30:00+00:00,228.56500244140625,228.77999877929688,227.63999938964844,228.5399932861328,87136
2024-12-23 14:30:00+00:00,227.9499969482422,227.9499969482422,225.4900054931641,226.97999572753903,48029
2024-12-23 15:30:00+00:00,226.8011016845703,227.2205047607422,226.2449951171875,226.5200042724609,30556
2024-12-23 16:30:00+00:00,226.4949951171875,226.97999572753903,225.25,226.47999572753903,100089
2024-12-23 17:30:00+00:00,226.5399932861328,227.509994506836,226.3928985595703,227.4100036621093,32164
2024-12-23 18:30:00+00:00,227.69000244140625,228.3199005126953,227.4850006103516,227.96749877929688,49533
2024-12-23 19:30:00+00:00,228.0,228.58999633789065,227.69000244140625,228.0500030517578,57974
2024-12-23 20:30:00+00:00,227.8699951171875,228.42999267578125,227.6699981689453,227.8999938964844,101722
2024-12-24 14:30:00+00:00,227.1499938964844,228.2949981689453,226.6150054931641,228.0399932861328,27283
2024-12-24 15:30:00+00:00,227.83999633789065,228.6199951171875,227.83999633789065,228.46499633789065,20356
2024-12-24 16:30:00+00:00,228.4750061035156,229.97999572753903,228.4199981689453,229.2700042724609,35256
2024-12-26 14:30:00+00:00,229.02999877929688,230.77999877929688,229.009994506836,230.01499938964844,26312
2024-12-26 15:30:00+00:00,230.125,231.58990478515625,229.75,231.2850036621093,48540
2024-12-26 16:30:00+00:00,231.4499969482422,231.5,230.40750122070312,230.8500061035156,48832
2024-12-26 17:30:00+00:00,230.6600036621093,230.8800048828125,230.07000732421875,230.72000122070312,28519
2024-12-26 18:30:00+00:00,230.72000122070312,231.0599975585937,230.47999572753903,230.94000244140625,25476
2024-12-26 19:30:00+00:00,230.88999938964844,231.13999938964844,230.5800018310547,231.13999938964844,29263
2024-12-26 20:30:00+00:00,230.94500732421875,231.69400024414065,230.84500122070312,231.07000732421875,99201
2024-12-27 14:30:00+00:00,229.8099975585937,232.4100036621093,229.8099975585937,231.08999633789065,39320
2024-12-27 15:30:00+00:00,230.9199981689453,231.5800018310547,229.8300018310547,230.4949951171875,47502
2024-12-27 16:30:00+00:00,230.4750061035156,230.75,229.2899932861328,229.42999267578125,16582
2024-12-27 17:30:00+00:00,229.38999938964844,230.19000244140625,229.0500030517578,230.0399932861328,16144
2024-12-27 18:30:00+00:00,230.1300048828125,231.4100036621093,230.1300048828125,230.9600067138672,18766
2024-12-27 19:30:00+00:00,230.8099975585937,231.1100006103516,230.1450042724609,230.32000732421875,22759
2024-12-27 20:30:00+00:00,230.19500732421875,230.9199981689453,229.7010040283203,230.6100006103516,74842
2024-12-30 14:30:00+00:00,229.5,229.97999572753903,226.97999572753903,228.259994506836,36731
2024-12-30 15:30:00+00:00,228.27999877929688,230.02999877929688,227.5800018310547,229.69500732421875,25805
2024-12-30 16:30:00+00:00,229.44000244140625,229.8800048828125,229.2807006835937,229.4900054931641,20828
2024-12-30 17:30:00+00:00,229.5,230.2098999023437,229.38229370117188,229.8498992919922,15703
2024-12-30 18:30:00+00:00,229.75,230.0599975585937,229.33999633789065,229.47000122070312,18917
2024-12-30 19:30:00+00:00,229.5050048828125,229.92999267578125,229.3800048828125,229.4069976806641,26211
2024-12-30 20:30:00+00:00,229.3800048828125,229.759994506836,228.75,228.82000732421875,53971
2024-12-31 14:30:00+00:00,229.6300048828125,231.0,229.6300048828125,230.6450042724609,48041
2024-12-31 15:30:00+00:00,230.6199951171875,231.7100067138672,230.2850036621093,230.7949981689453,37350
2024-12-31 16:30:00+00:00,230.72999572753903,230.7899932861328,229.6999969482422,229.77999877929688,64783
2024-12-31 17:30:00+00:00,229.7449951171875,230.6000061035156,229.3000030517578,229.33999633789065,30595
2024-12-31 18:30:00+00:00,229.33999633789065,230.259994506836,229.27540588378903,229.75,18410
2024-12-31 19:30:00+00:00,229.58999633789065,229.9100036621093,229.1300048828125,229.6600036621093,54446
2024-12-31 20:30:00+00:00,229.3699951171875,229.47000122070312,228.67999267578125,229.33999633789065,69056
2025-01-02 14:30:00+00:00,230.7100067138672,230.8000030517578,229.22999572753903,229.6199951171875,35297
2025-01-02 15:30:00+00:00,229.5200042724609,229.759994506836,228.08999633789065,228.7400054931641,37909
2025-01-02 16:30:00+00:00,228.72000122070312,229.3699951171875,228.6150054931641,228.65040588378903,36259
2025-01-02 17:30:00+00:00,228.5399932861328,229.0500030517578,228.1540069580078,228.3699951171875,44125
2025-01-02 18:30:00+00:00,228.2550048828125,228.3000030517578,227.52999877929688,227.8300018310547,34772
2025-01-02 19:30:00+00:00,227.84500122070312,227.94000244140625,226.8350067138672,227.8099975585937,43412
2025-01-02 20:30:00+00:00,227.75,228.3800048828125,227.5870056152344,228.2899932861328,148541
2025-01-03 14:30:00+00:00,229.33999633789065,229.33999633789065,226.2662048339844,226.384994506836,87226
2025-01-03 15:30:00+00:00,226.22999572753903,227.4499969482422,225.1999969482422,226.2250061035156,49694
2025-01-03 16:30:00+00:00,226.22999572753903,228.0101013183593,226.22999572753903,227.4199981689453,26068
2025-01-03 17:30:00+00:00,227.4499969482422,228.6199951171875,227.0399932861328,228.55499267578125,38010
2025-01-03 18:30:00+00:00,228.5500030517578,229.75,228.5200042724609,229.7400054931641,33446
2025-01-03 19:30:00+00:00,229.7400054931641,229.97000122070312,229.17999267578125,229.8300018310547,49863
2025-01-03 20:30:00+00:00,229.75,229.8300018310547,228.884994506836,229.0500030517578,97383
2025-01-06 14:30:00+00:00,229.009994506836,230.509994506836,228.4499969482422,228.7850036621093,59476
2025-01-06 15:30:00+00:00,228.71499633789065,230.3800048828125,228.4499969482422,230.17999267578125,51757
2025-01-06 16:30:00+00:00,230.3238067626953,231.7100067138672,230.0500030517578,231.33999633789065,58188
2025-01-06 17:30:00+00:00,231.3099975585937,232.22000122070312,231.2449951171875,232.1150054931641,60358
2025-01-06 18:30:00+00:00,232.1150054931641,233.22999572753903,231.9199981689453,232.8249969482422,57981
2025-01-06 19:30:00+00:00,232.8249969482422,232.8999938964844,230.6100006103516,230.6100006103516,144554
2025-01-06 20:30:00+00:00,230.5500030517578,230.6649932861328,229.3300018310547,229.759994506836,89277
2025-01-07 14:30:00+00:00,232.509994506836,238.08590698242188,231.5500030517578,234.0,123218
2025-01-07 15:30:00+00:00,233.97999572753903,235.0599975585937,232.13999938964844,232.4499969482422,105279
2025-01-07 16:30:00+00:00,232.4499969482422,232.77999877929688,232.0,232.1849975585937,48790
2025-01-07 17:30:00+00:00,232.22000122070312,233.7400054931641,232.02549743652344,233.7400054931641,40632
2025-01-07 18:30:00+00:00,233.4900054931641,235.8000030517578,233.4600067138672,234.9900054931641,46932
2025-01-07 19:30:00+00:00,234.3500061035156,234.4499969482422,232.9600067138672,233.5200958251953,34007
2025-01-07 20:30:00+00:00,233.9850006103516,235.8000030517578,233.7899932861328,235.27999877929688,147301
2025-01-08 14:30:00+00:00,235.1000061035156,236.02999877929688,232.47000122070312,232.94000244140625,45239
2025-01-08 15:30:00+00:00,232.7949981689453,234.19500732421875,232.1600036621093,233.31500244140625,41740
2025-01-08 16:30:00+00:00,233.30499267578125,234.2899932861328,233.09539794921875,233.92999267578125,39720
2025-01-08 17:30:00+00:00,233.9850006103516,233.9850006103516,232.8350067138672,233.27999877929688,28663
2025-01-08 18:30:00+00:00,233.3350067138672,234.33999633789065,232.7949981689453,234.33999633789065,33569
2025-01-08 19:30:00+00:00,233.9600067138672,234.0249938964844,233.40499877929688,233.4499969482422,37194
2025-01-08 20:30:00+00:00,233.44500732421875,234.5599975585937,233.125,234.19000244140625,102636
2025-01-10 14:30:00+00:00,231.3999938964844,231.8600006103516,228.8000030517578,231.33999633789065,134591
2025-01-10 15:30:00+00:00,231.2100067138672,232.5850067138672,230.7949981689453,231.8800048828125,43786
2025-01-10 16:30:00+00:00,231.92999267578125,232.5350036621093,230.6425018310547,231.4499969482422,57769
2025-01-10 17:30:00+00:00,231.3500061035156,232.1600036621093,231.0449981689453,232.0200042724609,38597
2025-01-10 18:30:00+00:00,231.9600067138672,232.5,231.7700042724609,232.5,39568
2025-01-10 19:30:00+00:00,232.33999633789065,232.9100036621093,231.6150054931641,231.84500122070312,44320
2025-01-10 20:30:00+00:00,231.8300018310547,232.1999969482422,230.94000244140625,231.8600006103516,122819
2025-01-13 14:30:00+00:00,232.52999877929688,234.44000244140625,231.2700042724609,233.5399932861328,35383
2025-01-13 15:30:00+00:00,233.67999267578125,234.3699951171875,232.7850036621093,234.05499267578125,33606
2025-01-13 16:30:00+00:00,234.07000732421875,234.07000732421875,232.63999938964844,233.0599975585937,34907
2025-01-13 17:30:00+00:00,232.9900054931641,234.1600036621093,232.9550018310547,234.125,22714
2025-01-13 18:30:00+00:00,234.134994506836,235.6499938964844,234.134994506836,235.6499938964844,25157
2025-01-13 19:30:00+00:00,235.6499938964844,236.3600006103516,234.47999572753903,234.6300048828125,79058
2025-01-13 20:30:00+00:00,234.83999633789065,234.83999633789065,233.42999267578125,234.42999267578125,116086
2025-01-14 14:30:00+00:00,233.1499938964844,234.40499877929688,230.0,230.4250030517578,64988
2025-01-14 15:30:00+00:00,230.19000244140625,231.4499969482422,229.7100067138672,230.0399932861328,51688
2025-01-14 16:30:00+00:00,230.0200042724609,230.58999633789065,229.1600036621093,230.2850036621093,47964
2025-01-14 17:30:00+00:00,230.2400054931641,232.69000244140625,230.1100006103516,232.38999938964844,71606
2025-01-14 18:30:00+00:00,232.634994506836,233.8999938964844,232.3999938964844,233.8999938964844,35904
2025-01-14 19:30:00+00:00,233.9149932861328,234.3950042724609,233.08999633789065,233.5599975585937,65538
2025-01-14 20:30:00+00:00,233.90499877929688,234.72000122070312,233.27999877929688,234.42999267578125,121516
2025-01-15 14:30:00+00:00,236.3300018310547,237.8300018310547,235.0800018310547,235.2749938964844,51360
2025-01-15 15:30:00+00:00,235.2769927978516,235.6999969482422,234.1024932861328,234.51499938964844,39054
2025-01-15 16:30:00+00:00,234.17999267578125,237.1300048828125,233.58999633789065,236.8099975585937,79671
2025-01-15 17:30:00+00:00,237.0399932861328,237.3099975585937,236.7700042724609,236.9199981689453,53065
2025-01-15 18:30:00+00:00,236.9499969482422,237.1600036621093,236.55499267578125,236.6264038085937,79245
2025-01-15 19:30:00+00:00,236.72999572753903,237.7899932861328,236.7250061035156,237.58999633789065,80476
2025-01-15 20:30:00+00:00,237.4900054931641,237.9499969482422,237.0399932861328,237.19000244140625,192655
2025-01-16 14:30:00+00:00,237.259994506836,238.47000122070312,235.259994506836,236.3999938964844,94462
2025-01-16 15:30:00+00:00,236.3999938964844,238.0,236.3600006103516,237.8500061035156,43417
2025-01-16 16:30:00+00:00,238.0,238.0,236.9100036621093,236.9199981689453,37541
2025-01-16 17:30:00+00:00,236.94000244140625,237.0449981689453,235.8099975585937,236.3300018310547,42303
2025-01-16 18:30:00+00:00,236.3099975585937,237.0800018310547,236.25,236.97000122070312,76520
2025-01-16 19:30:00+00:00,236.97000122070312,238.0249938964844,236.97000122070312,237.92999267578125,101345
2025-01-16 20:30:00+00:00,237.8000030517578,239.0050048828125,237.8000030517578,238.8800048828125,124264
2025-01-17 14:30:00+00:00,239.3300018310547,241.0,238.6450042724609,240.4600067138672,98583
2025-01-17 15:30:00+00:00,240.0,240.9900054931641,239.456298828125,240.8000030517578,33334
2025-01-17 16:30:00+00:00,240.95260620117188,241.3500061035156,240.22999572753903,241.2400054931641,34646
2025-01-17 17:30:00+00:00,241.2400054931641,241.9199981689453,240.6199951171875,241.6300048828125,31037
2025-01-17 18:30:00+00:00,241.5800018310547,242.5200042724609,241.2400054931641,242.4199981689453,40594
2025-01-17 19:30:00+00:00,242.3950042724609,242.7400054931641,241.5350036621093,241.92999267578125,84029
2025-01-17 20:30:00+00:00,241.80499267578125,241.9199981689453,236.9499969482422,238.8500061035156,211433
2025-01-21 14:30:00+00:00,239.6000061035156,242.9949951171875,239.0350036621093,241.9850006103516,60044
2025-01-21 15:30:00+00:00,242.08999633789065,243.44000244140625,241.8600006103516,243.44000244140625,44625
2025-01-21 16:30:00+00:00,243.509994506836,244.6699981689453,243.4949951171875,244.38999938964844,64432
2025-01-21 17:30:00+00:00,244.1425018310547,244.32000732421875,243.8800048828125,244.22999572753903,41284
2025-01-21 18:30:00+00:00,244.1300048828125,244.6300048828125,244.04739379882807,244.384994506836,41472
2025-01-21 19:30:00+00:00,244.3600006103516,244.7198944091797,243.80499267578125,244.06500244140625,65931
2025-01-21 20:30:00+00:00,244.07000732421875,244.8699951171875,243.8999938964844,243.94000244140625,155274
2025-01-22 14:30:00+00:00,242.5500030517578,244.58999633789065,241.0,243.7400054931641,43198
2025-01-22 15:30:00+00:00,243.82000732421875,244.3999938964844,242.8800048828125,243.2700042724609,38621
2025-01-22 16:30:00+00:00,242.92999267578125,243.5800018310547,242.2700042724609,242.82000732421875,44487
2025-01-22 17:30:00+00:00,242.82000732421875,242.9149932861328,241.52999877929688,241.7449951171875,57741
2025-01-22 18:30:00+00:00,241.75,242.5157012939453,241.63999938964844,241.97000122070312,31497
2025-01-22 19:30:00+00:00,241.9750061035156,242.69000244140625,241.85499572753903,241.9199981689453,43972
2025-01-22 20:30:00+00:00,241.94000244140625,242.5500030517578,241.8000030517578,242.4499969482422,81438
2025-01-23 14:30:00+00:00,243.07000732421875,243.259994506836,240.7400054931641,240.7400054931641,27794
2025-01-23 15:30:00+00:00,240.6199951171875,241.7899932861328,239.6300048828125,241.6999969482422,62344
2025-01-23 16:30:00+00:00,241.44000244140625,242.509994506836,241.1300048828125,242.5,18276
2025-01-23 17:30:00+00:00,242.6150054931641,243.42999267578125,242.42999267578125,243.0502014160156,30711
2025-01-23 18:30:00+00:00,243.259994506836,244.2250061035156,243.1999969482422,244.2250061035156,28478
2025-01-23 19:30:00+00:00,244.0749969482422,244.2449951171875,243.009994506836,243.9949951171875,32992
2025-01-23 20:30:00+00:00,243.9600067138672,244.6600036621093,243.5200042724609,244.3699951171875,77718
2025-01-24 14:30:00+00:00,243.9199981689453,244.97999572753903,243.1999969482422,244.3999938964844,25278
2025-01-24 15:30:00+00:00,244.5350036621093,245.69000244140625,244.5350036621093,245.44000244140625,28137
2025-01-24 16:30:00+00:00,245.4349975585937,246.6999969482422,245.3000030517578,245.92999267578125,25654
2025-01-24 17:30:00+00:00,245.5599975585937,247.0,245.42999267578125,246.8099975585937,41096
2025-01-24 18:30:00+00:00,246.759994506836,247.46749877929688,246.29010009765625,247.46749877929688,40045
2025-01-24 19:30:00+00:00,247.6199951171875,247.67999267578125,246.06500244140625,246.16050720214844,52015
2025-01-24 20:30:00+00:00,246.0850067138672,246.4949951171875,245.6999969482422,246.0,83201
2025-01-27 14:30:00+00:00,248.5,250.5599975585937,248.07000732421875,249.6499938964844,76726
2025-01-27 15:30:00+00:00,249.2550048828125,249.26499938964844,248.0500030517578,249.1199951171875,31891
2025-01-27 16:30:00+00:00,249.1750030517578,249.9225006103516,248.6300048828125,249.3099975585937,43061
2025-01-27 17:30:00+00:00,249.2400054931641,249.4600067138672,248.3999938964844,248.509994506836,23412
2025-01-27 18:30:00+00:00,248.5050048828125,249.0850067138672,248.3099975585937,249.07000732421875,28461
2025-01-27 19:30:00+00:00,248.97000122070312,249.634994506836,248.5200042724609,249.125,91160
2025-01-27 20:30:00+00:00,249.1224975585937,250.4900054931641,249.07000732421875,249.5500030517578,150064
2025-01-28 14:30:00+00:00,249.58999633789065,250.12820434570312,247.2899932861328,248.759994506836,57427
2025-01-28 15:30:00+00:00,248.4199981689453,249.17999267578125,246.6600036621093,247.3999938964844,96627
2025-01-28 16:30:00+00:00,247.2700042724609,247.3300018310547,245.9900054931641,246.52999877929688,44875
2025-01-28 17:30:00+00:00,246.63999938964844,248.2805938720703,246.63999938964844,248.05499267578125,43014
2025-01-28 18:30:00+00:00,248.3300018310547,248.3699951171875,247.8300018310547,248.19000244140625,69218
2025-01-28 19:30:00+00:00,248.19000244140625,248.7899932861328,248.0200042724609,248.07000732421875,60522
2025-01-28 20:30:00+00:00,248.009994506836,248.7700042724609,247.009994506836,248.5,159294
2025-01-29 14:30:00+00:00,247.88999938964844,250.0,247.33999633789065,248.65499877929688,41024
2025-01-29 15:30:00+00:00,248.50059509277344,249.2050018310547,247.7100067138672,248.1450042724609,39047
2025-01-29 16:30:00+00:00,248.1600036621093,248.8800048828125,248.1600036621093,248.5599975585937,25703
2025-01-29 17:30:00+00:00,248.3950042724609,248.5399932861328,246.97999572753903,247.97000122070312,38442
2025-01-29 18:30:00+00:00,247.92579650878903,248.08999633789065,246.0500030517578,246.0500030517578,41326
2025-01-29 19:30:00+00:00,246.0800018310547,247.4100036621093,246.0800018310547,247.13999938964844,49942
2025-01-29 20:30:00+00:00,247.15499877929688,247.5625,246.0200042724609,246.0599975585937,95460
2025-01-30 14:30:00+00:00,246.33999633789065,258.5899963378906,246.33999633789065,254.67999267578125,128290
2025-01-30 15:30:00+00:00,255.01499938964844,255.01499938964844,253.0,254.25,82226
2025-01-30 16:30:00+00:00,254.2400054931641,254.72000122070312,251.94000244140625,253.0449981689453,89034
2025-01-30 17:30:00+00:00,252.7700042724609,253.8800048828125,252.5200042724609,253.32000732421875,62966
2025-01-30 18:30:00+00:00,253.47000122070312,254.0850067138672,252.63999938964844,252.63999938964844,55048
2025-01-30 19:30:00+00:00,252.70660400390625,252.9900054931641,252.08999633789065,252.19000244140625,106003
2025-01-30 20:30:00+00:00,252.19000244140625,252.2899932861328,250.4850006103516,251.5399932861328,189868
2025-01-31 14:30:00+00:00,251.0200042724609,252.57000732421875,249.5200042724609,252.57000732421875,47384
2025-01-31 15:30:00+00:00,252.4900054931641,252.7100067138672,250.2850036621093,250.2850036621093,81621
2025-01-31 16:30:00+00:00,250.6300048828125,252.0,250.3300018310547,251.81500244140625,39177
2025-01-31 17:30:00+00:00,251.82000732421875,251.82000732421875,250.7899932861328,251.14190673828125,71798
2025-01-31 18:30:00+00:00,250.8300018310547,251.25,250.0874938964844,250.5375061035156,36144
2025-01-31 19:30:00+00:00,250.6499938964844,250.9149932861328,249.8000030517578,249.94500732421875,44827
2025-01-31 20:30:00+00:00,249.8800048828125,250.08999633789065,249.0800018310547,249.8600006103516,127441
2025-02-03 14:30:00+00:00,248.22000122070312,248.6300048828125,245.3820037841797,247.69000244140625,66905
2025-02-03 15:30:00+00:00,247.7700042724609,249.509994506836,247.2400054931641,248.72999572753903,38059
2025-02-03 16:30:00+00:00,248.9100036621093,249.1600036621093,247.9199981689453,248.5399932861328,28947
2025-02-03 17:30:00+00:00,248.5399932861328,248.5399932861328,247.0,248.0,44157
2025-02-03 18:30:00+00:00,248.0399932861328,249.19000244140625,247.3099975585937,249.0500030517578,37361
2025-02-03 19:30:00+00:00,249.0375061035156,249.92999267578125,247.7550048828125,247.7550048828125,83357
2025-02-03 20:30:00+00:00,247.75,249.1699981689453,247.1199951171875,247.7400054931641,174669
2025-02-04 14:30:00+00:00,245.0599975585937,246.83999633789065,244.9199981689453,245.91749572753903,91932
2025-02-04 15:30:00+00:00,245.759994506836,247.4600067138672,245.7550048828125,247.09500122070312,54774
2025-02-04 16:30:00+00:00,247.3800048828125,249.47999572753903,246.72000122070312,248.3099975585937,63723
2025-02-04 17:30:00+00:00,248.2250061035156,249.8500061035156,247.9900054931641,248.65499877929688,51867
2025-02-04 18:30:00+00:00,248.65499877929688,249.0449981689453,248.1600036621093,248.60499572753903,82367
2025-02-04 19:30:00+00:00,248.60499572753903,249.4750061035156,247.8999938964844,248.1649932861328,133635
2025-02-04 20:30:00+00:00,248.1600036621093,248.4199981689453,246.3000030517578,246.5599975585937,233408
2025-02-05 14:30:00+00:00,247.42999267578125,250.27999877929688,246.33999633789065,250.0399932861328,108570
2025-02-05 15:30:00+00:00,249.90499877929688,250.0500030517578,248.2899932861328,249.57000732421875,45647
2025-02-05 16:30:00+00:00,249.6649932861328,250.1499938964844,249.0800018310547,249.8950042724609,70718
2025-02-05 17:30:00+00:00,249.884994506836,250.1600036621093,249.21499633789065,249.5200042724609,69555
2025-02-05 18:30:00+00:00,249.4600067138672,250.22999572753903,248.82000732421875,248.94000244140625,86751
2025-02-05 19:30:00+00:00,248.9349975585937,248.9349975585937,247.9100036621093,248.3099975585937,126173
2025-02-05 20:30:00+00:00,248.4199981689453,250.27999877929688,248.4199981689453,249.9600067138672,191692
2025-02-06 14:30:00+00:00,252.97999572753903,254.7899932861328,244.0800018310547,248.44000244140625,166527
2025-02-06 15:30:00+00:00,248.44000244140625,249.4100036621093,246.1699981689453,249.0800018310547,154886
2025-02-06 16:30:00+00:00,249.2350006103516,251.88999938964844,248.90269470214844,250.0,105875
2025-02-06 17:30:00+00:00,249.97999572753903,251.3999938964844,246.52999877929688,247.6600036621093,113733
2025-02-06 18:30:00+00:00,247.9250030517578,248.3300018310547,246.7899932861328,247.1649932861328,78950
2025-02-06 19:30:00+00:00,247.0249938964844,248.52999877929688,246.0,246.759994506836,83962
2025-02-06 20:30:00+00:00,246.7700042724609,248.0,246.60499572753903,247.5399932861328,152031
2025-02-07 14:30:00+00:00,248.8800048828125,249.25,244.90499877929688,246.2250061035156,58501
2025-02-07 15:30:00+00:00,245.8600006103516,246.82000732421875,244.44000244140625,244.6300048828125,98815
2025-02-07 16:30:00+00:00,244.9250030517578,245.0500030517578,243.8699951171875,244.5850067138672,64971
2025-02-07 17:30:00+00:00,244.5850067138672,245.9600067138672,243.58999633789065,245.3699951171875,40239
2025-02-07 18:30:00+00:00,245.46499633789065,245.9199981689453,244.82000732421875,244.90499877929688,49626
2025-02-07 19:30:00+00:00,244.97000122070312,247.1999969482422,244.97000122070312,247.1000061035156,81424
2025-02-07 20:30:00+00:00,247.1000061035156,247.4850006103516,246.13999938964844,246.33999633789065,102034
2025-02-10 14:30:00+00:00,245.6699981689453,246.9900054931641,243.8699951171875,246.1499938964844,71659
2025-02-10 15:30:00+00:00,246.3500061035156,247.2899932861328,245.72000122070312,245.9100036621093,56911
2025-02-10 16:30:00+00:00,246.0200042724609,246.8999938964844,245.9499969482422,246.21499633789065,44003
2025-02-10 17:30:00+00:00,246.2250061035156,246.75,245.9100036621093,245.9100036621093,34656
2025-02-10 18:30:00+00:00,246.1875,246.8099975585937,245.509994506836,245.625,42374
2025-02-10 19:30:00+00:00,245.6600036621093,245.9398956298828,245.1300048828125,245.3249969482422,54428
2025-02-10 20:30:00+00:00,245.375,246.259994506836,244.8999938964844,245.19000244140625,87555
2025-02-11 14:30:00+00:00,244.6199951171875,247.72999572753903,243.6100006103516,246.1100006103516,76022
2025-02-11 15:30:00+00:00,246.0,246.3099975585937,245.51319885253903,245.90499877929688,52915
2025-02-11 16:30:00+00:00,245.8800048828125,246.08999633789065,244.9199981689453,245.3000030517578,33478
2025-02-11 17:30:00+00:00,245.1450042724609,245.77999877929688,244.72999572753903,244.7400054931641,31523
2025-02-11 18:30:00+00:00,244.875,245.2899932861328,244.55499267578125,244.72000122070312,27165
2025-02-11 19:30:00+00:00,244.77999877929688,245.2350006103516,244.6300048828125,245.0659942626953,33788
2025-02-11 20:30:00+00:00,244.97999572753903,245.6925048828125,244.8699951171875,245.19000244140625,80285
2025-02-12 14:30:00+00:00,243.6999969482422,244.75,241.92999267578125,242.25,61798
2025-02-12 15:30:00+00:00,242.5399932861328,242.72000122070312,241.572494506836,242.3699951171875,102124
2025-02-12 16:30:00+00:00,242.3650054931641,243.1150054931641,242.1999969482422,242.7749938964844,55253
2025-02-12 17:30:00+00:00,242.6499938964844,243.1179962158203,242.3300018310547,242.94500732421875,50013
2025-02-12 18:30:00+00:00,242.94500732421875,243.1925048828125,241.7899932861328,241.97000122070312,60252
2025-02-12 19:30:00+00:00,242.09500122070312,242.259994506836,241.5500030517578,241.7100067138672,92068
2025-02-12 20:30:00+00:00,241.6849975585937,242.0599975585937,240.4199981689453,241.0399932861328,278114
2025-02-13 14:30:00+00:00,242.3699951171875,244.67999267578125,242.0,244.2400054931641,39018
2025-02-13 15:30:00+00:00,244.2749938964844,244.92999267578125,242.9100036621093,244.52999877929688,32307
2025-02-13 16:30:00+00:00,244.509994506836,244.8800048828125,244.22999572753903,244.625,36270
2025-02-13 17:30:00+00:00,244.625,244.82000732421875,243.69000244140625,244.6699981689453,32030
2025-02-13 18:30:00+00:00,244.6699981689453,245.7684936523437,244.3300018310547,245.57000732421875,48714
2025-02-13 19:30:00+00:00,245.40499877929688,245.80499267578125,245.0316925048828,245.4499969482422,44111
2025-02-13 20:30:00+00:00,245.6150054931641,246.0800018310547,244.8600006103516,244.8600006103516,82178
2025-02-14 14:30:00+00:00,245.13999938964844,247.47999572753903,244.83999633789065,247.3800048828125,50865
2025-02-14 15:30:00+00:00,247.5599975585937,248.6000061035156,246.6100006103516,247.94000244140625,64759
2025-02-14 16:30:00+00:00,247.72000122070312,247.94000244140625,246.72000122070312,247.0800018310547,35572
2025-02-14 17:30:00+00:00,247.2899932861328,248.19000244140625,247.2100067138672,248.07000732421875,38073
2025-02-14 18:30:00+00:00,247.97999572753903,248.3800048828125,247.3800048828125,247.5800018310547,42437
2025-02-14 19:30:00+00:00,247.30499267578125,247.9250030517578,247.0500030517578,247.1600036621093,46128
2025-02-14 20:30:00+00:00,247.125,247.125,246.259994506836,246.509994506836,96315
2025-02-18 14:30:00+00:00,245.22999572753903,246.3500061035156,244.1199951171875,245.71780395507807,28326
2025-02-18 15:30:00+00:00,245.9900054931641,247.13999938964844,245.4149932861328,245.47000122070312,24551
2025-02-18 16:30:00+00:00,245.2828063964844,246.1999969482422,245.1499938964844,246.0500030517578,26519
2025-02-18 17:30:00+00:00,246.2550048828125,246.38999938964844,245.88999938964844,246.2100067138672,19148
2025-02-18 18:30:00+00:00,246.3099975585937,246.5800018310547,245.88999938964844,246.44000244140625,32928
2025-02-18 19:30:00+00:00,246.4100036621093,247.17999267578125,246.3600006103516,247.0800018310547,32361
2025-02-18 20:30:00+00:00,246.96499633789065,247.0800018310547,246.1699981689453,246.3099975585937,72150
2025-02-19 14:30:00+00:00,245.6499938964844,248.3300018310547,245.3999938964844,247.78570556640625,44731
2025-02-19 15:30:00+00:00,247.7899932861328,248.32000732421875,247.08999633789065,247.81500244140625,57078
2025-02-19 16:30:00+00:00,247.8999938964844,249.1699981689453,247.7100067138672,248.0,55991
2025-02-19 17:30:00+00:00,248.009994506836,248.69569396972656,247.2350006103516,247.3699951171875,65478
2025-02-19 18:30:00+00:00,247.27999877929688,247.9499969482422,246.97000122070312,247.6199951171875,44476
2025-02-19 19:30:00+00:00,247.7100067138672,248.0800018310547,247.1100006103516,247.6000061035156,69493
2025-02-19 20:30:00+00:00,247.8300018310547,248.25,247.4100036621093,247.9199981689453,121326
2025-02-20 14:30:00+00:00,247.27999877929688,249.5800018310547,246.9600067138672,249.4750061035156,48393
2025-02-20 15:30:00+00:00,249.4750061035156,249.92999267578125,248.3000030517578,248.8699951171875,63161
2025-02-20 16:30:00+00:00,248.7899932861328,248.7899932861328,247.67999267578125,247.8699951171875,27340
2025-02-20 17:30:00+00:00,247.88999938964844,248.0200042724609,247.31500244140625,247.65499877929688,27324
2025-02-20 18:30:00+00:00,247.63999938964844,248.69000244140625,247.63999938964844,248.47999572753903,43060
2025-02-20 19:30:00+00:00,248.44239807128903,248.94000244140625,248.1600036621093,248.31900024414065,51609
2025-02-20 20:30:00+00:00,248.32000732421875,249.3500061035156,248.17999267578125,249.19000244140625,118754
2025-02-21 14:30:00+00:00,248.13999938964844,249.38999938964844,247.9900054931641,248.509994506836,47885
2025-02-21 15:30:00+00:00,248.7400054931641,249.10499572753903,248.52999877929688,248.67999267578125,20382
2025-02-21 16:30:00+00:00,248.82000732421875,249.17999267578125,248.4600067138672,248.6699981689453,21933
2025-02-21 17:30:00+00:00,248.5850067138672,249.4250030517578,248.0,249.0,37372
2025-02-21 18:30:00+00:00,248.97000122070312,249.6000061035156,248.6699981689453,249.25,39383
2025-02-21 19:30:00+00:00,249.2550048828125,250.509994506836,249.0449981689453,250.4499969482422,72922
2025-02-21 20:30:00+00:00,250.4499969482422,250.8099975585937,249.6999969482422,249.97000122070312,81216
2025-02-24 14:30:00+00:00,250.3999938964844,252.6999969482422,249.5749969482422,251.81500244140625,59404
2025-02-24 15:30:00+00:00,251.7400054931641,253.5800018310547,251.69000244140625,252.8249969482422,56921
2025-02-24 16:30:00+00:00,252.8249969482422,253.0399932861328,251.97000122070312,252.42999267578125,41457
2025-02-24 17:30:00+00:00,252.60499572753903,252.60499572753903,251.77999877929688,252.1999969482422,36041
2025-02-24 18:30:00+00:00,252.1600036621093,252.8000030517578,252.0500030517578,252.2899932861328,32612
2025-02-24 19:30:00+00:00,252.47000122070312,252.5500030517578,251.7400054931641,252.1100006103516,40377
2025-02-24 20:30:00+00:00,252.06500244140625,252.3000030517578,251.22000122070312,251.4100036621093,96097
2025-02-25 14:30:00+00:00,251.3000030517578,253.47000122070312,250.3300018310547,252.97999572753903,57330
2025-02-25 15:30:00+00:00,253.3000030517578,253.8800048828125,252.1499938964844,252.2700042724609,68465
2025-02-25 16:30:00+00:00,251.88999938964844,252.2899932861328,250.3800048828125,251.07000732421875,71389
2025-02-25 17:30:00+00:00,251.0800018310547,251.75,250.63999938964844,251.4250030517578,41112
2025-02-25 18:30:00+00:00,251.4100036621093,252.47999572753903,251.4100036621093,252.1000061035156,42260
2025-02-25 19:30:00+00:00,252.1499938964844,253.6300048828125,252.1499938964844,252.88999938964844,72766
2025-02-25 20:30:00+00:00,252.8600006103516,253.1999969482422,251.6000061035156,252.7899932861328,97523
2025-02-26 14:30:00+00:00,250.0,252.7400054931641,248.0399932861328,251.9900054931641,38524
2025-02-26 15:30:00+00:00,252.47999572753903,253.40499877929688,252.1300048828125,253.25,24230
2025-02-26 16:30:00+00:00,253.2100067138672,253.2100067138672,252.1600036621093,252.1600036621093,24755
2025-02-26 17:30:00+00:00,252.4900054931641,252.70700073242188,251.3249969482422,251.4900054931641,20457
2025-02-26 18:30:00+00:00,251.3800048828125,251.5399932861328,249.72999572753903,251.4900054931641,48156
2025-02-26 19:30:00+00:00,251.51499938964844,251.8000030517578,250.9900054931641,251.009994506836,47800
2025-02-26 20:30:00+00:00,251.17999267578125,252.13999938964844,250.9100036621093,252.0800018310547,112885
2025-02-27 14:30:00+00:00,249.97000122070312,251.97999572753903,249.3584442138672,250.47999572753903,47998
2025-02-27 15:30:00+00:00,250.384994506836,250.9600067138672,249.58999633789065,250.40499877929688,38895
2025-02-27 16:30:00+00:00,250.509994506836,250.83999633789065,249.3800048828125,250.3500061035156,26993
2025-02-27 17:30:00+00:00,250.58999633789065,250.97000122070312,250.00979614257807,250.67999267578125,27013
2025-02-27 18:30:00+00:00,250.4600067138672,250.83999633789065,250.1600036621093,250.1600036621093,22361
2025-02-27 19:30:00+00:00,250.1100006103516,250.1100006103516,248.5500030517578,248.5500030517578,47158
2025-02-27 20:30:00+00:00,248.505599975586,249.009994506836,247.7400054931641,247.8300018310547,74595
2025-02-28 14:30:00+00:00,249.22999572753903,251.5399932861328,247.5500030517578,248.1849975585937,45185
2025-02-28 15:30:00+00:00,247.680404663086,248.63999938964844,247.680404663086,248.07000732421875,18926
2025-02-28 16:30:00+00:00,248.4250030517578,249.0599975585937,248.13999938964844,248.13999938964844,21076
2025-02-28 17:30:00+00:00,248.009994506836,248.07000732421875,246.9311981201172,247.5,26890
2025-02-28 18:30:00+00:00,247.6499938964844,248.6499938964844,247.5500030517578,248.6499938964844,35399
2025-02-28 19:30:00+00:00,248.82000732421875,249.4750061035156,248.52999877929688,249.4750061035156,44763
2025-02-28 20:30:00+00:00,249.5399932861328,251.5200042724609,248.9900054931641,251.0399932861328,91379
2025-03-03 14:30:00+00:00,250.5,253.2899932861328,250.2539978027344,253.125,63630
2025-03-03 15:30:00+00:00,253.125,254.57000732421875,252.9342041015625,253.3800048828125,73449
2025-03-03 16:30:00+00:00,253.4949951171875,253.97000122070312,252.8699951171875,253.7100067138672,47463
2025-03-03 17:30:00+00:00,253.8650054931641,254.75,253.8650054931641,254.02999877929688,70324
2025-03-03 18:30:00+00:00,253.8300018310547,254.1000061035156,253.4250946044922,253.67999267578125,70632
2025-03-03 19:30:00+00:00,253.75,254.8500061035156,252.7899932861328,252.8800048828125,84829
2025-03-03 20:30:00+00:00,252.9550018310547,254.5500030517578,252.9550018310547,254.009994506836,182044
2025-03-04 14:30:00+00:00,257.0,258.04998779296875,255.4349975585937,256.7850036621094,169029
2025-03-04 15:30:00+00:00,256.7449951171875,257.94000244140625,256.07501220703125,257.25,160849
2025-03-04 16:30:00+00:00,257.20001220703125,257.8500061035156,256.760009765625,257.0150146484375,95023
2025-03-04 17:30:00+00:00,257.0924987792969,258.1700134277344,255.9600067138672,256.26300048828125,137121
2025-03-04 18:30:00+00:00,256.2900085449219,257.3299865722656,254.63999938964844,256.7200927734375,136336
2025-03-04 19:30:00+00:00,257.2200012207031,258.1499938964844,256.7799987792969,257.8099975585937,123642
2025-03-04 20:30:00+00:00,257.8999938964844,257.8999938964844,255.9949951171875,256.8399963378906,235014
2025-03-05 14:30:00+00:00,255.02999877929688,258.5899963378906,254.83999633789065,254.97000122070312,78878
2025-03-05 15:30:00+00:00,254.83999633789065,254.83999633789065,252.94000244140625,253.3300018310547,69748
2025-03-05 16:30:00+00:00,253.259994506836,253.59500122070312,252.5500030517578,253.59500122070312,42391
2025-03-05 17:30:00+00:00,253.7550048828125,254.1699981689453,253.3650054931641,253.8099975585937,53758
2025-03-05 18:30:00+00:00,253.8600006103516,256.4100036621094,253.6000061035156,256.260009765625,69243
2025-03-05 19:30:00+00:00,256.3099975585937,256.5599975585937,255.4100036621093,255.8099975585937,52048
2025-03-05 20:30:00+00:00,255.75,255.88999938964844,254.22000122070312,254.27999877929688,147991
2025-03-06 14:30:00+00:00,253.759994506836,255.72999572753903,252.5599975585937,252.7899932861328,45291
2025-03-06 15:30:00+00:00,252.9900054931641,254.5850067138672,252.9900054931641,254.375,55365
2025-03-06 16:30:00+00:00,254.02999877929688,254.44000244140625,252.88999938964844,252.9750061035156,62055
2025-03-06 17:30:00+00:00,253.17999267578125,253.7899932861328,252.82000732421875,253.0249938964844,53483
2025-03-06 18:30:00+00:00,252.6600036621093,252.77999877929688,251.5800018310547,252.52999877929688,64009
2025-03-06 19:30:00+00:00,252.7899932861328,254.47999572753903,252.60499572753903,254.33999633789065,71325
2025-03-06 20:30:00+00:00,254.5,254.99989318847656,253.6300048828125,254.1199951171875,152771
2025-03-07 14:30:00+00:00,253.2899932861328,256.07000732421875,253.0,255.6999969482422,62820
2025-03-07 15:30:00+00:00,255.8000030517578,256.1300048828125,253.8699951171875,254.009994506836,56356
2025-03-07 16:30:00+00:00,254.0399932861328,254.58999633789065,252.75,253.6100006103516,62393
2025-03-07 17:30:00+00:00,253.6100006103516,255.19000244140625,253.53250122070312,254.6199951171875,72566
2025-03-07 18:30:00+00:00,254.6199951171875,255.7749938964844,254.1199951171875,254.6150054931641,92681
2025-03-07 19:30:00+00:00,254.6150054931641,255.52099609375,253.8300018310547,253.8300018310547,130037
2025-03-07 20:30:00+00:00,253.9100036621093,254.802001953125,252.3000030517578,253.02999877929688,200817
2025-03-10 13:30:00+00:00,252.7100067138672,255.60989379882807,251.1999969482422,253.134994506836,80770
2025-03-10 14:30:00+00:00,252.8699951171875,253.02999877929688,250.7899932861328,250.7899932861328,74474
2025-03-10 15:30:00+00:00,251.0850067138672,251.0850067138672,248.92999267578125,250.1699981689453,85441
2025-03-10 16:30:00+00:00,250.1849975585937,250.5800018310547,247.9499969482422,248.634994506836,82348
2025-03-10 17:30:00+00:00,248.82000732421875,249.1100006103516,244.3099975585937,244.8699951171875,150541
2025-03-10 18:30:00+00:00,244.9900054931641,245.634994506836,243.63999938964844,245.19000244140625,176409
2025-03-10 19:30:00+00:00,245.02999877929688,245.9100036621093,243.5800018310547,244.1100006103516,279439
2025-03-11 13:30:00+00:00,246.19000244140625,246.39129638671875,242.3300018310547,244.7050018310547,80615
2025-03-11 14:30:00+00:00,244.38999938964844,244.92999267578125,243.0800018310547,243.0800018310547,124256
2025-03-11 15:30:00+00:00,243.02999877929688,243.3600006103516,240.42999267578125,240.8099975585937,90123
2025-03-11 16:30:00+00:00,240.71499633789065,241.3600006103516,237.6000061035156,237.94000244140625,100430
2025-03-11 17:30:00+00:00,238.3350067138672,239.2100067138672,238.1999969482422,239.07000732421875,84983
2025-03-11 18:30:00+00:00,239.0749969482422,240.4900054931641,238.6199951171875,240.22999572753903,115012
2025-03-11 19:30:00+00:00,240.13999938964844,241.0279998779297,239.1300048828125,239.25,188677
2025-03-12 13:30:00+00:00,238.2899932861328,239.759994506836,234.88999938964844,235.5500030517578,95521
2025-03-12 14:30:00+00:00,235.5449981689453,235.5449981689453,230.9750061035156,233.1199951171875,149645
2025-03-12 15:30:00+00:00,233.2100067138672,234.4600067138672,232.63999938964844,233.7949981689453,78949
2025-03-12 16:30:00+00:00,233.7949981689453,234.92999267578125,232.9550018310547,234.58999633789065,70901
2025-03-12 17:30:00+00:00,234.5800018310547,235.4499969482422,234.1999969482422,235.3099975585937,61758
2025-03-12 18:30:00+00:00,235.3600006103516,236.69000244140625,235.3600006103516,235.9149932861328,78971
2025-03-12 19:30:00+00:00,235.82000732421875,236.8699951171875,235.1100006103516,236.83999633789065,201175
2025-03-13 13:30:00+00:00,237.4600067138672,237.8099975585937,235.44000244140625,236.418197631836,55049
2025-03-13 14:30:00+00:00,236.3500061035156,237.27999877929688,235.7449951171875,236.2400054931641,34085
2025-03-13 15:30:00+00:00,236.13999938964844,236.47000122070312,235.13999938964844,235.13999938964844,44220
2025-03-13 16:30:00+00:00,235.3249969482422,236.0399932861328,235.2250061035156,235.33999633789065,28390
2025-03-13 17:30:00+00:00,235.1999969482422,235.1999969482422,234.3099975585937,234.7700042724609,43171
2025-03-13 18:30:00+00:00,234.8000030517578,235.5599975585937,234.4499969482422,234.5599975585937,48177
2025-03-13 19:30:00+00:00,234.57000732421875,235.8500061035156,234.3099975585937,235.6499938964844,136583
2025-03-14 13:30:00+00:00,234.8999938964844,236.7100067138672,233.8999938964844,236.4349975585937,61454
2025-03-14 14:30:00+00:00,236.2250061035156,238.8950042724609,236.0350036621093,238.3099975585937,60490
2025-03-14 15:30:00+00:00,238.08999633789065,238.8500061035156,237.46499633789065,238.35499572753903,75556
2025-03-14 16:30:00+00:00,238.4199981689453,239.625,238.40249633789065,238.4900054931641,58490
2025-03-14 17:30:00+00:00,238.47999572753903,238.9499053955078,237.42999267578125,238.4149932861328,44288
2025-03-14 18:30:00+00:00,238.6100006103516,238.9100036621093,238.02999877929688,238.5850067138672,47777
2025-03-14 19:30:00+00:00,238.6150054931641,239.8999938964844,238.25,239.5399932861328,143637
2025-03-17 13:30:00+00:00,239.4499969482422,240.72999572753903,238.9900054931641,240.3500061035156,32017
2025-03-17 14:30:00+00:00,240.44000244140625,240.9600067138672,240.07000732421875,240.5500030517578,32098
2025-03-17 15:30:00+00:00,240.52999877929688,241.1199951171875,240.1100006103516,240.7400054931641,15452
2025-03-17 16:30:00+00:00,240.8500061035156,241.0599975585937,240.46499633789065,240.8999938964844,25716
2025-03-17 17:30:00+00:00,240.94000244140625,241.8249969482422,240.94000244140625,241.22000122070312,25486
2025-03-17 18:30:00+00:00,241.1450042724609,241.7350006103516,240.6649932861328,241.0,54729
2025-03-17 19:30:00+00:00,240.9100036621093,241.19000244140625,240.27999877929688,240.42999267578125,93795
2025-03-18 13:30:00+00:00,240.6699981689453,242.6499938964844,239.8300018310547,240.06500244140625,43418
2025-03-18 14:30:00+00:00,239.7400054931641,240.39990234375,238.759994506836,238.759994506836,34519
2025-03-18 15:30:00+00:00,238.92999267578125,239.1300048828125,237.77999877929688,238.4900054931641,25029
2025-03-18 16:30:00+00:00,238.7700042724609,238.80499267578125,237.1150054931641,237.88999938964844,37823
2025-03-18 17:30:00+00:00,237.7400054931641,240.8000030517578,237.6999969482422,239.9600067138672,74665
2025-03-18 18:30:00+00:00,239.9100036621093,240.1000061035156,237.8300018310547,238.69000244140625,100712
2025-03-18 19:30:00+00:00,238.509994506836,239.7700042724609,237.92999267578125,239.69000244140625,148794
2025-03-19 13:30:00+00:00,236.69000244140625,238.5599975585937,232.1100006103516,233.97999572753903,116936
2025-03-19 14:30:00+00:00,233.88999938964844,237.32000732421875,233.13999938964844,236.9900054931641,92170
2025-03-19 15:30:00+00:00,237.0599975585937,238.84249877929688,237.0599975585937,237.8600006103516,49248
2025-03-19 16:30:00+00:00,238.1000061035156,238.5800018310547,237.33999633789065,237.4349975585937,56631
2025-03-19 17:30:00+00:00,237.2899932861328,238.5500030517578,237.009994506836,238.4100036621093,44225
2025-03-19 18:30:00+00:00,238.3800048828125,240.4199981689453,238.2700042724609,240.0399932861328,75057
2025-03-19 19:30:00+00:00,240.06500244140625,240.75,239.5200042724609,239.8300018310547,143471
2025-03-20 13:30:00+00:00,239.1999969482422,239.5249938964844,235.8500061035156,237.8699951171875,43683
2025-03-20 14:30:00+00:00,238.22999572753903,238.22999572753903,236.1699981689453,236.4349975585937,50446
2025-03-20 15:30:00+00:00,236.47999572753903,237.60499572753903,236.3099975585937,237.1199951171875,43299
2025-03-20 16:30:00+00:00,237.0599975585937,237.0749969482422,236.1100006103516,236.1100006103516,45707
2025-03-20 17:30:00+00:00,236.08999633789065,236.3500061035156,235.3394012451172,235.4900054931641,37138
2025-03-20 18:30:00+00:00,235.4900054931641,236.33999633789065,235.2400054931641,235.80499267578125,59818
2025-03-20 19:30:00+00:00,235.6100006103516,236.3699951171875,235.509994506836,235.6999969482422,99489
2025-03-21 13:30:00+00:00,234.69000244140625,236.42999267578125,233.2400054931641,234.2850036621093,160609
2025-03-21 14:30:00+00:00,234.384994506836,234.384994506836,232.9499969482422,233.2100067138672,30503
2025-03-21 15:30:00+00:00,233.1000061035156,234.009994506836,232.3500061035156,234.009994506836,44237
2025-03-21 16:30:00+00:00,233.8500061035156,234.8000030517578,233.7050018310547,234.3300018310547,27198
2025-03-21 17:30:00+00:00,234.3300018310547,235.5800018310547,233.94000244140625,233.9900054931641,34876
2025-03-21 18:30:00+00:00,234.0,234.4199981689453,233.2400054931641,233.6000061035156,45944
2025-03-21 19:30:00+00:00,233.5500030517578,234.0500030517578,232.82000732421875,234.0399932861328,103323
2025-03-24 13:30:00+00:00,235.8999938964844,236.8099975585937,234.1100006103516,235.72999572753903,41983
2025-03-24 14:30:00+00:00,235.6100006103516,235.85499572753903,234.9499969482422,235.7400054931641,36707
2025-03-24 15:30:00+00:00,235.7749938964844,236.70249938964844,235.4100036621093,236.19000244140625,23476
2025-03-24 16:30:00+00:00,236.3249969482422,236.3350067138672,235.6100006103516,235.7700042724609,27214
2025-03-24 17:30:00+00:00,235.9149932861328,236.47000122070312,235.63999938964844,236.22000122070312,46938
2025-03-24 18:30:00+00:00,236.0599975585937,236.85499572753903,236.0599975585937,236.2850036621093,54877
2025-03-24 19:30:00+00:00,236.3000030517578,236.57000732421875,235.83999633789065,236.42999267578125,136661
2025-03-25 13:30:00+00:00,237.1100006103516,240.1199951171875,235.97999572753903,237.75,37034
2025-03-25 14:30:00+00:00,238.2949981689453,238.2949981689453,235.46499633789065,235.67999267578125,27622
2025-03-25 15:30:00+00:00,235.4499969482422,235.7400054931641,234.52999877929688,234.6100006103516,20122
2025-03-25 16:30:00+00:00,234.6100006103516,235.1600036621093,234.2330017089844,235.1600036621093,27144
2025-03-25 17:30:00+00:00,235.0200042724609,235.3300018310547,234.6000061035156,235.125,24815
2025-03-25 18:30:00+00:00,234.9900054931641,235.07000732421875,234.0500030517578,234.1750030517578,39123
2025-03-25 19:30:00+00:00,234.17999267578125,234.6000061035156,232.4900054931641,234.4600067138672,297191
2025-03-26 13:30:00+00:00,235.0,236.759994506836,233.82000732421875,236.33999633789065,38332
2025-03-26 14:30:00+00:00,236.0,236.2692108154297,235.19000244140625,235.3350067138672,20373
2025-03-26 15:30:00+00:00,235.27999877929688,235.47659301757807,234.7400054931641,235.1600036621093,26685
2025-03-26 16:30:00+00:00,235.33999633789065,235.33999633789065,233.94000244140625,234.0800018310547,26640
2025-03-26 17:30:00+00:00,233.8500061035156,234.4949951171875,233.47000122070312,234.25,33240
2025-03-26 18:30:00+00:00,234.2949981689453,234.3950042724609,233.3300018310547,233.63999938964844,39858
2025-03-26 19:30:00+00:00,233.58999633789065,233.92999267578125,233.07000732421875,233.1999969482422,111444
2025-03-27 13:30:00+00:00,233.57000732421875,234.3600006103516,232.65499877929688,232.65499877929688,43517
2025-03-27 14:30:00+00:00,232.7050018310547,234.0,232.7050018310547,233.72999572753903,34959
2025-03-27 15:30:00+00:00,233.8650054931641,234.05499267578125,233.0,233.2050018310547,27084
2025-03-27 16:30:00+00:00,233.27999877929688,233.3699951171875,232.3800048828125,232.5850067138672,26596
2025-03-27 17:30:00+00:00,232.52999877929688,233.27999877929688,232.009994506836,233.00010681152344,26921
2025-03-27 18:30:00+00:00,232.83999633789065,233.1499938964844,231.7899932861328,232.22959899902344,64011
2025-03-27 19:30:00+00:00,232.1999969482422,232.72000122070312,231.0599975585937,231.6699981689453,208463
2025-03-28 13:30:00+00:00,231.6699981689453,233.4499969482422,229.22300720214844,229.5449981689453,59812
2025-03-28 14:30:00+00:00,230.1000061035156,230.97300720214844,229.4349975585937,230.72000122070312,43146
2025-03-28 15:30:00+00:00,230.8182983398437,231.02999877929688,230.009994506836,230.10690307617188,47863
2025-03-28 16:30:00+00:00,230.2850036621093,230.2850036621093,228.7550048828125,228.7550048828125,30009
2025-03-28 17:30:00+00:00,228.72999572753903,229.5449981689453,228.7100067138672,229.1600036621093,38243
2025-03-28 18:30:00+00:00,229.2330017089844,230.242904663086,229.1600036621093,229.6499938964844,34999
2025-03-28 19:30:00+00:00,229.6999969482422,230.2100067138672,229.32000732421875,230.009994506836,88997
2025-03-31 13:30:00+00:00,229.9199981689453,232.17999267578125,228.8500061035156,229.9349975585937,96069
2025-03-31 14:30:00+00:00,229.6499938964844,230.7100067138672,229.3500061035156,230.0200042724609,79510
2025-03-31 15:30:00+00:00,229.94000244140625,230.0200042724609,228.4499969482422,228.69000244140625,55588
2025-03-31 16:30:00+00:00,228.7050018310547,230.07989501953125,228.1100006103516,229.97000122070312,66508
2025-03-31 17:30:00+00:00,229.82000732421875,232.4850006103516,229.27999877929688,232.4850006103516,93390
2025-03-31 18:30:00+00:00,232.6699981689453,233.4499969482422,232.1600036621093,232.9900054931641,142185
2025-03-31 19:30:00+00:00,232.9600067138672,234.6199951171875,232.1450042724609,232.72999572753903,254179
2025-04-01 13:30:00+00:00,231.9600067138672,232.3800048828125,230.1300048828125,231.3074951171875,47588
2025-04-01 14:30:00+00:00,231.3350067138672,234.3500061035156,231.2725067138672,234.02999877929688,69592
2025-04-01 15:30:00+00:00,233.875,234.8000030517578,233.5500030517578,233.72000122070312,50113
2025-04-01 16:30:00+00:00,233.8220977783203,234.0599975585937,233.1699981689453,233.3300018310547,47169
2025-04-01 17:30:00+00:00,233.3699951171875,233.92999267578125,232.94000244140625,233.08999633789065,73977
2025-04-01 18:30:00+00:00,232.94000244140625,233.093505859375,232.0599975585937,232.6100006103516,77996
2025-04-01 19:30:00+00:00,232.625,233.17999267578125,232.0599975585937,232.5,178701
2025-04-02 13:30:00+00:00,233.19000244140625,235.25,231.6499938964844,234.97999572753903,52040
2025-04-02 14:30:00+00:00,234.8600006103516,235.33999633789065,234.0800018310547,235.10499572753903,26149
2025-04-02 15:30:00+00:00,235.1000061035156,235.7599029541016,234.2899932861328,235.5800018310547,56536
2025-04-02 16:30:00+00:00,235.92999267578125,237.2700042724609,235.5,236.4100036621093,56951
2025-04-02 17:30:00+00:00,236.5200042724609,237.0599975585937,236.1499938964844,236.1499938964844,80557
2025-04-02 18:30:00+00:00,236.13999938964844,237.0500030517578,236.08999633789065,236.8999938964844,116589
2025-04-02 19:30:00+00:00,236.6450042724609,237.3000030517578,236.1100006103516,236.32000732421875,252695
2025-04-03 13:30:00+00:00,234.8600006103516,238.38999938964844,232.75,235.1999969482422,116460
2025-04-03 14:30:00+00:00,235.0249938964844,236.0200042724609,232.509994506836,232.92999267578125,96668
2025-04-03 15:30:00+00:00,233.3000030517578,236.3600006103516,232.64100646972656,235.63999938964844,92713
2025-04-03 16:30:00+00:00,235.6150054931641,236.1499938964844,234.5200042724609,235.2050018310547,124060
2025-04-03 17:30:00+00:00,235.0500030517578,236.375,234.7700958251953,236.17999267578125,142062
2025-04-03 18:30:00+00:00,236.1300048828125,236.47000122070312,235.32000732421875,235.7899932861328,149049
2025-04-03 19:30:00+00:00,235.634994506836,235.8999938964844,232.759994506836,233.38999938964844,248637
2025-04-04 13:30:00+00:00,231.5,233.7350006103516,227.7749938964844,229.52999877929688,148101
2025-04-04 14:30:00+00:00,229.32000732421875,230.92999267578125,228.6849975585937,228.8800048828125,102901
2025-04-04 15:30:00+00:00,228.6100006103516,229.5599975585937,226.47999572753903,227.0399932861328,73704
2025-04-04 16:30:00+00:00,226.9550018310547,228.3099975585937,223.47000122070312,224.7794952392578,83683
2025-04-04 17:30:00+00:00,224.30499267578125,227.1000061035156,223.6475067138672,224.02999877929688,119542
2025-04-04 18:30:00+00:00,223.8699951171875,224.67999267578125,222.77999877929688,223.6999969482422,155347
2025-04-04 19:30:00+00:00,223.625,226.38999938964844,222.27999877929688,225.0,575094
2025-04-07 13:30:00+00:00,220.8699951171875,228.9499969482422,216.3699951171875,221.0399932861328,133912
2025-04-07 14:30:00+00:00,221.5207977294922,225.5249938964844,218.9100036621093,220.0,116239
2025-04-07 15:30:00+00:00,220.0,223.33999633789065,219.97999572753903,221.6300048828125,71919
2025-04-07 16:30:00+00:00,221.59500122070312,223.9550018310547,220.15020751953125,223.9550018310547,84360
2025-04-07 17:30:00+00:00,223.58999633789065,226.125,222.1936950683593,224.5850067138672,63044
2025-04-07 18:30:00+00:00,224.97000122070312,225.08639526367188,222.8699951171875,222.88999938964844,158088
2025-04-07 19:30:00+00:00,223.17999267578125,224.75,222.22000122070312,223.4600067138672,182388
2025-04-08 13:30:00+00:00,229.17999267578125,229.4900054931641,223.8177947998047,227.2100067138672,107774
2025-04-08 14:30:00+00:00,227.22000122070312,227.4349975585937,224.4199981689453,224.5249938964844,66431
2025-04-08 15:30:00+00:00,224.75,226.1000061035156,223.1999969482422,223.6177978515625,69658
2025-04-08 16:30:00+00:00,223.875,223.875,218.5500030517578,219.5599975585937,105237
2025-04-08 17:30:00+00:00,219.19000244140625,221.2100067138672,218.5800018310547,218.97000122070312,110182
2025-04-08 18:30:00+00:00,219.1300048828125,220.58999633789065,217.0500030517578,218.1999969482422,142156
2025-04-08 19:30:00+00:00,218.1100006103516,218.32000732421875,214.66200256347656,217.5200042724609,248965
2025-04-09 13:30:00+00:00,214.08999633789065,220.1199951171875,213.9891967773437,217.67999267578125,56577
2025-04-09 14:30:00+00:00,217.759994506836,218.7749938964844,216.17999267578125,218.0050048828125,55635
2025-04-09 15:30:00+00:00,217.8699951171875,219.1000061035156,216.7400054931641,218.8500061035156,100501
2025-04-09 16:30:00+00:00,218.7700042724609,229.52999877929688,218.7700042724609,228.19000244140625,100459
2025-04-09 17:30:00+00:00,227.47000122070312,230.94500732421875,226.1100006103516,228.5200042724609,120683
2025-04-09 18:30:00+00:00,229.2850036621093,230.259994506836,224.6199951171875,229.9100036621093,122133
2025-04-09 19:30:00+00:00,230.0,231.0800018310547,227.25,230.22999572753903,199839
2025-04-10 13:30:00+00:00,228.6600036621093,228.9199981689453,225.82000732421875,226.1199951171875,70631
2025-04-10 14:30:00+00:00,225.9192047119141,226.2675018310547,223.6199951171875,223.84500122070312,186200
2025-04-10 15:30:00+00:00,223.6999969482422,223.81500244140625,219.25,220.1199951171875,121421
2025-04-10 16:30:00+00:00,220.1499938964844,224.63999938964844,220.1499938964844,222.58999633789065,92607
2025-04-10 17:30:00+00:00,222.97999572753903,227.5800018310547,222.6999969482422,227.2400054931641,103136
2025-04-10 18:30:00+00:00,227.47000122070312,228.19000244140625,224.44000244140625,224.44000244140625,109677
2025-04-10 19:30:00+00:00,224.9199981689453,225.8699951171875,212.47999572753903,218.634994506836,1137786
2025-04-11 13:30:00+00:00,218.1499938964844,219.63999938964844,214.97999572753903,216.0,193839
2025-04-11 14:30:00+00:00,216.0,217.3099975585937,213.1000061035156,214.0200042724609,147913
2025-04-11 15:30:00+00:00,214.17999267578125,217.69000244140625,213.8699951171875,216.8000030517578,98816
2025-04-11 16:30:00+00:00,216.6300048828125,218.58999633789065,216.6300048828125,218.3950042724609,93906
2025-04-11 17:30:00+00:00,218.6000061035156,221.2550048828125,218.1100006103516,220.0599975585937,67613
2025-04-11 18:30:00+00:00,220.17999267578125,220.7700042724609,219.67999267578125,220.0399932861328,67117
2025-04-11 19:30:00+00:00,219.94000244140625,221.5800018310547,219.8500061035156,221.4600067138672,197041
2025-04-14 13:30:00+00:00,223.6699981689453,227.6199951171875,223.32000732421875,227.42999267578125,74143
2025-04-14 14:30:00+00:00,227.2449951171875,228.88999938964844,226.5399932861328,227.72000122070312,74899
2025-04-14 15:30:00+00:00,227.4499969482422,228.3500061035156,226.07000732421875,226.3600006103516,72648
2025-04-14 16:30:00+00:00,226.72999572753903,228.57000732421875,226.67999267578125,227.52999877929688,81024
2025-04-14 17:30:00+00:00,227.52999877929688,228.7700042724609,226.97999572753903,228.5800018310547,83807
2025-04-14 18:30:00+00:00,228.8000030517578,229.5,228.6000061035156,229.1699981689453,116794
2025-04-14 19:30:00+00:00,229.2250061035156,229.5,227.5200042724609,228.0399932861328,165668
2025-04-15 13:30:00+00:00,229.02999877929688,229.02999877929688,225.46499633789065,226.17999267578125,40636
2025-04-15 14:30:00+00:00,226.08999633789065,226.5200042724609,225.55499267578125,226.5200042724609,44086
2025-04-15 15:30:00+00:00,226.5500030517578,226.82000732421875,225.2100067138672,225.509994506836,63439
2025-04-15 16:30:00+00:00,225.6699981689453,225.6699981689453,224.509994506836,224.509994506836,35702
2025-04-15 17:30:00+00:00,224.6100006103516,224.9199981689453,223.92999267578125,224.6600036621093,39425
2025-04-15 18:30:00+00:00,224.9600067138672,226.44000244140625,224.88250732421875,226.31500244140625,54876
2025-04-15 19:30:00+00:00,225.92999267578125,226.47000122070312,225.6600036621093,226.0,163901
2025-04-16 13:30:00+00:00,226.5200042724609,226.9250030517578,222.3600006103516,223.08999633789065,75270
2025-04-16 14:30:00+00:00,223.0850067138672,224.6999969482422,222.7400054931641,224.6499938964844,58337
2025-04-16 15:30:00+00:00,224.6600036621093,225.1150054931641,224.02999877929688,224.1600036621093,37110
2025-04-16 16:30:00+00:00,224.17999267578125,224.4499969482422,222.8500061035156,223.0,57824
2025-04-16 17:30:00+00:00,222.90499877929688,222.90499877929688,220.47999572753903,221.47000122070312,99019
2025-04-16 18:30:00+00:00,221.5599975585937,221.63999938964844,219.2400054931641,219.3000030517578,104175
2025-04-16 19:30:00+00:00,219.57000732421875,220.77999877929688,219.0200042724609,220.5200042724609,162331
2025-04-17 13:30:00+00:00,219.25,220.4100036621093,217.0,219.9100036621093,96683
2025-04-17 14:30:00+00:00,220.02999877929688,220.13999938964844,218.259994506836,218.94000244140625,107099
2025-04-17 15:30:00+00:00,218.8099975585937,219.85499572753903,218.6300048828125,219.5200042724609,52171
2025-04-17 16:30:00+00:00,219.42999267578125,219.58999633789065,217.7700042724609,218.2198944091797,59012
2025-04-17 17:30:00+00:00,218.009994506836,218.55499267578125,217.66749572753903,218.2850036621093,64290
2025-04-17 18:30:00+00:00,218.3000030517578,218.3300018310547,217.1300048828125,217.4199981689453,65940
2025-04-17 19:30:00+00:00,217.52999877929688,218.22999572753903,216.9199981689453,216.9900054931641,144854
2025-04-21 13:30:00+00:00,216.3000030517578,216.3000030517578,212.72999572753903,213.3249969482422,37226
2025-04-21 14:30:00+00:00,213.3249969482422,213.3249969482422,211.53689575195312,211.6649932861328,49266
2025-04-21 15:30:00+00:00,211.58999633789065,211.7850036621093,209.8600006103516,210.3600006103516,79554
2025-04-21 16:30:00+00:00,210.35499572753903,210.6300048828125,209.375,210.2899932861328,71258
2025-04-21 17:30:00+00:00,210.2819061279297,210.6300048828125,210.0249938964844,210.3800048828125,76162
2025-04-21 18:30:00+00:00,210.509994506836,211.0599975585937,210.13999938964844,210.7899932861328,110948
2025-04-21 19:30:00+00:00,210.7899932861328,212.4900054931641,210.4600067138672,212.34500122070312,194800
2025-04-22 13:30:00+00:00,215.7700042724609,218.9900054931641,214.0200042724609,217.8999938964844,111042
2025-04-22 14:30:00+00:00,217.92999267578125,220.6000061035156,217.8699951171875,219.1699981689453,104252
2025-04-22 15:30:00+00:00,219.1999969482422,220.4949951171875,218.4725952148437,219.6450042724609,121669
2025-04-22 16:30:00+00:00,219.6499938964844,220.1600036621093,217.2899932861328,217.3500061035156,71052
2025-04-22 17:30:00+00:00,217.375,218.1699981689453,216.69000244140625,217.9100036621093,60607
2025-04-22 18:30:00+00:00,217.97000122070312,219.8600006103516,217.9499969482422,219.5399932861328,85951
2025-04-22 19:30:00+00:00,219.5399932861328,220.8600006103516,219.47000122070312,220.2400054931641,197069
2025-04-23 13:30:00+00:00,222.4900054931641,227.7899932861328,221.0800018310547,226.7400054931641,69816
2025-04-23 14:30:00+00:00,226.72000122070312,227.47000122070312,225.1100006103516,225.44000244140625,73597
2025-04-23 15:30:00+00:00,225.4149932861328,225.8260040283203,223.82000732421875,224.3600006103516,51392
2025-04-23 16:30:00+00:00,224.5599975585937,225.72000122070312,224.38999938964844,225.32000732421875,56958
2025-04-23 17:30:00+00:00,225.4100036621093,225.509994506836,223.83999633789065,223.83999633789065,61831
2025-04-23 18:30:00+00:00,224.009994506836,224.25,223.3500061035156,223.75,50429
2025-04-23 19:30:00+00:00,223.7899932861328,224.5399932861328,223.5702972412109,224.1000061035156,96572
2025-04-24 13:30:00+00:00,224.0,224.88999938964844,222.3795928955078,223.7749938964844,80603
2025-04-24 14:30:00+00:00,223.7749938964844,225.47999572753903,223.5399932861328,224.7100067138672,149456
2025-04-24 15:30:00+00:00,224.5399932861328,225.97999572753903,224.5399932861328,225.6750030517578,55031
2025-04-24 16:30:00+00:00,225.8500061035156,226.22999572753903,225.47000122070312,225.81500244140625,43919
2025-04-24 17:30:00+00:00,225.88999938964844,226.5249938964844,225.6300048828125,225.6450042724609,50678
2025-04-24 18:30:00+00:00,225.9199981689453,227.0399932861328,225.82000732421875,226.3999938964844,70016
2025-04-24 19:30:00+00:00,226.5800018310547,228.6699981689453,226.1199951171875,228.58999633789065,267142
2025-04-25 13:30:00+00:00,228.02999877929688,228.7400054931641,226.8800048828125,227.1999969482422,93668
2025-04-25 14:30:00+00:00,227.22000122070312,227.759994506836,226.80499267578125,227.02999877929688,132205
2025-04-25 15:30:00+00:00,226.9550018310547,227.7400054931641,226.5,227.63999938964844,127211
2025-04-25 16:30:00+00:00,227.6150054931641,228.1699981689453,227.58999633789065,228.1699981689453,59475
2025-04-25 17:30:00+00:00,228.2100067138672,228.509994506836,226.67999267578125,228.1199951171875,53853
2025-04-25 18:30:00+00:00,228.02999877929688,228.3300018310547,227.27999877929688,227.6999969482422,73728
2025-04-25 19:30:00+00:00,227.59500122070312,229.2400054931641,227.5249938964844,228.3800048828125,227688
2025-04-28 13:30:00+00:00,229.3500061035156,231.0144958496093,228.4501037597656,230.3000030517578,121935
2025-04-28 14:30:00+00:00,230.2100067138672,230.63999938964844,228.33999633789065,228.33999633789065,95816
2025-04-28 15:30:00+00:00,228.22999572753903,228.7700042724609,227.88999938964844,228.2100067138672,83057
2025-04-28 16:30:00+00:00,228.218505859375,228.3099975585937,227.8500061035156,227.97999572753903,60747
2025-04-28 17:30:00+00:00,227.9750061035156,228.72999572753903,227.83999633789065,228.72999572753903,56547
2025-04-28 18:30:00+00:00,228.72999572753903,228.75,227.1199951171875,228.2749938964844,188828
2025-04-28 19:30:00+00:00,228.3500061035156,230.57000732421875,228.32000732421875,229.9900054931641,235530
2025-04-29 13:30:00+00:00,221.8600006103516,225.9149932861328,218.759994506836,225.5599975585937,226718
2025-04-29 14:30:00+00:00,225.56500244140625,233.1750030517578,225.2449951171875,231.6000061035156,262493
2025-04-29 15:30:00+00:00,231.6100006103516,235.19000244140625,230.4499969482422,234.3000030517578,233050
2025-04-29 16:30:00+00:00,234.19000244140625,237.5399932861328,234.1300048828125,237.1699981689453,358517
2025-04-29 17:30:00+00:00,237.1199951171875,241.9499969482422,236.75,240.2899932861328,334932
2025-04-29 18:30:00+00:00,240.27999877929688,240.42999267578125,237.8574066162109,238.2899932861328,146248
2025-04-29 19:30:00+00:00,238.2350006103516,240.94000244140625,238.2350006103516,240.4199981689453,455282
2025-04-30 13:30:00+00:00,239.32000732421875,239.32000732421875,234.15499877929688,236.6699981689453,125225
2025-04-30 14:30:00+00:00,236.67999267578125,238.1300048828125,236.0399932861328,237.3650054931641,74560
2025-04-30 15:30:00+00:00,237.3475036621093,238.97999572753903,237.3475036621093,237.8800048828125,90758
2025-04-30 16:30:00+00:00,237.8300018310547,239.738998413086,237.6499938964844,239.738998413086,89886
2025-04-30 17:30:00+00:00,239.6499938964844,240.10400390625,238.3800048828125,238.3800048828125,95944
2025-04-30 18:30:00+00:00,238.3950042724609,239.0500030517578,237.3699951171875,238.4949951171875,65440
2025-04-30 19:30:00+00:00,238.38999938964844,241.4960021972656,237.88999938964844,241.009994506836,219770
2025-05-01 13:30:00+00:00,238.3600006103516,242.9199981689453,235.80499267578125,242.6000061035156,101427
2025-05-01 14:30:00+00:00,242.4750061035156,243.1199951171875,241.6450042724609,242.7449951171875,72412
2025-05-01 15:30:00+00:00,242.75,242.75,241.25469970703125,241.509994506836,110956
2025-05-01 16:30:00+00:00,241.509994506836,242.6000061035156,241.2749938964844,242.5175018310547,92945
2025-05-01 17:30:00+00:00,242.5,243.0200042724609,241.9600067138672,242.13999938964844,80849
2025-05-01 18:30:00+00:00,242.1199951171875,242.7400054931641,241.6450042724609,242.3300018310547,89752
2025-05-01 19:30:00+00:00,242.3500061035156,242.3500061035156,240.72000122070312,241.1699981689453,169734
2025-05-02 13:30:00+00:00,244.47999572753903,245.2949981689453,243.3249969482422,244.07000732421875,64879
2025-05-02 14:30:00+00:00,244.1000061035156,246.7700042724609,243.9499969482422,244.75,80897
2025-05-02 15:30:00+00:00,244.7700042724609,246.639892578125,244.5446014404297,246.40499877929688,58156
2025-05-02 16:30:00+00:00,246.40499877929688,247.3500061035156,246.27999877929688,246.7100067138672,52984
2025-05-02 17:30:00+00:00,246.56179809570312,247.6000061035156,246.4900054931641,246.92999267578125,80697
2025-05-02 18:30:00+00:00,247.0599975585937,248.5,246.7050018310547,247.9499969482422,108338
2025-05-02 19:30:00+00:00,248.0,248.72000122070312,247.55499267578125,247.6699981689453,276313
2025-05-05 13:30:00+00:00,247.6300048828125,248.13999938964844,245.95399475097656,247.58799743652344,76127
2025-05-05 14:30:00+00:00,247.72000122070312,248.97999572753903,247.6000061035156,248.97999572753903,61308
2025-05-05 15:30:00+00:00,248.9900054931641,249.08999633789065,248.52999877929688,249.0399932861328,52392
2025-05-05 16:30:00+00:00,248.9250030517578,249.32000732421875,247.759994506836,247.9250030517578,49026
2025-05-05 17:30:00+00:00,248.0500030517578,248.5,247.8650054931641,248.2050018310547,65610
2025-05-05 18:30:00+00:00,248.1999969482422,248.3099975585937,247.08999633789065,247.2850036621093,71441
2025-05-05 19:30:00+00:00,247.27999877929688,247.2899932861328,246.1999969482422,246.8300018310547,178360
2025-05-06 13:30:00+00:00,245.0500030517578,245.8800048828125,244.1499938964844,245.5350036621093,59987
2025-05-06 14:30:00+00:00,245.5200042724609,246.259994506836,244.8000030517578,246.1300048828125,44272
2025-05-06 15:30:00+00:00,246.1450042724609,246.88999938964844,245.6100006103516,245.90499877929688,37735
2025-05-06 16:30:00+00:00,246.0800018310547,246.1100006103516,244.38999938964844,244.4100036621093,39626
2025-05-06 17:30:00+00:00,244.44000244140625,244.55499267578125,243.33999633789065,243.56500244140625,63130
2025-05-06 18:30:00+00:00,243.42999267578125,244.4550018310547,243.42999267578125,244.15499877929688,70780
2025-05-06 19:30:00+00:00,244.13999938964844,244.6699981689453,243.7949981689453,243.9199981689453,198639
2025-05-07 13:30:00+00:00,244.2700042724609,248.42999267578125,244.2700042724609,245.69000244140625,74154
2025-05-07 14:30:00+00:00,245.759994506836,246.69000244140625,245.4349975585937,246.22000122070312,58756
2025-05-07 15:30:00+00:00,246.3600006103516,246.77999877929688,245.8600006103516,246.0249938964844,38943
2025-05-07 16:30:00+00:00,246.19000244140625,247.5800018310547,246.1849975585937,247.51499938964844,36713
2025-05-07 17:30:00+00:00,247.51499938964844,247.5500030517578,245.4600067138672,245.80499267578125,70969
2025-05-07 18:30:00+00:00,245.759994506836,247.0599975585937,245.1699981689453,245.4100036621093,81339
2025-05-07 19:30:00+00:00,245.40750122070312,246.759994506836,245.17999267578125,245.97999572753903,162358
2025-05-08 13:30:00+00:00,247.1300048828125,248.6600036621093,246.33999633789065,248.509994506836,70322
2025-05-08 14:30:00+00:00,248.2510986328125,250.32000732421875,247.44000244140625,249.8950042724609,79622
2025-05-08 15:30:00+00:00,249.8950042724609,252.67999267578125,249.56500244140625,251.47999572753903,129271
2025-05-08 16:30:00+00:00,251.3300018310547,251.6499938964844,250.7100067138672,251.25,94808
2025-05-08 17:30:00+00:00,251.4149932861328,251.625,250.3300018310547,250.92999267578125,107836
2025-05-08 18:30:00+00:00,250.6999969482422,251.3999938964844,249.8500061035156,250.0449981689453,110692
2025-05-08 19:30:00+00:00,250.1199951171875,250.6199951171875,248.759994506836,248.7700042724609,209752
2025-05-09 13:30:00+00:00,249.3999938964844,249.69000244140625,247.8600006103516,248.02999877929688,44992
2025-05-09 14:30:00+00:00,247.9199981689453,249.0,247.8800048828125,248.38999938964844,58681
2025-05-09 15:30:00+00:00,248.3500061035156,249.3000030517578,248.34500122070312,248.56500244140625,39153
2025-05-09 16:30:00+00:00,248.5449981689453,248.8999938964844,248.1499938964844,248.6450042724609,42014
2025-05-09 17:30:00+00:00,248.6699981689453,249.0599975585937,247.9149932861328,247.9149932861328,46207
2025-05-09 18:30:00+00:00,247.9239959716797,248.1999969482422,246.7899932861328,246.8099975585937,85138
2025-05-09 19:30:00+00:00,246.6000061035156,247.1699981689453,245.4499969482422,245.75,171620
2025-05-12 13:30:00+00:00,248.72999572753903,251.33999633789065,245.6699981689453,247.0,123434
2025-05-12 14:30:00+00:00,246.7899932861328,248.9600067138672,246.509994506836,248.9600067138672,86927
2025-05-12 15:30:00+00:00,248.97999572753903,249.6499938964844,248.2700042724609,249.5599975585937,153834
2025-05-12 16:30:00+00:00,249.82000732421875,250.07000732421875,249.2989959716797,249.5399932861328,84271
2025-05-12 17:30:00+00:00,249.5599975585937,250.33999633789065,249.3500061035156,249.3500061035156,66778
2025-05-12 18:30:00+00:00,249.32000732421875,250.1699981689453,248.8999938964844,250.13999938964844,85424
2025-05-12 19:30:00+00:00,250.13999938964844,251.259994506836,250.08999633789065,251.0599975585937,192489
2025-05-13 13:30:00+00:00,249.6999969482422,251.83999633789065,249.3800048828125,251.07000732421875,73707
2025-05-13 14:30:00+00:00,251.1499938964844,251.38999938964844,249.6750030517578,250.10499572753903,75790
2025-05-13 15:30:00+00:00,250.1499938964844,250.6499938964844,248.97999572753903,250.0,76043
2025-05-13 16:30:00+00:00,250.0599975585937,251.0599975585937,249.22999572753903,250.94000244140625,124622
2025-05-13 17:30:00+00:00,251.1000061035156,251.3099975585937,249.97000122070312,250.19000244140625,83604
2025-05-13 18:30:00+00:00,250.2100067138672,250.77999877929688,250.0,250.2100067138672,107931
2025-05-13 19:30:00+00:00,250.22999572753903,250.67999267578125,249.83999633789065,249.9100036621093,138312
2025-05-14 13:30:00+00:00,249.5,249.5,243.07000732421875,243.22000122070312,100621
2025-05-14 14:30:00+00:00,243.22000122070312,245.3999938964844,243.22000122070312,245.13999938964844,110835
2025-05-14 15:30:00+00:00,245.1199951171875,245.88999938964844,244.3300018310547,244.3300018310547,55148
2025-05-14 16:30:00+00:00,244.07000732421875,244.8099975585937,243.70640563964844,243.8699951171875,47886
2025-05-14 17:30:00+00:00,243.8699951171875,244.34500122070312,243.47999572753903,243.6071929931641,58587
2025-05-14 18:30:00+00:00,243.58999633789065,244.009994506836,242.8699951171875,243.44000244140625,100403
2025-05-14 19:30:00+00:00,243.42529296875,243.4936065673828,242.1699981689453,242.3999938964844,140766
2025-05-15 13:30:00+00:00,242.1000061035156,242.7100067138672,239.6699981689453,241.2350006103516,108139
2025-05-15 14:30:00+00:00,241.2350006103516,242.7700042724609,241.0599975585937,242.66749572753903,85673
2025-05-15 15:30:00+00:00,242.7700042724609,244.6199951171875,242.7050018310547,244.1199951171875,70911
2025-05-15 16:30:00+00:00,243.92999267578125,245.3300018310547,243.44500732421875,245.3300018310547,50807
2025-05-15 17:30:00+00:00,245.19000244140625,245.8999938964844,245.1600036621093,245.75,47709
2025-05-15 18:30:00+00:00,245.8699951171875,246.2599029541016,244.8950042724609,245.418197631836,98241
2025-05-15 19:30:00+00:00,245.4100036621093,246.3650054931641,245.31500244140625,246.3500061035156,151839
2025-05-16 13:30:00+00:00,246.8800048828125,249.13999938964844,244.9900054931641,246.625,90483
2025-05-16 14:30:00+00:00,246.6199951171875,248.52999877929688,246.6199951171875,248.08999633789065,45732
2025-05-16 15:30:00+00:00,248.009994506836,248.69000244140625,247.6750030517578,248.6300048828125,28159
2025-05-16 16:30:00+00:00,248.72000122070312,249.2899932861328,248.6699981689453,248.9900054931641,31632
2025-05-16 17:30:00+00:00,249.15499877929688,249.2700042724609,248.8000030517578,249.07000732421875,39214
2025-05-16 18:30:00+00:00,249.259994506836,249.6100006103516,248.82000732421875,249.0850067138672,59506
2025-05-16 19:30:00+00:00,249.0249938964844,249.82000732421875,248.77999877929688,249.509994506836,123324
2025-05-19 13:30:00+00:00,247.3600006103516,249.0399932861328,246.8000030517578,248.1999969482422,68508
2025-05-19 14:30:00+00:00,248.3099975585937,249.3600006103516,248.15499877929688,249.17999267578125,67484
2025-05-19 15:30:00+00:00,249.2899932861328,249.38999938964844,248.22000122070312,249.35519409179688,62381
2025-05-19 16:30:00+00:00,249.31500244140625,249.7700042724609,249.09500122070312,249.5050048828125,67848
2025-05-19 17:30:00+00:00,249.5050048828125,249.6199951171875,248.5200042724609,248.76499938964844,60070
2025-05-19 18:30:00+00:00,248.77999877929688,249.0399932861328,248.0249938964844,248.33999633789065,91453
2025-05-19 19:30:00+00:00,248.4499969482422,249.92999267578125,248.3800048828125,249.8000030517578,198987
2025-05-20 13:30:00+00:00,249.1499938964844,251.41769409179688,248.85499572753903,251.07000732421875,34974
2025-05-20 14:30:00+00:00,251.2400054931641,251.56500244140625,250.3600006103516,251.32000732421875,39280
2025-05-20 15:30:00+00:00,251.32000732421875,251.32000732421875,249.5,249.5500030517578,69523
2025-05-20 16:30:00+00:00,249.4900054931641,250.4100036621093,249.2850036621093,250.38999938964844,40141
2025-05-20 17:30:00+00:00,250.3477935791016,250.6000061035156,249.32000732421875,249.8999938964844,51792
2025-05-20 18:30:00+00:00,249.67999267578125,250.15499877929688,249.47999572753903,250.1000061035156,75604
2025-05-20 19:30:00+00:00,250.009506225586,250.94000244140625,249.9199981689453,250.69000244140625,214022
2025-05-21 13:30:00+00:00,247.8300018310547,248.65499877929688,241.1300048828125,241.32000732421875,110319
2025-05-21 14:30:00+00:00,241.625,244.3000030517578,241.2050018310547,244.134994506836,79135
2025-05-21 15:30:00+00:00,243.8999938964844,244.4349975585937,243.1100006103516,244.32000732421875,77186
2025-05-21 16:30:00+00:00,244.2550048828125,244.88999938964844,242.1000061035156,242.884994506836,133778
2025-05-21 17:30:00+00:00,242.8800048828125,243.9100036621093,242.02999877929688,242.72999572753903,134185
2025-05-21 18:30:00+00:00,242.7400054931641,243.2400054931641,241.3600006103516,241.3600006103516,109083
2025-05-21 19:30:00+00:00,241.4199981689453,242.1000061035156,241.08999633789065,241.17999267578125,154045
2025-05-22 13:30:00+00:00,240.7899932861328,241.1100006103516,239.8300018310547,240.4949951171875,54221
2025-05-22 14:30:00+00:00,240.1600036621093,241.3000030517578,239.8999938964844,240.9600067138672,42995
2025-05-22 15:30:00+00:00,241.0399932861328,241.9499969482422,241.0200042724609,241.57000732421875,52976
2025-05-22 16:30:00+00:00,241.60499572753903,241.8500061035156,240.8600006103516,241.7899932861328,42586
2025-05-22 17:30:00+00:00,241.6999969482422,242.25,241.58999633789065,242.09500122070312,59479
2025-05-22 18:30:00+00:00,242.02999877929688,243.1100006103516,241.83999633789065,243.07000732421875,66834
2025-05-22 19:30:00+00:00,243.10499572753903,243.3000030517578,241.759994506836,241.9499969482422,117150
2025-05-23 13:30:00+00:00,240.72999572753903,241.88999938964844,239.75,240.9199981689453,61828
2025-05-23 14:30:00+00:00,241.0200042724609,241.6600036621093,240.7949981689453,241.6600036621093,26367
2025-05-23 15:30:00+00:00,241.634994506836,242.1000061035156,240.94000244140625,241.35499572753903,39614
2025-05-23 16:30:00+00:00,241.25,242.0249938964844,240.9600067138672,241.82000732421875,36172
2025-05-23 17:30:00+00:00,241.82000732421875,242.0500030517578,241.3999938964844,241.4900054931641,44390
2025-05-23 18:30:00+00:00,241.61749267578125,241.9349975585937,241.4100036621093,241.75,57326
2025-05-23 19:30:00+00:00,241.7700042724609,242.8000030517578,241.7400054931641,242.5599975585937,138103
2025-05-27 13:30:00+00:00,245.6600036621093,246.69500732421875,244.6999969482422,245.5,57347
2025-05-27 14:30:00+00:00,245.6999969482422,247.7100067138672,245.5,247.6000061035156,109807
2025-05-27 15:30:00+00:00,247.57000732421875,247.8800048828125,247.1849975585937,247.67999267578125,68513
2025-05-27 16:30:00+00:00,247.625,248.6300048828125,247.6199951171875,247.92999267578125,74010
2025-05-27 17:30:00+00:00,247.97999572753903,248.27999877929688,247.0599975585937,247.06500244140625,47726
2025-05-27 18:30:00+00:00,247.0800018310547,247.7100067138672,246.9221954345703,247.4149932861328,107572
2025-05-27 19:30:00+00:00,247.5,247.97999572753903,247.22000122070312,247.8099975585937,95896
2025-05-28 13:30:00+00:00,247.2400054931641,248.625,246.8600006103516,247.1300048828125,53373
2025-05-28 14:30:00+00:00,246.88999938964844,247.7749938964844,246.5500030517578,246.88999938964844,53410
2025-05-28 15:30:00+00:00,246.97000122070312,247.5249938964844,246.6100006103516,247.5249938964844,42542
2025-05-28 16:30:00+00:00,247.52999877929688,247.82000732421875,247.22000122070312,247.51499938964844,42000
2025-05-28 17:30:00+00:00,247.4100036621093,247.5,246.8950042724609,247.3999938964844,26687
2025-05-28 18:30:00+00:00,247.509994506836,247.67999267578125,246.375,247.0200042724609,65277
2025-05-28 19:30:00+00:00,246.9600067138672,247.1699981689453,246.6300048828125,247.0500030517578,87689
2025-05-29 13:30:00+00:00,247.33999633789065,248.1999969482422,245.25,246.8999938964844,63534
2025-05-29 14:30:00+00:00,246.8650054931641,246.94000244140625,246.1600036621093,246.634994506836,62886
2025-05-29 15:30:00+00:00,246.5,246.614501953125,245.5850067138672,246.34500122070312,59335
2025-05-29 16:30:00+00:00,246.4199981689453,246.6300048828125,246.1100006103516,246.384994506836,43554
2025-05-29 17:30:00+00:00,246.4100036621093,246.82000732421875,246.3300018310547,246.4199981689453,42166
2025-05-29 18:30:00+00:00,246.4550018310547,246.83999633789065,246.1450042724609,246.2700042724609,72440
2025-05-29 19:30:00+00:00,246.26499938964844,247.2400054931641,246.26499938964844,246.8099975585937,108728
2025-05-30 13:30:00+00:00,246.6999969482422,248.7899932861328,245.8650054931641,248.4199981689453,74795
2025-05-30 14:30:00+00:00,248.44500732421875,248.44500732421875,246.99009704589844,247.97000122070312,68603
2025-05-30 15:30:00+00:00,248.13999938964844,248.6000061035156,247.125,247.125,63343
2025-05-30 16:30:00+00:00,246.9600067138672,247.8999938964844,246.5399932861328,247.8999938964844,40855
2025-05-30 17:30:00+00:00,247.9250030517578,248.4199981689453,247.2474975585937,248.0,46867
2025-05-30 18:30:00+00:00,247.8999938964844,249.1100006103516,247.7100067138672,249.0399932861328,57356
2025-05-30 19:30:00+00:00,249.1000061035156,249.4499969482422,248.509994506836,248.8500061035156,166126
2025-06-02 13:30:00+00:00,248.1100006103516,248.8500061035156,243.7100067138672,246.3600006103516,70061
2025-06-02 14:30:00+00:00,246.3600006103516,247.2350006103516,245.38999938964844,246.46499633789065,53699
2025-06-02 15:30:00+00:00,246.47000122070312,246.83999633789065,245.6100006103516,246.1849975585937,34307
2025-06-02 16:30:00+00:00,246.1849975585937,246.8000030517578,246.1849975585937,246.69000244140625,21205
2025-06-02 17:30:00+00:00,246.55499267578125,247.44000244140625,246.1100006103516,247.3699951171875,35027
2025-06-02 18:30:00+00:00,247.32000732421875,248.13999938964844,247.27999877929688,248.1100006103516,40146
2025-06-02 19:30:00+00:00,247.9499969482422,248.0200042724609,247.6199951171875,247.88999938964844,77565
2025-06-03 13:30:00+00:00,247.1499938964844,248.12989807128903,245.3099975585937,247.9499969482422,73761
2025-06-03 14:30:00+00:00,248.0749969482422,248.4850006103516,247.22999572753903,248.1499938964844,47695
2025-06-03 15:30:00+00:00,248.08999633789065,249.2899932861328,248.08999633789065,248.8300018310547,56527
2025-06-03 16:30:00+00:00,248.8300018310547,250.33999633789065,248.5124969482422,250.33999633789065,62582
2025-06-03 17:30:00+00:00,250.27999877929688,250.57000732421875,249.7324981689453,250.4600067138672,71465
2025-06-03 18:30:00+00:00,250.38999938964844,250.52999877929688,249.3800048828125,249.9250030517578,57303
2025-06-03 19:30:00+00:00,250.009994506836,250.7700042724609,249.6000061035156,250.44000244140625,189870
2025-06-04 13:30:00+00:00,251.3500061035156,252.6999969482422,250.5200042724609,251.52999877929688,44353
2025-06-04 14:30:00+00:00,251.6100006103516,252.4499969482422,251.4199981689453,252.1779937744141,31444
2025-06-04 15:30:00+00:00,252.1224975585937,254.1195068359375,252.1224975585937,253.8600006103516,171023
2025-06-04 16:30:00+00:00,253.8600006103516,254.6600036621093,253.72000122070312,253.97000122070312,58030
2025-06-04 17:30:00+00:00,254.1100006103516,254.6300048828125,253.875,254.52999877929688,50811
2025-06-04 18:30:00+00:00,254.3999938964844,254.3999938964844,253.9920959472656,254.1999969482422,109671
2025-06-04 19:30:00+00:00,254.2050018310547,254.8500061035156,254.0200042724609,254.3800048828125,299361
2025-06-05 13:30:00+00:00,254.44000244140625,254.6300048828125,252.69500732421875,253.67999267578125,71178
2025-06-05 14:30:00+00:00,253.7350006103516,253.82000732421875,252.63999938964844,253.57000732421875,86087
2025-06-05 15:30:00+00:00,253.6499938964844,254.5599975585937,253.6499938964844,254.22999572753903,30837
2025-06-05 16:30:00+00:00,254.19650268554688,254.3793029785156,252.9550018310547,253.5050048828125,29411
2025-06-05 17:30:00+00:00,253.5,253.6000061035156,252.2100067138672,253.22999572753903,80669
2025-06-05 18:30:00+00:00,253.134994506836,253.4349975585937,252.3950042724609,252.69000244140625,111202
2025-06-05 19:30:00+00:00,252.7100067138672,253.6300048828125,251.97999572753903,252.17999267578125,161232
2025-06-06 13:30:00+00:00,253.3999938964844,254.0800018310547,252.17999267578125,252.6000061035156,46638
2025-06-06 14:30:00+00:00,252.3699951171875,252.6100006103516,251.6649932861328,252.0,0
2025-06-06 15:30:00+00:00,252.06500244140625,253.22000122070312,251.69000244140625,252.8000030517578,120609
2025-06-06 16:30:00+00:00,253.0200042724609,253.1199951171875,252.5500030517578,253.1199951171875,51986
2025-06-06 17:30:00+00:00,253.1649932861328,253.7700042724609,253.1000061035156,253.2700042724609,28770
2025-06-06 18:30:00+00:00,253.4550018310547,253.5800018310547,253.1687927246093,253.33999633789065,31614
2025-06-06 19:30:00+00:00,253.22999572753903,254.0,252.90499877929688,253.97000122070312,87949
2025-06-09 13:30:00+00:00,254.8699951171875,254.8699951171875,250.4100036621093,253.34500122070312,72290
2025-06-09 14:30:00+00:00,253.22999572753903,254.509994506836,252.3000030517578,254.25,64079
2025-06-09 15:30:00+00:00,254.2550048828125,255.5850067138672,254.25,255.4499969482422,58599
2025-06-09 16:30:00+00:00,255.4199981689453,256.2900085449219,255.009994506836,256.2099914550781,32981
2025-06-09 17:30:00+00:00,256.1499938964844,256.4100036621094,255.6100006103516,256.4100036621094,39724
2025-06-09 18:30:00+00:00,256.44000244140625,256.7580871582031,256.0400085449219,256.3099975585937,51503
2025-06-09 19:30:00+00:00,256.19000244140625,256.2799987792969,255.6499938964844,255.6499938964844,112020
2025-06-10 13:30:00+00:00,255.8800048828125,258.1000061035156,255.009994506836,258.0249938964844,68498
2025-06-10 14:30:00+00:00,258.0299987792969,258.8699951171875,257.32000732421875,258.3299865722656,63215
2025-06-10 15:30:00+00:00,258.2799987792969,258.3800048828125,257.6099853515625,258.07501220703125,38370
2025-06-10 16:30:00+00:00,258.07501220703125,259.05499267578125,257.8699951171875,259.05499267578125,40325
2025-06-10 17:30:00+00:00,259.17999267578125,259.29998779296875,258.24005126953125,258.4649963378906,50773
2025-06-10 18:30:00+00:00,258.3800048828125,258.70001220703125,257.9349975585937,258.17999267578125,79908
2025-06-10 19:30:00+00:00,258.1549987792969,259.45001220703125,257.92999267578125,259.3999938964844,203648
2025-06-11 13:30:00+00:00,260.0,262.125,258.6600036621094,260.0199890136719,84801
2025-06-11 14:30:00+00:00,260.1499938964844,261.0599975585937,259.5599975585937,260.29998779296875,54583
2025-06-11 15:30:00+00:00,260.239990234375,260.8800048828125,259.89208984375,260.1300048828125,38423
2025-06-11 16:30:00+00:00,260.3590087890625,261.2300109863281,259.7099914550781,261.05499267578125,41515
2025-06-11 17:30:00+00:00,261.1300048828125,261.1300048828125,259.0199890136719,259.55499267578125,43447
2025-06-11 18:30:00+00:00,259.4800109863281,260.1099853515625,258.9767150878906,259.2250061035156,55246
2025-06-11 19:30:00+00:00,259.2250061035156,260.04998779296875,258.8900146484375,260.0299987792969,123788
2025-06-12 13:30:00+00:00,259.54998779296875,259.7149963378906,257.6199951171875,259.6199951171875,44117
2025-06-12 14:30:00+00:00,259.8399963378906,259.9800109863281,259.0450134277344,259.260009765625,32523
2025-06-12 15:30:00+00:00,259.41259765625,259.760009765625,259.1600036621094,259.57000732421875,19198
2025-06-12 16:30:00+00:00,259.6383056640625,260.3599853515625,259.42999267578125,260.19000244140625,38356
2025-06-12 17:30:00+00:00,260.2900085449219,260.54998779296875,260.1499938964844,260.4349975585937,25619
2025-06-12 18:30:00+00:00,260.4200134277344,260.9800109863281,260.4200134277344,260.8299865722656,44213
2025-06-12 19:30:00+00:00,260.8349914550781,261.7900085449219,260.2900085449219,261.69000244140625,120765
2025-06-13 13:30:00+00:00,259.6400146484375,262.3900146484375,257.7099914550781,261.9175109863281,60120
2025-06-13 14:30:00+00:00,261.9349975585937,262.6849975585937,261.510009765625,262.6499938964844,48160
2025-06-13 15:30:00+00:00,262.6000061035156,263.6000061035156,262.6000061035156,262.8500061035156,38186
2025-06-13 16:30:00+00:00,262.875,263.4800109863281,262.1499938964844,262.1499938964844,31740
2025-06-13 17:30:00+00:00,262.0400085449219,262.7200012207031,261.4700012207031,261.4700012207031,52470
2025-06-13 18:30:00+00:00,261.4349975585937,261.8599853515625,260.29998779296875,260.29998779296875,101552
2025-06-13 19:30:00+00:00,260.510009765625,261.1700134277344,260.20001220703125,261.1199951171875,123049
2025-06-16 13:30:00+00:00,261.7699890136719,263.29998779296875,259.3599853515625,262.81500244140625,65968
2025-06-16 14:30:00+00:00,262.82000732421875,263.5150146484375,259.19000244140625,261.7900085449219,63964
2025-06-16 15:30:00+00:00,261.70001220703125,262.57000732421875,261.4100036621094,262.114990234375,46377
2025-06-16 16:30:00+00:00,262.2049865722656,263.239990234375,262.1499938964844,263.239990234375,49073
2025-06-16 17:30:00+00:00,263.260009765625,263.3013916015625,262.5299987792969,262.6549987792969,44770
2025-06-16 18:30:00+00:00,262.6199951171875,263.1199951171875,262.489990234375,263.1199951171875,72358
2025-06-16 19:30:00+00:00,263.135986328125,264.0299987792969,262.8900146484375,263.8599853515625,199026
2025-06-17 13:30:00+00:00,262.19000244140625,262.989990234375,260.260009765625,261.5899963378906,113421
2025-06-17 14:30:00+00:00,261.8999938964844,262.260009765625,261.114990234375,261.7650146484375,72800
2025-06-17 15:30:00+00:00,261.8599853515625,262.6600036621094,261.5899963378906,262.4599914550781,41832
2025-06-17 16:30:00+00:00,262.4100036621094,262.5,261.07000732421875,261.1000061035156,61895
2025-06-17 17:30:00+00:00,261.1199951171875,261.4700012207031,259.625,260.0799865722656,52212
2025-06-17 18:30:00+00:00,260.010009765625,260.07501220703125,259.1000061035156,259.7900085449219,60458
2025-06-17 19:30:00+00:00,259.70001220703125,260.0599975585937,259.0299987792969,259.3399963378906,134926
2025-06-18 13:30:00+00:00,259.5299987792969,260.3450012207031,258.3900146484375,260.3450012207031,41577
2025-06-18 14:30:00+00:00,260.489990234375,262.19000244140625,260.29010009765625,262.0450134277344,49932
2025-06-18 15:30:00+00:00,261.9200134277344,262.5899963378906,261.70001220703125,262.2699890136719,33205
2025-06-18 16:30:00+00:00,262.3900146484375,262.92498779296875,261.9599914550781,262.5299987792969,33461
2025-06-18 17:30:00+00:00,262.3500061035156,263.510009765625,262.0299987792969,262.8299865722656,40265
2025-06-18 18:30:00+00:00,262.8999938964844,263.510009765625,261.57000732421875,261.7850036621094,86892
2025-06-18 19:30:00+00:00,261.8374938964844,262.6000061035156,261.29998779296875,261.3999938964844,159213
2025-06-20 13:30:00+00:00,262.5299987792969,263.1499938964844,261.0400085449219,261.8399963378906,92076
2025-06-20 14:30:00+00:00,261.7449951171875,263.0,261.57000732421875,262.70001220703125,37907
2025-06-20 15:30:00+00:00,263.0299987792969,263.0299987792969,261.4700012207031,261.8599853515625,43018
2025-06-20 16:30:00+00:00,261.8699951171875,262.5599975585937,261.5199890136719,261.6700134277344,29827
2025-06-20 17:30:00+00:00,261.5400085449219,261.9599914550781,260.635009765625,261.7300109863281,62242
2025-06-20 18:30:00+00:00,261.8099975585937,261.989990234375,261.17999267578125,261.4800109863281,103782
2025-06-20 19:30:00+00:00,261.5,262.3500061035156,261.0400085449219,261.8399963378906,210540
2025-06-23 13:30:00+00:00,260.70001220703125,262.6400146484375,259.090087890625,261.67999267578125,53793
2025-06-23 14:30:00+00:00,261.5899963378906,262.1300048828125,260.1849975585937,260.19500732421875,27534
2025-06-23 15:30:00+00:00,260.1300048828125,260.70001220703125,259.4700012207031,259.4700012207031,49302
2025-06-23 16:30:00+00:00,259.4464111328125,260.5350036621094,258.489990234375,260.3900146484375,40154
2025-06-23 17:30:00+00:00,260.3500061035156,260.92999267578125,259.92999267578125,260.6499938964844,80508
2025-06-23 18:30:00+00:00,260.57000732421875,260.92999267578125,259.07000732421875,260.489990234375,131857
2025-06-23 19:30:00+00:00,260.4800109863281,261.4100036621094,260.3900146484375,261.04998779296875,173612
2025-06-24 13:30:00+00:00,261.8099975585937,262.1199951171875,258.70001220703125,259.4100036621094,65467
2025-06-24 14:30:00+00:00,259.3399963378906,260.6099853515625,259.0050048828125,260.0400085449219,84450
2025-06-24 15:30:00+00:00,260.0299987792969,261.5224914550781,260.0299987792969,261.3800048828125,34947
2025-06-24 16:30:00+00:00,261.3900146484375,262.1300048828125,261.19000244140625,261.3699951171875,51752
2025-06-24 17:30:00+00:00,261.2699890136719,262.42999267578125,261.2699890136719,262.3949890136719,54233
2025-06-24 18:30:00+00:00,262.3999938964844,263.44000244140625,262.3800048828125,263.44000244140625,61107
2025-06-24 19:30:00+00:00,263.3800048828125,263.5,262.1600036621094,262.5400085449219,138969
2025-06-25 13:30:00+00:00,261.7300109863281,261.7300109863281,258.95001220703125,259.2200012207031,77812
2025-06-25 14:30:00+00:00,258.8699951171875,259.0199890136719,257.8699951171875,258.4200134277344,63541
2025-06-25 15:30:00+00:00,258.3099975585937,258.95001220703125,257.7200012207031,258.7349853515625,43399
2025-06-25 16:30:00+00:00,258.7900085449219,259.1099853515625,258.20001220703125,259.0101013183594,30948
2025-06-25 17:30:00+00:00,259.0799865722656,259.17999267578125,258.3900146484375,258.9100036621094,45087
2025-06-25 18:30:00+00:00,258.8599853515625,259.8800048828125,258.7900085449219,259.70001220703125,47240
2025-06-25 19:30:00+00:00,259.7099914550781,259.7799987792969,258.1499938964844,258.69000244140625,149906
2025-06-26 13:30:00+00:00,260.25,261.125,257.6499938964844,259.0299987792969,116388
2025-06-26 14:30:00+00:00,259.2950134277344,259.82000732421875,258.0799865722656,258.6600036621094,80426
2025-06-26 15:30:00+00:00,258.5899963378906,258.70001220703125,254.83999633789065,256.2799987792969,120207
2025-06-26 16:30:00+00:00,256.32501220703125,256.8900146484375,255.0,256.3399963378906,90976
2025-06-26 17:30:00+00:00,256.4599914550781,257.32000732421875,255.8999938964844,255.8999938964844,62246
2025-06-26 18:30:00+00:00,256.0450134277344,256.44500732421875,255.3999938964844,256.1199951171875,123720
2025-06-26 19:30:00+00:00,256.0899963378906,257.4800109863281,256.0199890136719,256.82000732421875,215622
2025-06-27 13:30:00+00:00,257.8399963378906,259.010009765625,255.51499938964844,258.8399963378906,99997
2025-06-27 14:30:00+00:00,258.8599853515625,261.07000732421875,258.8599853515625,260.17498779296875,101762
2025-06-27 15:30:00+00:00,260.25,261.8949890136719,260.0599975585937,261.8949890136719,93461
2025-06-27 16:30:00+00:00,262.0599975585937,262.32000732421875,261.42999267578125,261.5199890136719,62000
2025-06-27 17:30:00+00:00,261.6300048828125,261.88751220703125,260.1199951171875,260.510009765625,84727
2025-06-27 18:30:00+00:00,260.6099853515625,260.6700134277344,259.6499938964844,259.8599853515625,72305
2025-06-27 19:30:00+00:00,259.92999267578125,260.6400146484375,259.3399963378906,260.57000732421875,228861
2025-06-30 13:30:00+00:00,260.75,261.9100036621094,259.8500061035156,260.95001220703125,64721
2025-06-30 14:30:00+00:00,260.82000732421875,261.25,260.3999938964844,260.760009765625,46252
2025-06-30 15:30:00+00:00,260.8074951171875,261.1499938964844,260.0799865722656,260.29998779296875,41435
2025-06-30 16:30:00+00:00,260.17999267578125,261.42999267578125,260.17999267578125,261.2749938964844,36393
2025-06-30 17:30:00+00:00,261.3349914550781,261.75,260.5400085449219,261.29998779296875,49233
2025-06-30 18:30:00+00:00,261.29998779296875,262.4750061035156,261.1300048828125,262.4599914550781,60194
2025-06-30 19:30:00+00:00,262.4949951171875,262.9750061035156,261.9800109863281,262.32000732421875,155954
2025-07-01 13:30:00+00:00,261.54998779296875,263.44000244140625,261.0299987792969,263.4349975585937,47330
2025-07-01 14:30:00+00:00,263.6300048828125,265.72119140625,263.5,265.260009765625,72053
2025-07-01 15:30:00+00:00,265.0849914550781,265.5799865722656,264.6600036621094,264.7900085449219,43275
2025-07-01 16:30:00+00:00,264.6499938964844,265.1000061035156,262.5599975585937,264.0799865722656,129785
2025-07-01 17:30:00+00:00,264.1400146484375,265.010009765625,263.3699951171875,264.6700134277344,126614
2025-07-01 18:30:00+00:00,264.6650085449219,265.6449890136719,264.53289794921875,265.3299865722656,141699
2025-07-01 19:30:00+00:00,265.3699951171875,265.38751220703125,263.3500061035156,264.2699890136719,162038
2025-07-02 13:30:00+00:00,262.17999267578125,262.2699890136719,258.9200134277344,258.92999267578125,38977
2025-07-02 14:30:00+00:00,258.9849853515625,261.0,258.7200012207031,260.260009765625,91975
2025-07-02 15:30:00+00:00,260.31988525390625,260.5599975585937,259.2900085449219,260.3699951171875,35071
2025-07-02 16:30:00+00:00,260.2950134277344,260.9200134277344,259.7550048828125,260.8800048828125,25870
2025-07-02 17:30:00+00:00,260.9599914550781,261.07501220703125,260.3399963378906,260.8599853515625,69416
2025-07-02 18:30:00+00:00,260.8299865722656,261.0249938964844,259.739990234375,259.8699951171875,72691
2025-07-02 19:30:00+00:00,259.9599914550781,260.2300109863281,259.4700012207031,259.9700012207031,175874
2025-07-03 13:30:00+00:00,260.1300048828125,261.9700012207031,260.1300048828125,260.8900146484375,62584
2025-07-03 14:30:00+00:00,261.0899963378906,262.4949951171875,261.0599975585937,261.4599914550781,32118
2025-07-03 15:30:00+00:00,261.6700134277344,262.04998779296875,261.3450012207031,261.9200134277344,38628
2025-07-07 13:30:00+00:00,261.8099975585937,261.8099975585937,259.8699951171875,260.31500244140625,68400
2025-07-07 14:30:00+00:00,260.31500244140625,260.510009765625,258.57000732421875,258.57000732421875,45502
2025-07-07 15:30:00+00:00,258.768798828125,259.0599975585937,257.4800109863281,257.7300109863281,50412
2025-07-07 16:30:00+00:00,257.760009765625,258.25,257.2087097167969,258.0799865722656,49525
2025-07-07 17:30:00+00:00,258.0,258.2099914550781,256.70001220703125,256.8511047363281,63906
2025-07-07 18:30:00+00:00,256.95001220703125,257.8500061035156,256.7200012207031,257.4800109863281,51347
2025-07-07 19:30:00+00:00,257.48748779296875,258.07000732421875,257.42999267578125,257.8099975585937,116820
2025-07-08 13:30:00+00:00,257.5599975585937,258.9750061035156,256.6449890136719,258.4150085449219,82046
2025-07-08 14:30:00+00:00,258.4049987792969,259.6700134277344,258.0249938964844,258.2349853515625,80038
2025-07-08 15:30:00+00:00,258.2200012207031,259.1700134277344,257.5400085449219,258.9619140625,47611
2025-07-08 16:30:00+00:00,258.9349975585937,258.9349975585937,257.17999267578125,257.75,32878
2025-07-08 17:30:00+00:00,257.9800109863281,257.9949951171875,257.1499938964844,257.4100036621094,29393
2025-07-08 18:30:00+00:00,257.5799865722656,258.1099853515625,257.4100036621094,257.8800048828125,41124
2025-07-08 19:30:00+00:00,257.8900146484375,257.9949951171875,257.04998779296875,257.45001220703125,195238
2025-07-09 13:30:00+00:00,260.010009765625,260.010009765625,257.3500061035156,257.3900146484375,48530
2025-07-09 14:30:00+00:00,257.0950012207031,257.54998779296875,256.8500061035156,257.3699951171875,34598
2025-07-09 15:30:00+00:00,257.67999267578125,258.1300048828125,257.2200012207031,257.3949890136719,24775
2025-07-09 16:30:00+00:00,257.31500244140625,258.0799865722656,256.9599914550781,257.8399963378906,46934
2025-07-09 17:30:00+00:00,257.8299865722656,258.70001220703125,257.6700134277344,258.4800109863281,48301
2025-07-09 18:30:00+00:00,258.6098937988281,259.1990051269531,258.5899963378906,259.1990051269531,96516
2025-07-09 19:30:00+00:00,259.135009765625,259.7799987792969,258.95001220703125,259.0599975585937,133362
2025-07-10 13:30:00+00:00,255.1000061035156,258.1700134277344,253.0399932861328,257.82000732421875,102268
2025-07-10 14:30:00+00:00,258.1000061035156,259.4700012207031,256.82000732421875,256.82000732421875,99612
2025-07-10 15:30:00+00:00,257.0450134277344,257.5,254.94000244140625,254.9550018310547,135409
2025-07-10 16:30:00+00:00,254.8800048828125,255.2400054931641,252.47000122070312,254.4949951171875,242354
2025-07-10 17:30:00+00:00,254.51499938964844,254.7400054931641,253.3800048828125,253.7250061035156,97246
2025-07-10 18:30:00+00:00,253.7250061035156,254.7050018310547,252.05499267578125,254.6150054931641,212178
2025-07-10 19:30:00+00:00,254.6499938964844,254.77999877929688,252.7100067138672,253.6199951171875,348120
2025-07-11 13:30:00+00:00,252.1300048828125,252.8950042724609,248.72999572753903,248.97999572753903,128095
2025-07-11 14:30:00+00:00,249.2949981689453,249.3249969482422,247.6300048828125,248.1300048828125,96225
2025-07-11 15:30:00+00:00,248.2550048828125,249.0850067138672,248.2100067138672,248.82749938964844,62938
2025-07-11 16:30:00+00:00,248.7749938964844,248.9100036621093,248.4250030517578,248.8600006103516,57536
2025-07-11 17:30:00+00:00,248.8600006103516,249.3300018310547,248.33999633789065,248.44000244140625,62187
2025-07-11 18:30:00+00:00,248.4600067138672,249.3300018310547,247.92999267578125,249.1600036621093,143196
2025-07-11 19:30:00+00:00,249.05499267578125,249.7899932861328,248.3800048828125,249.69000244140625,291842
2025-07-14 13:30:00+00:00,249.5,251.6699981689453,248.63999938964844,251.3500061035156,112362
2025-07-14 14:30:00+00:00,251.33999633789065,251.83999633789065,248.5800018310547,249.8000030517578,98400
2025-07-14 15:30:00+00:00,249.6999969482422,249.9598999023437,248.6000061035156,249.47999572753903,76686
2025-07-14 16:30:00+00:00,249.56500244140625,250.1600036621093,249.47000122070312,249.9100036621093,66481
2025-07-14 17:30:00+00:00,249.875,250.5850067138672,249.49009704589844,250.13999938964844,63701
2025-07-14 18:30:00+00:00,250.19000244140625,250.83999633789065,249.94000244140625,250.134994506836,122161
2025-07-14 19:30:00+00:00,250.1499938964844,250.7400054931641,249.6100006103516,249.7400054931641,260288
2025-07-15 13:30:00+00:00,249.8000030517578,250.4100036621093,246.6100006103516,246.8500061035156,76469
2025-07-15 14:30:00+00:00,246.9550018310547,248.3699951171875,246.57000732421875,247.52999877929688,83673
2025-07-15 15:30:00+00:00,247.4199981689453,247.6600036621093,246.3699951171875,246.3699951171875,56846
2025-07-15 16:30:00+00:00,246.2700042724609,246.5800018310547,245.19000244140625,245.51499938964844,64312
2025-07-15 17:30:00+00:00,245.509994506836,246.0200042724609,245.19000244140625,245.32000732421875,59988
2025-07-15 18:30:00+00:00,245.3350067138672,246.1999969482422,245.25,245.7550048828125,101782
2025-07-15 19:30:00+00:00,245.8500061035156,246.0,245.2100067138672,245.58999633789065,214834
2025-07-16 13:30:00+00:00,245.6499938964844,246.125,244.22000122070312,245.71499633789065,80030
2025-07-16 14:30:00+00:00,245.82000732421875,246.6600036621093,244.1000061035156,244.44000244140625,75967
2025-07-16 15:30:00+00:00,244.4199981689453,245.83999633789065,244.2400054931641,245.5500030517578,33579
2025-07-16 16:30:00+00:00,245.5800018310547,246.06500244140625,245.2342071533203,245.8475036621093,42826
2025-07-16 17:30:00+00:00,245.7100067138672,246.0399932861328,245.0800018310547,245.7449951171875,53290
2025-07-16 18:30:00+00:00,245.7899932861328,246.3699951171875,245.5,245.92999267578125,53138
2025-07-16 19:30:00+00:00,245.9349975585937,246.13999938964844,245.3600006103516,245.97000122070312,155754
2025-07-17 13:30:00+00:00,245.1999969482422,246.7250061035156,244.4499969482422,245.884994506836,73251
2025-07-17 14:30:00+00:00,246.0800018310547,246.4499969482422,245.3300018310547,246.2850036621093,45500
2025-07-17 15:30:00+00:00,246.259994506836,246.5599975585937,245.6699981689453,246.0350036621093,60744
2025-07-17 16:30:00+00:00,246.0350036621093,246.3000030517578,245.77999877929688,246.17999267578125,28482
2025-07-17 17:30:00+00:00,246.22999572753903,247.38999938964844,245.9949951171875,247.38999938964844,35484
2025-07-17 18:30:00+00:00,247.47999572753903,247.77999877929688,246.6300048828125,246.7400054931641,106902
2025-07-17 19:30:00+00:00,246.7400054931641,247.97999572753903,246.6100006103516,247.3099975585937,176849
2025-07-18 13:30:00+00:00,247.82000732421875,249.2100067138672,246.3699951171875,246.3699951171875,79551
2025-07-18 14:30:00+00:00,246.5,246.5,244.82009887695312,245.2250061035156,53427
2025-07-18 15:30:00+00:00,245.1300048828125,245.1300048828125,243.5200042724609,243.5350036621093,57175
2025-07-18 16:30:00+00:00,243.6000061035156,243.9600067138672,242.8000030517578,242.8099975585937,46215
2025-07-18 17:30:00+00:00,243.009994506836,243.97000122070312,242.9900054931641,243.6699981689453,40048
2025-07-18 18:30:00+00:00,243.5749969482422,243.81500244140625,243.19000244140625,243.6100006103516,48709
2025-07-18 19:30:00+00:00,243.5500030517578,243.7899932861328,243.2899932861328,243.3000030517578,122006
2025-07-21 13:30:00+00:00,243.72000122070312,244.134994506836,241.8099975585937,243.32000732421875,79344
2025-07-21 14:30:00+00:00,243.1199951171875,245.0599975585937,242.8350067138672,244.6000061035156,90090
2025-07-21 15:30:00+00:00,244.88999938964844,244.88999938964844,244.1000061035156,244.25,37696
2025-07-21 16:30:00+00:00,244.17999267578125,244.44000244140625,243.7400054931641,244.0200042724609,44074
2025-07-21 17:30:00+00:00,244.0850067138672,244.21499633789065,243.38999938964844,243.9900054931641,54488
2025-07-21 18:30:00+00:00,243.9949951171875,244.80499267578125,243.5599975585937,243.759994506836,83824
2025-07-21 19:30:00+00:00,243.9600067138672,243.96499633789065,242.7740020751953,243.1499938964844,129529
2025-07-22 13:30:00+00:00,245.5399932861328,254.9600067138672,244.92999267578125,253.5,219138
2025-07-22 14:30:00+00:00,253.1999969482422,253.58999633789065,250.9149932861328,252.65499877929688,148700
2025-07-22 15:30:00+00:00,252.5200042724609,252.9199981689453,250.47000122070312,251.17999267578125,73764
2025-07-22 16:30:00+00:00,251.1750030517578,251.4499969482422,250.2350006103516,250.7400054931641,46738
2025-07-22 17:30:00+00:00,250.7550048828125,252.3500061035156,250.75,251.5500030517578,64401
2025-07-22 18:30:00+00:00,251.6999969482422,252.77999877929688,251.25,252.69500732421875,87405
2025-07-22 19:30:00+00:00,252.82000732421875,253.2899932861328,251.9199981689453,251.9900054931641,190293
2025-07-23 13:30:00+00:00,254.02999877929688,256.17498779296875,253.5599975585937,254.42999267578125,98583
2025-07-23 14:30:00+00:00,254.33999633789065,254.4550018310547,251.4600067138672,251.7449951171875,97031
2025-07-23 15:30:00+00:00,251.69000244140625,252.8300018310547,251.1150054931641,251.7899932861328,93670
2025-07-23 16:30:00+00:00,251.6150054931641,251.6150054931641,250.259994506836,250.97999572753903,90511
2025-07-23 17:30:00+00:00,250.96499633789065,251.2550048828125,249.75,250.1699981689453,101126
2025-07-23 18:30:00+00:00,250.27999877929688,250.3999938964844,248.55499267578125,249.3600006103516,165104
2025-07-23 19:30:00+00:00,249.25,251.2100067138672,248.6600036621093,250.6699981689453,300377
2025-07-24 13:30:00+00:00,266.6300048828125,283.4700012207031,259.989990234375,280.29998779296875,590475
2025-07-24 14:30:00+00:00,280.5,280.5,268.010009765625,269.010009765625,323453
2025-07-24 15:30:00+00:00,268.9200134277344,269.3984069824219,266.75,268.5450134277344,258430
2025-07-24 16:30:00+00:00,268.5450134277344,270.1700134277344,267.5799865722656,267.6300048828125,157086
2025-07-24 17:30:00+00:00,267.7699890136719,268.1499938964844,266.364990234375,266.75,116581
2025-07-24 18:30:00+00:00,266.9299011230469,269.3399963378906,266.44000244140625,268.739990234375,228641
2025-07-24 19:30:00+00:00,268.739990234375,269.70001220703125,267.25,267.25,455692
2025-07-25 13:30:00+00:00,268.0400085449219,268.5849914550781,265.1600036621094,266.0599975585937,95123
2025-07-25 14:30:00+00:00,265.95001220703125,267.07000732421875,264.3500061035156,264.510009765625,121475
2025-07-25 15:30:00+00:00,264.69000244140625,264.7699890136719,259.3550109863281,261.489990234375,152557
2025-07-25 16:30:00+00:00,261.5199890136719,264.9549865722656,261.5199890136719,264.2049865722656,125499
2025-07-25 17:30:00+00:00,264.42498779296875,264.9649963378906,263.239990234375,264.3500061035156,110009
2025-07-25 18:30:00+00:00,264.3550109863281,265.7049865722656,263.9599914550781,265.6499938964844,110836
2025-07-25 19:30:00+00:00,265.6449890136719,266.1099853515625,264.3399963378906,264.9100036621094,227690
2025-07-28 13:30:00+00:00,262.8800048828125,263.8500061035156,259.7950134277344,261.0400085449219,76199
2025-07-28 14:30:00+00:00,261.3299865722656,262.57000732421875,260.7099914550781,262.1300048828125,60766
2025-07-28 15:30:00+00:00,261.7900085449219,262.82000732421875,261.7825012207031,262.489990234375,44802
2025-07-28 16:30:00+00:00,262.55499267578125,262.760009765625,260.9599914550781,261.0599975585937,39324
2025-07-28 17:30:00+00:00,260.92999267578125,261.56500244140625,260.92999267578125,261.4599914550781,40189
2025-07-28 18:30:00+00:00,261.3500061035156,261.5199890136719,259.9049987792969,260.6000061035156,53664
2025-07-28 19:30:00+00:00,260.6600036621094,261.8900146484375,260.0,261.8800048828125,216570
2025-07-29 13:30:00+00:00,261.8500061035156,262.7799987792969,260.3475036621094,262.3900146484375,52483
2025-07-29 14:30:00+00:00,262.1199951171875,263.7699890136719,261.8599853515625,262.3399963378906,49325
2025-07-29 15:30:00+00:00,262.3550109863281,262.6000061035156,261.510009765625,262.510009765625,46067
2025-07-29 16:30:00+00:00,262.3999938964844,263.0199890136719,262.0299987792969,262.3399963378906,31016
2025-07-29 17:30:00+00:00,262.3399963378906,262.6300048828125,260.1600036621094,260.25,44737
2025-07-29 18:30:00+00:00,260.260009765625,260.9150085449219,260.1700134277344,260.7900085449219,55765
2025-07-29 19:30:00+00:00,260.7049865722656,261.8500061035156,260.2300109863281,261.7200012207031,143713
2025-07-30 13:30:00+00:00,259.92999267578125,264.95001220703125,259.3800048828125,263.7749938964844,52750
2025-07-30 14:30:00+00:00,263.7900085449219,264.2850036621094,263.2799987792969,263.9599914550781,33637
2025-07-30 15:30:00+00:00,263.9200134277344,264.6600036621094,263.8099975585937,263.8699951171875,30604
2025-07-30 16:30:00+00:00,263.8800048828125,264.875,263.8599853515625,264.875,32784
2025-07-30 17:30:00+00:00,264.8099975585937,265.2900085449219,263.8900146484375,265.1400146484375,51477
2025-07-30 18:30:00+00:00,265.1700134277344,265.69000244140625,262.3789978027344,262.510009765625,67508
2025-07-30 19:30:00+00:00,262.69000244140625,264.4200134277344,262.19500732421875,263.8900146484375,177577
2025-07-31 13:30:00+00:00,260.989990234375,262.8800048828125,260.7250061035156,262.5899963378906,46739
2025-07-31 14:30:00+00:00,262.6700134277344,263.1300048828125,260.3999938964844,261.739990234375,80636
2025-07-31 15:30:00+00:00,261.57501220703125,262.3599853515625,261.5599975585937,262.1099853515625,32422
2025-07-31 16:30:00+00:00,262.1600036621094,262.32000732421875,261.45001220703125,261.6700134277344,36509
2025-07-31 17:30:00+00:00,261.67999267578125,262.3800048828125,259.92999267578125,261.8599853515625,46730
2025-07-31 18:30:00+00:00,261.7699890136719,261.94000244140625,260.0400085449219,260.3299865722656,45177
2025-07-31 19:30:00+00:00,260.2200012207031,260.2200012207031,258.760009765625,260.1000061035156,151919
2025-08-01 13:30:00+00:00,259.5899963378906,260.67999267578125,256.6849975585937,258.94000244140625,67467
2025-08-01 14:30:00+00:00,258.989990234375,259.05499267578125,257.0,258.07000732421875,61574
2025-08-01 15:30:00+00:00,258.239990234375,261.6199951171875,257.44000244140625,261.375,104860
2025-08-01 16:30:00+00:00,261.5,261.8699951171875,260.7099914550781,261.44500732421875,43792
2025-08-01 17:30:00+00:00,261.4649963378906,261.5299987792969,260.5350036621094,261.3699951171875,47038
2025-08-01 18:30:00+00:00,261.25,261.5799865722656,260.8299865722656,260.875,72476
2025-08-01 19:30:00+00:00,260.79998779296875,261.6099853515625,260.6700134277344,261.5119934082031,141091
2025-08-04 13:30:00+00:00,261.2300109863281,264.2200012207031,261.0799865722656,263.7099914550781,42108
2025-08-04 14:30:00+00:00,263.7049865722656,265.82000732421875,263.2699890136719,265.0199890136719,53868
2025-08-04 15:30:00+00:00,265.2300109863281,265.70001220703125,264.8210144042969,264.8599853515625,31685
2025-08-04 16:30:00+00:00,264.8949890136719,265.42999267578125,264.2080993652344,264.31500244140625,25613
2025-08-04 17:30:00+00:00,264.32501220703125,264.69000244140625,262.8500061035156,262.9649963378906,63431
2025-08-04 18:30:00+00:00,262.8800048828125,263.54998779296875,262.6199951171875,263.29998779296875,93798
2025-08-04 19:30:00+00:00,263.4100036621094,264.1700134277344,263.1000061035156,263.82000732421875,132023
2025-08-05 13:30:00+00:00,263.5899963378906,264.114990234375,260.4775085449219,260.92999267578125,72004
2025-08-05 14:30:00+00:00,260.92999267578125,262.8667907714844,260.1499938964844,261.239990234375,61998
2025-08-05 15:30:00+00:00,261.5,263.5450134277344,260.70001220703125,263.5450134277344,38366
2025-08-05 16:30:00+00:00,263.5400085449219,264.17498779296875,262.9649963378906,263.57501220703125,33271
2025-08-05 17:30:00+00:00,263.5299987792969,263.8699951171875,263.0899963378906,263.2650146484375,29549
2025-08-05 18:30:00+00:00,263.2449951171875,263.8099975585937,263.1300048828125,263.42498779296875,41307
2025-08-05 19:30:00+00:00,263.42999267578125,263.5199890136719,263.07000732421875,263.44000244140625,119543
2025-08-06 13:30:00+00:00,262.8999938964844,264.3299865722656,259.8299865722656,262.4200134277344,40008
2025-08-06 14:30:00+00:00,262.42999267578125,263.6199951171875,261.8500061035156,262.7200012207031,52366
2025-08-06 15:30:00+00:00,262.8999938964844,263.239990234375,262.1000061035156,262.4800109863281,41945
2025-08-06 16:30:00+00:00,262.3949890136719,262.44000244140625,261.6600036621094,261.7149963378906,14414
2025-08-06 17:30:00+00:00,261.69000244140625,262.0799865722656,261.1199951171875,261.4949951171875,25890
2025-08-06 18:30:00+00:00,261.2200012207031,261.8550109863281,260.8900146484375,261.79998779296875,50002
2025-08-06 19:30:00+00:00,261.6700134277344,262.32000732421875,260.79998779296875,260.95001220703125,162719
2025-08-07 13:30:00+00:00,261.8699951171875,262.4599914550781,260.0899963378906,261.3999938964844,58020
2025-08-07 14:30:00+00:00,261.0400085449219,261.8099975585937,260.0299987792969,260.0299987792969,28511
2025-08-07 15:30:00+00:00,260.07501220703125,260.8500061035156,259.17999267578125,260.4800109863281,50880
2025-08-07 16:30:00+00:00,260.4700012207031,260.7699890136719,259.239990234375,259.45001220703125,42067
2025-08-07 17:30:00+00:00,259.2200012207031,259.6199951171875,258.6000061035156,259.04998779296875,57413
2025-08-07 18:30:00+00:00,258.989990234375,259.69000244140625,258.5799865722656,258.6099853515625,62343
2025-08-07 19:30:00+00:00,258.7300109863281,259.8999938964844,258.3599853515625,259.8999938964844,149369
2025-08-08 13:30:00+00:00,259.82000732421875,262.9049987792969,259.5199890136719,262.4100036621094,58147
2025-08-08 14:30:00+00:00,262.54998779296875,263.5799865722656,262.25,262.95001220703125,49292
2025-08-08 15:30:00+00:00,262.989990234375,266.17498779296875,262.8399963378906,265.9800109863281,66579
2025-08-08 16:30:00+00:00,265.92999267578125,266.6700134277344,265.489990234375,265.8099975585937,57729
2025-08-08 17:30:00+00:00,265.9200134277344,266.1700134277344,265.3900146484375,265.614990234375,32521
2025-08-08 18:30:00+00:00,265.9700012207031,266.7850036621094,265.2401123046875,266.3905029296875,63680
2025-08-08 19:30:00+00:00,266.4100036621094,266.5199890136719,265.8800048828125,266.0400085449219,132616
2025-08-11 13:30:00+00:00,266.7799987792969,268.5050048828125,266.7799987792969,267.7300109863281,57484
2025-08-11 14:30:00+00:00,267.2099914550781,268.2650146484375,267.0,267.7300109863281,77451
2025-08-11 15:30:00+00:00,267.5,268.489990234375,267.0599975585937,268.07000732421875,39247
2025-08-11 16:30:00+00:00,268.1499938964844,268.5899963378906,267.6199951171875,267.9049987792969,38466
2025-08-11 17:30:00+00:00,267.9049987792969,268.1600036621094,267.1300048828125,267.2200012207031,35323
2025-08-11 18:30:00+00:00,267.5799865722656,268.1400146484375,267.4100036621094,268.0,47512
2025-08-11 19:30:00+00:00,267.9849853515625,268.44000244140625,267.4750061035156,267.8299865722656,152228
2025-08-12 13:30:00+00:00,267.1700134277344,271.2099914550781,267.1700134277344,269.3500061035156,63327
2025-08-12 14:30:00+00:00,269.2300109863281,270.32501220703125,268.2449951171875,270.32501220703125,39300
2025-08-12 15:30:00+00:00,270.0950012207031,270.385009765625,268.30499267578125,268.327392578125,28188
2025-08-12 16:30:00+00:00,268.6099853515625,269.0299987792969,268.1700134277344,268.5799865722656,21573
2025-08-12 17:30:00+00:00,268.79998779296875,269.0,268.1499938964844,268.7149963378906,23913
2025-08-12 18:30:00+00:00,268.9049987792969,269.4949951171875,268.6099853515625,268.67999267578125,56507
2025-08-12 19:30:00+00:00,268.7349853515625,269.3999938964844,268.4800109863281,269.32000732421875,96638
2025-08-13 13:30:00+00:00,269.5599975585937,270.3800048828125,268.0198974609375,268.8949890136719,67338
2025-08-13 14:30:00+00:00,269.0899963378906,272.1199951171875,269.0899963378906,272.1199951171875,90244
2025-08-13 15:30:00+00:00,272.20001220703125,272.20001220703125,271.0,271.82000732421875,42456
2025-08-13 16:30:00+00:00,272.0,272.6600036621094,271.7550048828125,271.8450012207031,30397
2025-08-13 17:30:00+00:00,271.67999267578125,271.67999267578125,270.7250061035156,271.3999938964844,32186
2025-08-13 18:30:00+00:00,271.3999938964844,271.8099975585937,271.0150146484375,271.635009765625,42813
2025-08-13 19:30:00+00:00,271.75,272.5799865722656,271.7099914550781,272.489990234375,110669
2025-08-14 13:30:00+00:00,271.95001220703125,271.95001220703125,269.1600036621094,269.9049987792969,32440
2025-08-14 14:30:00+00:00,269.6199951171875,270.7250061035156,269.5466003417969,270.04998779296875,25037
2025-08-14 15:30:00+00:00,270.1700134277344,270.3699951171875,269.6499938964844,269.6499938964844,11998
2025-08-14 16:30:00+00:00,269.6675109863281,270.3800048828125,269.3794860839844,270.3299865722656,13072
2025-08-14 17:30:00+00:00,270.6199951171875,271.4100036621094,270.4700012207031,271.29998779296875,18346
2025-08-14 18:30:00+00:00,271.2200012207031,272.07000732421875,271.0050048828125,271.989990234375,46066
2025-08-14 19:30:00+00:00,271.9649963378906,272.3900146484375,271.1700134277344,271.2200012207031,92869
2025-08-15 13:30:00+00:00,272.2200012207031,272.2200012207031,269.5799865722656,270.45001220703125,54121
2025-08-15 14:30:00+00:00,270.92999267578125,271.5,270.3299865722656,270.3299865722656,19277
2025-08-15 15:30:00+00:00,270.3550109863281,271.5599975585937,270.2550048828125,270.81500244140625,27870
2025-08-15 16:30:00+00:00,270.81500244140625,270.98760986328125,270.25,270.91778564453125,23728
2025-08-15 17:30:00+00:00,270.82000732421875,271.4150085449219,270.672607421875,271.06500244140625,22919
2025-08-15 18:30:00+00:00,270.8800048828125,271.29998779296875,270.4125061035156,270.5799865722656,28472
2025-08-15 19:30:00+00:00,270.6099853515625,270.8800048828125,270.3599853515625,270.3699951171875,86409
2025-08-18 13:30:00+00:00,271.0599975585937,271.6400146484375,269.67999267578125,270.8599853515625,48935
2025-08-18 14:30:00+00:00,270.8949890136719,271.67498779296875,270.3999938964844,270.3999938964844,47994
2025-08-18 15:30:00+00:00,270.6000061035156,270.8099975585937,269.8599853515625,270.4949951171875,30527
2025-08-18 16:30:00+00:00,270.5299987792969,270.8949890136719,270.1300048828125,270.8800048828125,25970
2025-08-18 17:30:00+00:00,270.885009765625,271.2200012207031,270.5201110839844,270.9549865722656,37813
2025-08-18 18:30:00+00:00,270.8500061035156,271.3699951171875,270.82000732421875,270.989990234375,39287
2025-08-18 19:30:00+00:00,270.9700012207031,271.2099914550781,270.4649963378906,270.489990234375,106853
2025-08-19 13:30:00+00:00,270.489990234375,276.54998779296875,270.2449951171875,276.54998779296875,99831
2025-08-19 14:30:00+00:00,276.510009765625,276.9549865722656,275.1099853515625,276.3999938964844,55462
2025-08-19 15:30:00+00:00,276.29998779296875,276.4700012207031,275.6600952148437,275.6600952148437,50644
2025-08-19 16:30:00+00:00,275.8999938964844,277.3399963378906,275.8999938964844,277.04998779296875,45818
2025-08-19 17:30:00+00:00,277.1050109863281,277.2200012207031,276.67498779296875,276.8500061035156,49068
2025-08-19 18:30:00+00:00,276.69000244140625,277.8099975585937,276.3699951171875,277.57000732421875,81016
2025-08-19 19:30:00+00:00,277.5400085449219,277.69000244140625,275.70001220703125,275.95001220703125,299762
2025-08-20 13:30:00+00:00,276.29998779296875,278.92498779296875,275.2699890136719,275.8599853515625,82391
2025-08-20 14:30:00+00:00,275.32000732421875,276.5799865722656,275.2799987792969,275.5599975585937,59738
2025-08-20 15:30:00+00:00,275.5599975585937,276.25,275.510009765625,276.010009765625,36373
2025-08-20 16:30:00+00:00,276.125,277.6099853515625,275.9599914550781,277.5199890136719,34391
2025-08-20 17:30:00+00:00,277.3500061035156,278.0599975585937,277.04998779296875,277.94000244140625,62339
2025-08-20 18:30:00+00:00,277.8349914550781,278.04998779296875,277.031005859375,277.6000061035156,105219
2025-08-20 19:30:00+00:00,277.69000244140625,278.739990234375,277.4599914550781,278.04998779296875,211891
2025-08-21 13:30:00+00:00,276.8900146484375,278.2900085449219,275.6099853515625,277.4700012207031,37721
2025-08-21 14:30:00+00:00,277.57501220703125,278.57000732421875,277.4200134277344,278.5350036621094,39598
2025-08-21 15:30:00+00:00,278.4599914550781,278.67999267578125,277.92498779296875,278.2650146484375,27215
2025-08-21 16:30:00+00:00,278.2650146484375,278.5899963378906,277.8699951171875,277.8699951171875,33408
2025-08-21 17:30:00+00:00,277.94000244140625,279.1199951171875,277.8999938964844,278.8349914550781,32232
2025-08-21 18:30:00+00:00,278.6600036621094,278.760009765625,277.489990234375,277.5,39870
2025-08-21 19:30:00+00:00,277.5,277.5899963378906,276.4309997558594,276.69000244140625,100639
2025-08-22 13:30:00+00:00,277.8999938964844,280.2799987792969,277.59149169921875,279.9949951171875,36892
2025-08-22 14:30:00+00:00,280.1000061035156,280.1199951171875,278.7900085449219,279.70001220703125,36228
2025-08-22 15:30:00+00:00,279.70001220703125,279.8699951171875,278.0769958496094,278.0799865722656,40643
2025-08-22 16:30:00+00:00,277.79998779296875,279.5400085449219,277.79998779296875,278.6199951171875,28396
2025-08-22 17:30:00+00:00,278.6499938964844,278.6499938964844,277.3299865722656,277.75,60379
2025-08-22 18:30:00+00:00,277.75,278.5459899902344,277.3800048828125,277.8299865722656,53906
2025-08-22 19:30:00+00:00,277.80499267578125,278.3599853515625,277.2699890136719,278.19000244140625,131842
2025-08-25 13:30:00+00:00,277.95001220703125,277.95001220703125,275.7449951171875,276.6400146484375,28814
2025-08-25 14:30:00+00:00,276.6400146484375,277.260009765625,275.989990234375,277.0899963378906,27562
2025-08-25 15:30:00+00:00,276.9849853515625,277.1700134277344,276.614990234375,276.95001220703125,29483
2025-08-25 16:30:00+00:00,276.92999267578125,277.1499938964844,276.1700134277344,276.3800048828125,19861
2025-08-25 17:30:00+00:00,276.25,276.5400085449219,275.6400146484375,275.7900085449219,28839
2025-08-25 18:30:00+00:00,275.8699951171875,276.6400146484375,275.7149963378906,276.1199951171875,35090
2025-08-25 19:30:00+00:00,276.1099853515625,276.4100036621094,275.7099914550781,276.1849975585937,81968
2025-08-26 13:30:00+00:00,276.1199951171875,277.8599853515625,274.9700012207031,277.1549987792969,40849
2025-08-26 14:30:00+00:00,277.2699890136719,277.9100036621094,276.6600036621094,277.9100036621094,29631
2025-08-26 15:30:00+00:00,278.0400085449219,278.95001220703125,277.82501220703125,278.7200012207031,32096
2025-08-26 16:30:00+00:00,278.6099853515625,279.2650146484375,278.6099853515625,279.0299987792969,25368
2025-08-26 17:30:00+00:00,278.70001220703125,278.70001220703125,277.4599914550781,277.8099975585937,35308
2025-08-26 18:30:00+00:00,278.1099853515625,278.4800109863281,277.6400146484375,278.2699890136719,35757
2025-08-26 19:30:00+00:00,278.2699890136719,278.70001220703125,277.32000732421875,278.385009765625,101845
2025-08-27 13:30:00+00:00,279.1099853515625,280.0,277.8550109863281,278.5,30311
2025-08-27 14:30:00+00:00,278.364990234375,279.1099853515625,278.0199890136719,278.864990234375,34577
2025-08-27 15:30:00+00:00,278.5400085449219,278.6549987792969,277.86358642578125,278.6499938964844,24425
2025-08-27 16:30:00+00:00,278.6300048828125,278.9599914550781,278.07000732421875,278.8299865722656,23742
2025-08-27 17:30:00+00:00,278.8349914550781,279.0599060058594,278.4200134277344,279.0599060058594,24897
2025-08-27 18:30:00+00:00,278.67999267578125,279.32000732421875,278.6600036621094,278.7799987792969,28700
2025-08-27 19:30:00+00:00,278.7850036621094,279.7900085449219,278.75,279.29998779296875,59369
2025-08-28 13:30:00+00:00,277.8999938964844,278.3800048828125,275.7181091308594,276.5047912597656,31794
2025-08-28 14:30:00+00:00,276.4100036621094,276.4100036621094,274.6499938964844,274.6499938964844,31510
2025-08-28 15:30:00+00:00,274.7900085449219,275.2200012207031,274.4750061035156,274.739990234375,17626
2025-08-28 16:30:00+00:00,274.7900085449219,275.26348876953125,274.70001220703125,274.70001220703125,13124
2025-08-28 17:30:00+00:00,274.7749938964844,275.0111999511719,274.1499938964844,274.32000732421875,19326
2025-08-28 18:30:00+00:00,274.3349914550781,275.5400085449219,274.3349914550781,274.7900085449219,23456
2025-08-28 19:30:00+00:00,274.885009765625,275.5950012207031,274.6700134277344,275.29998779296875,64911
2025-08-29 13:30:00+00:00,275.9200134277344,277.4100036621094,274.94000244140625,276.5199890136719,42119
2025-08-29 14:30:00+00:00,276.5599975585937,276.9999084472656,275.7699890136719,275.7950134277344,25760
2025-08-29 15:30:00+00:00,275.81500244140625,276.79998779296875,275.81500244140625,276.79998779296875,28248
2025-08-29 16:30:00+00:00,276.9849853515625,277.6300048828125,276.94000244140625,277.6300048828125,23860
2025-08-29 17:30:00+00:00,277.75,278.17999267578125,277.7099914550781,278.05499267578125,18222
2025-08-29 18:30:00+00:00,278.04998779296875,278.3299865722656,277.69000244140625,278.260009765625,24385
2025-08-29 19:30:00+00:00,278.4849853515625,278.4849853515625,277.6199951171875,278.1000061035156,77608
2025-09-02 13:30:00+00:00,275.9700012207031,277.4700012207031,274.2900085449219,277.1650085449219,54673
2025-09-02 14:30:00+00:00,277.32000732421875,277.32000732421875,275.8900146484375,275.9649963378906,32190
2025-09-02 15:30:00+00:00,275.9100036621094,275.9549865722656,275.1600036621094,275.1600036621094,30967
2025-09-02 16:30:00+00:00,275.1199951171875,275.1199951171875,274.57000732421875,274.739990234375,30234
2025-09-02 17:30:00+00:00,274.69000244140625,275.3699951171875,274.5,274.5199890136719,30570
2025-09-02 18:30:00+00:00,274.5599975585937,274.8900146484375,274.2799987792969,274.614990234375,47218
2025-09-02 19:30:00+00:00,274.5899963378906,274.6000061035156,273.6000061035156,273.6499938964844,168804
2025-09-03 13:30:00+00:00,272.5599975585937,274.9898986816406,271.5150146484375,272.2650146484375,41807
2025-09-03 14:30:00+00:00,271.9800109863281,273.0899963378906,271.9800109863281,272.6099853515625,28748
2025-09-03 15:30:00+00:00,272.42999267578125,272.42999267578125,271.17999267578125,271.5994873046875,28225
2025-09-03 16:30:00+00:00,271.806884765625,271.92498779296875,271.2799987792969,271.4349975585937,28634
2025-09-03 17:30:00+00:00,271.54998779296875,273.5899963378906,271.5400085449219,273.5599975585937,40835
2025-09-03 18:30:00+00:00,273.5599975585937,273.9200134277344,273.2135009765625,273.4590148925781,33675
2025-09-03 19:30:00+00:00,273.5,274.085205078125,273.4200134277344,273.8299865722656,92609
2025-09-04 13:30:00+00:00,275.17999267578125,275.17999267578125,272.3800048828125,273.3399963378906,35608
2025-09-04 14:30:00+00:00,273.32000732421875,274.0199890136719,273.0801086425781,273.9549865722656,41285
2025-09-04 15:30:00+00:00,274.1000061035156,274.30499267578125,273.625,273.70001220703125,21589
2025-09-04 16:30:00+00:00,273.6499938964844,273.8832092285156,273.2699890136719,273.8265075683594,12987
2025-09-04 17:30:00+00:00,273.8099975585937,274.7550048828125,273.6099853515625,274.42999267578125,30344
2025-09-04 18:30:00+00:00,274.2250061035156,274.6499938964844,273.8999938964844,274.364990234375,23173
2025-09-04 19:30:00+00:00,274.25,275.489990234375,274.1499938964844,275.125,62376
2025-09-05 13:30:00+00:00,275.2300109863281,276.6199951171875,273.94000244140625,275.8500061035156,38036
2025-09-05 14:30:00+00:00,275.7749938964844,276.70001220703125,275.1099853515625,276.70001220703125,19159
2025-09-05 15:30:00+00:00,276.6199951171875,277.2699890136719,276.5199890136719,277.2699890136719,18401
2025-09-05 16:30:00+00:00,276.5899963378906,277.25,276.57000732421875,277.1650085449219,13610
2025-09-05 17:30:00+00:00,276.8999938964844,277.5950012207031,276.7699890136719,277.5950012207031,19453
2025-09-05 18:30:00+00:00,277.75,278.29998779296875,277.69000244140625,278.1499938964844,23561
2025-09-05 19:30:00+00:00,278.1549987792969,279.0299987792969,277.7247009277344,278.5899963378906,73224
2025-09-08 13:30:00+00:00,278.3599853515625,278.3599853515625,276.3949890136719,277.06500244140625,45329
2025-09-08 14:30:00+00:00,277.06500244140625,278.9599914550781,277.06500244140625,278.5150146484375,32210
2025-09-08 15:30:00+00:00,278.45001220703125,278.45001220703125,277.29998779296875,277.3399963378906,26406
2025-09-08 16:30:00+00:00,277.1499938964844,277.2300109863281,273.9750061035156,274.8399963378906,81684
2025-09-08 17:30:00+00:00,275.25,277.1470031738281,273.2799987792969,276.70001220703125,250850
2025-09-08 18:30:00+00:00,276.7049865722656,277.1099853515625,275.1400146484375,275.2349853515625,83634
2025-09-08 19:30:00+00:00,275.239990234375,277.2900085449219,275.0799865722656,277.2099914550781,62293
2025-09-09 13:30:00+00:00,277.5,277.5,275.57501220703125,275.57501220703125,27526
2025-09-09 14:30:00+00:00,275.29998779296875,276.54998779296875,275.0150146484375,276.54998779296875,40871
2025-09-09 15:30:00+00:00,276.92999267578125,277.5299987792969,276.4800109863281,277.0050048828125,26862
2025-09-09 16:30:00+00:00,277.0,277.42498779296875,276.3900146484375,277.42498779296875,25059
2025-09-09 17:30:00+00:00,277.71649169921875,278.135009765625,277.71649169921875,277.8900146484375,29014
2025-09-09 18:30:00+00:00,278.04998779296875,279.0,278.04998779296875,278.1849975585937,91043
2025-09-09 19:30:00+00:00,278.0899963378906,278.6000061035156,277.9200134277344,278.1300048828125,85482
2025-09-10 13:30:00+00:00,277.44000244140625,277.56500244140625,273.3999938964844,275.2349853515625,57461
2025-09-10 14:30:00+00:00,275.5799865722656,275.5799865722656,272.4800109863281,273.9049987792969,49021
2025-09-10 15:30:00+00:00,273.9624938964844,274.3999938964844,273.3399963378906,274.0199890136719,50234
2025-09-10 16:30:00+00:00,273.989990234375,274.67999267578125,273.82000732421875,274.4549865722656,45944
2025-09-10 17:30:00+00:00,274.260009765625,274.3599853515625,273.5199890136719,273.7200012207031,35795
2025-09-10 18:30:00+00:00,273.9200134277344,275.0400085449219,273.5823059082031,273.5823059082031,46834
2025-09-10 19:30:00+00:00,273.4809875488281,273.5599975585937,272.8500061035156,272.94000244140625,85015
2025-09-11 13:30:00+00:00,273.8900146484375,276.57000732421875,270.0,276.57000732421875,64242
2025-09-11 14:30:00+00:00,276.69000244140625,277.7099914550781,276.69000244140625,277.5599975585937,24888
2025-09-11 15:30:00+00:00,277.44500732421875,277.739990234375,276.9200134277344,277.67999267578125,17825
2025-09-11 16:30:00+00:00,277.8099975585937,278.1000061035156,277.5,277.9599914550781,26870
2025-09-11 17:30:00+00:00,278.0199890136719,279.33990478515625,277.4692077636719,279.260009765625,34747
2025-09-11 18:30:00+00:00,279.260009765625,279.8900146484375,279.1000061035156,279.6274108886719,31812
2025-09-11 19:30:00+00:00,279.8599853515625,281.6849975585937,279.760009765625,279.760009765625,95084
2025-09-12 13:30:00+00:00,278.8500061035156,280.8399963378906,278.19000244140625,280.25,32310
2025-09-12 14:30:00+00:00,279.95001220703125,280.5,279.1600036621094,279.2850036621094,22753
2025-09-12 15:30:00+00:00,279.3900146484375,280.1400146484375,279.239990234375,280.1400146484375,35981
2025-09-12 16:30:00+00:00,280.17999267578125,280.2799987792969,279.20001220703125,279.8599853515625,36546
2025-09-12 17:30:00+00:00,279.8500061035156,280.6499938964844,279.6700134277344,280.489990234375,18084
2025-09-12 18:30:00+00:00,280.4700012207031,280.4750061035156,279.0199890136719,279.0199890136719,36022
2025-09-12 19:30:00+00:00,279.0299987792969,279.04998779296875,277.7149963378906,278.0599975585937,89943
2025-09-15 13:30:00+00:00,277.4599914550781,278.0400085449219,276.1300964355469,276.8999938964844,69344
2025-09-15 14:30:00+00:00,276.8949890136719,277.3299865722656,275.7699890136719,275.9700012207031,28181
2025-09-15 15:30:00+00:00,275.6700134277344,275.6700134277344,274.6400146484375,275.239990234375,29617
2025-09-15 16:30:00+00:00,275.32000732421875,276.0599975585937,274.9849853515625,274.9849853515625,22468
2025-09-15 17:30:00+00:00,275.239990234375,275.760009765625,274.4700012207031,274.5299987792969,24106
2025-09-15 18:30:00+00:00,274.5299987792969,275.6499938964844,274.25,275.5799865722656,62531
2025-09-15 19:30:00+00:00,275.6050109863281,276.1000061035156,275.1549987792969,275.4010009765625,98036
2025-09-16 13:30:00+00:00,275.3999938964844,277.0,273.8999938964844,274.510009765625,30857
2025-09-16 14:30:00+00:00,274.5,275.8800048828125,274.2900085449219,275.010009765625,34261
2025-09-16 15:30:00+00:00,274.6600036621094,275.7300109863281,274.5599975585937,275.1300048828125,16814
2025-09-16 16:30:00+00:00,275.0050048828125,275.79998779296875,274.82000732421875,275.3999938964844,22322
2025-09-16 17:30:00+00:00,275.3349914550781,275.6099853515625,274.5400085449219,274.8800048828125,26070
2025-09-16 18:30:00+00:00,274.8800048828125,275.0050048828125,274.1000061035156,274.1449890136719,49795
2025-09-16 19:30:00+00:00,274.0299987792969,275.6600036621094,273.875,274.114990234375,93246
2025-09-17 13:30:00+00:00,274.0899963378906,276.260009765625,273.5299987792969,275.7799987792969,47016
2025-09-17 14:30:00+00:00,275.5150146484375,276.29998779296875,275.260009765625,275.8699951171875,29666
2025-09-17 15:30:00+00:00,275.864990234375,276.4200134277344,275.3900146484375,276.04998779296875,28825
2025-09-17 16:30:00+00:00,276.19000244140625,276.2699890136719,275.6499938964844,275.7099914550781,15397
2025-09-17 17:30:00+00:00,275.7099914550781,278.44000244140625,275.5799865722656,277.7699890136719,39630
2025-09-17 18:30:00+00:00,277.7699890136719,277.7699890136719,275.30499267578125,275.864990234375,44251
2025-09-17 19:30:00+00:00,275.8699951171875,277.0400085449219,275.427490234375,276.1400146484375,94253
2025-09-18 13:30:00+00:00,274.2200012207031,278.625,274.2200012207031,278.04998779296875,36847
2025-09-18 14:30:00+00:00,278.0899963378906,278.0899963378906,276.70001220703125,276.82501220703125,30110
2025-09-18 15:30:00+00:00,276.8900146484375,277.239990234375,276.1679992675781,277.0599975585937,32828
2025-09-18 16:30:00+00:00,277.3299865722656,278.1449890136719,277.0199890136719,277.94000244140625,33207
2025-09-18 17:30:00+00:00,278.010009765625,278.31500244140625,277.6199951171875,277.7149963378906,23850
2025-09-18 18:30:00+00:00,277.7550048828125,277.8800048828125,276.8370056152344,277.32501220703125,36267
2025-09-18 19:30:00+00:00,277.32501220703125,277.7300109863281,276.9700012207031,277.0599975585937,105936
2025-09-19 13:30:00+00:00,277.67999267578125,278.31500244140625,276.260009765625,277.0,99561
2025-09-19 14:30:00+00:00,276.9649963378906,277.1099853515625,276.4800109863281,276.8399963378906,21972
2025-09-19 15:30:00+00:00,276.8399963378906,277.8800048828125,276.75,277.44000244140625,39922
2025-09-19 16:30:00+00:00,277.3900146484375,277.3900146484375,276.6000061035156,277.25,32877
2025-09-19 17:30:00+00:00,277.3299865722656,277.5599975585937,276.0400085449219,276.3299865722656,34076
2025-09-19 18:30:00+00:00,276.3599853515625,278.3999938964844,276.19000244140625,278.3999938964844,45122
2025-09-19 19:30:00+00:00,278.5299987792969,278.5299987792969,276.8999938964844,277.3500061035156,87635
2025-09-22 13:30:00+00:00,276.0299987792969,279.75,275.0599975585937,278.4800109863281,97167
2025-09-22 14:30:00+00:00,278.4700012207031,279.5924987792969,278.3599853515625,278.7799987792969,31971
2025-09-22 15:30:00+00:00,278.6300048828125,279.4700012207031,278.1650085449219,278.6199951171875,48344
2025-09-22 16:30:00+00:00,278.67999267578125,279.67498779296875,278.3800048828125,278.3800048828125,23490
2025-09-22 17:30:00+00:00,278.44000244140625,278.7098999023437,277.5700988769531,278.7098999023437,24452
2025-09-22 18:30:00+00:00,278.2300109863281,279.6700134277344,278.19000244140625,278.8900146484375,28714
2025-09-22 19:30:00+00:00,278.760009765625,279.75,278.57000732421875,278.94000244140625,133655
2025-09-23 13:30:00+00:00,278.8999938964844,283.4700012207031,278.7650146484375,282.9200134277344,50725
2025-09-23 14:30:00+00:00,283.0,283.1000061035156,281.8099975585937,282.4750061035156,28877
2025-09-23 15:30:00+00:00,282.75,282.8299865722656,281.8900146484375,282.67498779296875,25775
2025-09-23 16:30:00+00:00,282.739990234375,282.9599914550781,281.239990234375,281.3099975585937,37487
2025-09-23 17:30:00+00:00,281.1099853515625,281.2900085449219,280.3399963378906,280.7300109863281,37454
2025-09-23 18:30:00+00:00,280.70001220703125,280.70001220703125,279.5350036621094,279.7200012207031,41896
2025-09-23 19:30:00+00:00,279.7200012207031,281.1499938964844,279.57000732421875,280.0299987792969,106327
2025-09-24 13:30:00+00:00,279.8500061035156,282.0,278.4549865722656,280.375,73271
2025-09-24 14:30:00+00:00,280.3099975585937,281.989990234375,280.0599975585937,281.0299987792969,25887
2025-09-24 15:30:00+00:00,281.0799865722656,281.20001220703125,280.6099853515625,281.0299987792969,18103
2025-09-24 16:30:00+00:00,281.54998779296875,282.20001220703125,281.1099853515625,282.0400085449219,41722
2025-09-24 17:30:00+00:00,282.0,282.2200012207031,279.7699890136719,280.44000244140625,35537
2025-09-24 18:30:00+00:00,280.385009765625,280.385009765625,279.0299987792969,279.0299987792969,24802
2025-09-24 19:30:00+00:00,279.1600036621094,279.7900085449219,278.92999267578125,279.20001220703125,42162
2025-09-25 13:30:00+00:00,277.94000244140625,279.2300109863281,276.5400085449219,278.8900146484375,56131
2025-09-25 14:30:00+00:00,278.7699890136719,278.7699890136719,274.9100036621094,275.3800048828125,60485
2025-09-25 15:30:00+00:00,275.3550109863281,275.8599853515625,274.0799865722656,275.75750732421875,27651
2025-09-25 16:30:00+00:00,276.1871032714844,276.6600036621094,275.6000061035156,276.4599914550781,24715
2025-09-25 17:30:00+00:00,276.3599853515625,276.551513671875,275.4601135253906,276.114990234375,21455
2025-09-25 18:30:00+00:00,276.114990234375,276.5199890136719,275.6700134277344,275.9750061035156,34970
2025-09-25 19:30:00+00:00,275.7200012207031,277.1300048828125,275.6700134277344,276.1099853515625,79934
2025-09-26 13:30:00+00:00,278.1400146484375,279.5,276.69000244140625,279.1650085449219,44987
2025-09-26 14:30:00+00:00,279.1499938964844,279.9800109863281,278.8099975585937,279.9800109863281,54211
2025-09-26 15:30:00+00:00,280.3599853515625,280.6499938964844,279.67999267578125,280.614990234375,22676
2025-09-26 16:30:00+00:00,280.760009765625,281.8275146484375,280.75,281.0849914550781,37451
2025-09-26 17:30:00+00:00,281.010009765625,281.0299987792969,279.45001220703125,280.1300048828125,27266
2025-09-26 18:30:00+00:00,280.1400146484375,280.75,279.6700134277344,280.0299987792969,55871
2025-09-26 19:30:00+00:00,280.1600036621094,280.989990234375,280.0,280.69000244140625,85975
2025-09-29 13:30:00+00:00,280.6099853515625,281.42999267578125,279.19500732421875,281.29998779296875,49296
2025-09-29 14:30:00+00:00,281.2799987792969,282.510009765625,281.2799987792969,282.125,32286
2025-09-29 15:30:00+00:00,281.9599914550781,283.0,281.9599914550781,282.7799987792969,34207
2025-09-29 16:30:00+00:00,282.8800048828125,283.0,282.2699890136719,282.4599914550781,32274
2025-09-29 17:30:00+00:00,282.510009765625,283.3949890136719,282.510009765625,282.9599914550781,24683
2025-09-29 18:30:00+00:00,282.8699951171875,283.4674987792969,282.1307983398437,282.4849853515625,79261
2025-09-29 19:30:00+00:00,282.6300048828125,283.3598937988281,282.2799987792969,282.82000732421875,95487
2025-09-30 13:30:00+00:00,284.8800048828125,285.0,282.8599853515625,284.0350036621094,37016
2025-09-30 14:30:00+00:00,284.1000061035156,284.75,283.5350036621094,284.3900146484375,81469
2025-09-30 15:30:00+00:00,284.29998779296875,285.7300109863281,283.8599853515625,285.3900146484375,72602
2025-09-30 16:30:00+00:00,285.3699951171875,285.9100036621094,284.4966125488281,284.4966125488281,48627
2025-09-30 17:30:00+00:00,284.56500244140625,285.6650085449219,284.4200134277344,285.6400146484375,42536
2025-09-30 18:30:00+00:00,285.5350036621094,287.9100036621094,285.4200134277344,287.7300109863281,49489
2025-09-30 19:30:00+00:00,287.635009765625,288.3599853515625,286.94000244140625,287.3299865722656,130249
2025-10-01 13:30:00+00:00,287.4200134277344,289.19500732421875,285.0400085449219,286.2749938964844,83146
2025-10-01 14:30:00+00:00,286.45001220703125,286.45001220703125,283.239990234375,284.5899963378906,208836
2025-10-01 15:30:00+00:00,284.1700134277344,285.3800048828125,283.8299865722656,284.7950134277344,52223
2025-10-01 16:30:00+00:00,284.7950134277344,285.1000061035156,283.45001220703125,284.6199951171875,64457
2025-10-01 17:30:00+00:00,284.67498779296875,284.82000732421875,283.6000061035156,284.1600036621094,109155
2025-10-01 18:30:00+00:00,283.8210144042969,284.2900085449219,279.0400085449219,280.1549987792969,168176
2025-10-01 19:30:00+00:00,279.8800048828125,280.510009765625,278.9700012207031,279.010009765625,203714
2025-10-02 13:30:00+00:00,277.8399963378906,278.5,275.2699890136719,278.1400146484375,53381
2025-10-02 14:30:00+00:00,277.8999938964844,279.5299987792969,277.8999938964844,278.8299865722656,87665
2025-10-02 15:30:00+00:00,278.8599853515625,278.864990234375,277.9800109863281,278.8312072753906,36994
2025-10-02 16:30:00+00:00,278.6300048828125,279.25,278.1600036621094,279.07000732421875,23917
2025-10-02 17:30:00+00:00,278.9100036621094,278.95001220703125,278.114990234375,278.88250732421875,48160
2025-10-02 18:30:00+00:00,279.0799865722656,279.9100036621094,278.4200134277344,279.5599975585937,81225
2025-10-02 19:30:00+00:00,279.4848022460937,280.0,278.8999938964844,279.364990234375,130902
2025-10-03 13:30:00+00:00,279.9599914550781,281.20001220703125,277.5899963378906,279.7349853515625,74920
2025-10-03 14:30:00+00:00,280.0307006835937,280.2300109863281,277.5899963378906,277.8949890136719,42092
2025-10-03 15:30:00+00:00,277.87750244140625,279.6199951171875,277.7099914550781,278.82000732421875,60274
2025-10-03 16:30:00+00:00,278.9599914550781,279.19500732421875,276.67999267578125,277.8099975585937,55164
2025-10-03 17:30:00+00:00,277.7250061035156,278.2799987792969,277.239990234375,277.31658935546875,45050
2025-10-03 18:30:00+00:00,277.6199951171875,277.6199951171875,276.2699890136719,276.3800048828125,84141
2025-10-03 19:30:00+00:00,276.3399963378906,277.6600036621094,276.2300109863281,276.8500061035156,152852
2025-10-06 13:30:00+00:00,277.260009765625,277.2900085449219,273.45001220703125,275.5101013183594,71278
2025-10-06 14:30:00+00:00,276.0350036621094,276.4891052246094,274.54998779296875,275.2200012207031,46664
2025-10-06 15:30:00+00:00,275.5199890136719,276.6600036621094,275.4800109863281,276.010009765625,61366
2025-10-06 16:30:00+00:00,276.0199890136719,276.1499938964844,274.989990234375,275.8900146484375,52443
2025-10-06 17:30:00+00:00,275.8900146484375,275.95489501953125,274.9599914550781,275.0299987792969,50496
2025-10-06 18:30:00+00:00,275.0050048828125,275.3500061035156,274.625,275.0599975585937,80114
2025-10-06 19:30:00+00:00,275.0249938964844,275.94000244140625,274.69000244140625,275.0,171166
2025-10-07 13:30:00+00:00,276.2099914550781,278.5199890136719,274.2879943847656,277.7950134277344,86941
2025-10-07 14:30:00+00:00,277.4100036621094,282.1400146484375,276.010009765625,281.7200012207031,91522
2025-10-07 15:30:00+00:00,281.7900085449219,283.69000244140625,281.7200927734375,283.0400085449219,36416
2025-10-07 16:30:00+00:00,282.9599914550781,283.510009765625,281.54998779296875,282.0799865722656,42115
2025-10-07 17:30:00+00:00,281.8500061035156,282.4750061035156,280.9599914550781,281.1549987792969,47987
2025-10-07 18:30:00+00:00,281.3099975585937,281.6650085449219,278.94000244140625,279.0299987792969,113870
2025-10-07 19:30:00+00:00,279.1000061035156,279.8800048828125,278.8800048828125,279.54998779296875,124111
2025-10-08 13:30:00+00:00,279.260009765625,280.1600036621094,277.06500244140625,277.2149963378906,128821
2025-10-08 14:30:00+00:00,277.7099914550781,278.0,275.8800048828125,276.8500061035156,65511
2025-10-08 15:30:00+00:00,277.04998779296875,277.17999267578125,275.17498779296875,276.6600036621094,46460
2025-10-08 16:30:00+00:00,276.8399963378906,278.32000732421875,276.5400085449219,277.95001220703125,28939
2025-10-08 17:30:00+00:00,277.92999267578125,278.75,277.6700134277344,278.0599975585937,37397
2025-10-08 18:30:00+00:00,277.9700012207031,278.1300048828125,276.6199951171875,277.2349853515625,50698
2025-10-08 19:30:00+00:00,277.239990234375,277.7699890136719,276.8399963378906,277.45001220703125,95757
2025-10-09 13:30:00+00:00,278.04998779296875,280.6000061035156,278.04998779296875,279.8900146484375,68523
2025-10-09 14:30:00+00:00,279.7099914550781,280.2099914550781,279.29998779296875,279.3099975585937,25086
2025-10-09 15:30:00+00:00,279.3900146484375,279.9200134277344,278.9649963378906,279.5,28748
2025-10-09 16:30:00+00:00,279.5799865722656,280.3450012207031,278.79998779296875,279.07000732421875,35508
2025-10-09 17:30:00+00:00,279.0299987792969,279.6000061035156,278.17999267578125,278.5299987792969,38264
2025-10-09 18:30:00+00:00,278.54998779296875,279.0350036621094,277.489990234375,278.510009765625,45203
2025-10-09 19:30:00+00:00,278.5,278.7699890136719,277.3031921386719,277.7799987792969,106705
2025-10-10 13:30:00+00:00,278.19000244140625,283.0799865722656,278.19000244140625,278.9800109863281,40963
2025-10-10 14:30:00+00:00,278.7950134277344,279.20001220703125,277.0299987792969,277.2099914550781,53967
2025-10-10 15:30:00+00:00,277.2875061035156,277.44500732421875,276.2200012207031,277.260009765625,26915
2025-10-10 16:30:00+00:00,277.3599853515625,277.3599853515625,275.8800048828125,276.44000244140625,30789
2025-10-10 17:30:00+00:00,276.5899963378906,277.2699890136719,276.3900146484375,277.0799865722656,22390
2025-10-10 18:30:00+00:00,276.9549865722656,277.69500732421875,276.45001220703125,277.125,64452
2025-10-10 19:30:00+00:00,277.125,278.2550048828125,276.9674987792969,277.9349975585937,75027
2025-10-13 13:30:00+00:00,276.5599975585937,277.760009765625,276.07501220703125,277.2699890136719,32688
2025-10-13 14:30:00+00:00,276.75,279.5,276.5599975585937,278.92498779296875,31199
2025-10-13 15:30:00+00:00,278.92498779296875,280.0,278.92498779296875,279.510009765625,23715
2025-10-13 16:30:00+00:00,279.2300109863281,279.2300109863281,277.7699890136719,277.7699890136719,23304
2025-10-13 17:30:00+00:00,277.8900146484375,278.7650146484375,277.67999267578125,278.7099914550781,19998
2025-10-13 18:30:00+00:00,278.54998779296875,278.8900146484375,276.1600036621094,276.29998779296875,58691
2025-10-13 19:30:00+00:00,276.3699951171875,276.8999938964844,276.0599975585937,276.54998779296875,123524
2025-10-14 13:30:00+00:00,276.0,278.2799987792969,276.0,277.19500732421875,45692
2025-10-14 14:30:00+00:00,277.19500732421875,279.3299865722656,276.8399963378906,278.54998779296875,25705
2025-10-14 15:30:00+00:00,278.69000244140625,279.760009765625,278.6199951171875,278.9750061035156,17935
2025-10-14 16:30:00+00:00,279.1449890136719,279.8299865722656,279.1400146484375,279.739990234375,10085
2025-10-14 17:30:00+00:00,279.92999267578125,280.77398681640625,279.92999267578125,280.1449890136719,26114
2025-10-14 18:30:00+00:00,279.8962097167969,280.8299865722656,279.6400146484375,280.7149963378906,38774
2025-10-14 19:30:00+00:00,280.3599853515625,280.3599853515625,279.54998779296875,280.0050048828125,84829
2025-10-15 13:30:00+00:00,278.92999267578125,283.5400085449219,278.735107421875,283.0199890136719,41212
2025-10-15 14:30:00+00:00,282.8299865722656,283.1099853515625,281.114990234375,282.8999938964844,37394
2025-10-15 15:30:00+00:00,282.6300048828125,282.82000732421875,281.7749938964844,282.55499267578125,33452
2025-10-15 16:30:00+00:00,282.5,282.6329040527344,280.8099975585937,281.32501220703125,25985
2025-10-15 17:30:00+00:00,281.32501220703125,281.48199462890625,280.67010498046875,281.2850036621094,34749
2025-10-15 18:30:00+00:00,281.510009765625,282.79998779296875,281.3399963378906,282.6050109863281,44415
2025-10-15 19:30:00+00:00,282.7799987792969,282.8900146484375,281.9549865722656,282.8599853515625,94918
2025-10-16 13:30:00+00:00,283.3099975585937,285.95001220703125,282.6700134277344,285.510009765625,58491
2025-10-16 14:30:00+00:00,285.1600036621094,285.70001220703125,284.6300048828125,284.6300048828125,20689
2025-10-16 15:30:00+00:00,284.3299865722656,284.8500061035156,283.7650146484375,283.7699890136719,30669
2025-10-16 16:30:00+00:00,284.0,285.3299865722656,283.7099914550781,284.1449890136719,63921
2025-10-16 17:30:00+00:00,283.94000244140625,284.1449890136719,282.4599914550781,282.75,40971
2025-10-16 18:30:00+00:00,282.75,283.9200134277344,282.0350036621094,283.218505859375,54075
2025-10-16 19:30:00+00:00,283.8399963378906,283.8949890136719,283.17999267578125,283.7200012207031,74899
2025-10-17 13:30:00+00:00,284.67999267578125,286.8500061035156,283.5799865722656,285.7900085449219,49718
2025-10-17 14:30:00+00:00,285.6499938964844,286.1199951171875,284.5599975585937,285.3800048828125,64927
2025-10-17 15:30:00+00:00,285.2049865722656,286.7799072265625,285.2049865722656,286.3500061035156,26120
2025-10-17 16:30:00+00:00,286.489990234375,286.489990234375,285.20001220703125,285.7099914550781,42083
2025-10-17 17:30:00+00:00,285.5299987792969,286.0950012207031,285.3233947753906,285.8900146484375,47273
2025-10-17 18:30:00+00:00,285.864990234375,286.427490234375,285.2799987792969,285.875,59807
2025-10-17 19:30:00+00:00,285.7300109863281,286.2098999023437,285.3599853515625,285.9599914550781,86099
2025-10-20 13:30:00+00:00,287.3299865722656,288.57000732421875,286.00250244140625,287.7900085449219,36064
2025-10-20 14:30:00+00:00,287.4599914550781,288.9750061035156,287.4599914550781,288.75,23759
2025-10-20 15:30:00+00:00,288.54058837890625,289.20001220703125,288.3500061035156,289.20001220703125,27119
2025-10-20 16:30:00+00:00,289.1700134277344,290.2449951171875,289.1700134277344,289.9849853515625,19241
2025-10-20 17:30:00+00:00,289.9750061035156,290.54998779296875,289.60400390625,290.2349853515625,46357
2025-10-20 18:30:00+00:00,290.2749938964844,291.0,290.2325134277344,290.9150085449219,33785
2025-10-20 19:30:00+00:00,290.9349975585937,291.7799987792969,290.42498779296875,290.8999938964844,192705
2025-10-21 13:30:00+00:00,292.0299987792969,293.7200012207031,285.4700012207031,287.6700134277344,98457
2025-10-21 14:30:00+00:00,287.82000732421875,288.8599853515625,284.19000244140625,284.6199951171875,66445
2025-10-21 15:30:00+00:00,284.7799987792969,285.5299987792969,282.489990234375,284.1199951171875,68465
2025-10-21 16:30:00+00:00,284.489990234375,285.69000244140625,284.0249938964844,284.0249938964844,99222
2025-10-21 17:30:00+00:00,283.7799987792969,284.3500061035156,282.9849853515625,283.6099853515625,32415
2025-10-21 18:30:00+00:00,283.7950134277344,284.95001220703125,283.1099853515625,284.7300109863281,53227
2025-10-21 19:30:00+00:00,284.7300109863281,285.25,283.7749938964844,284.010009765625,117981
2025-10-22 13:30:00+00:00,284.3099975585937,285.9800109863281,282.1199951171875,284.9100036621094,61400
2025-10-22 14:30:00+00:00,285.0,285.2149963378906,283.8550109863281,284.7334899902344,47975
2025-10-22 15:30:00+00:00,284.3900146484375,284.7698974609375,283.37451171875,283.5899963378906,49538
2025-10-22 16:30:00+00:00,283.42999267578125,284.2699890136719,282.44000244140625,282.44500732421875,29680
2025-10-22 17:30:00+00:00,282.5320129394531,283.0400085449219,282.2900085449219,282.739990234375,29407
2025-10-22 18:30:00+00:00,282.57000732421875,283.0599975585937,282.0400085449219,282.6449890136719,46916
2025-10-22 19:30:00+00:00,282.67999267578125,284.1199951171875,282.489990234375,282.8399963378906,85338
2025-10-23 13:30:00+00:00,284.2900085449219,285.6700134277344,283.010009765625,284.0050048828125,65766
2025-10-23 14:30:00+00:00,283.1600036621094,284.4200134277344,281.4800109863281,281.69000244140625,90128
2025-10-23 15:30:00+00:00,281.82000732421875,282.67999267578125,280.7250061035156,282.67999267578125,38465
2025-10-23 16:30:00+00:00,282.6099853515625,283.5199890136719,282.5299987792969,283.3099975585937,45686
2025-10-23 17:30:00+00:00,283.4599914550781,284.1199951171875,282.8800048828125,283.7749938964844,41163
2025-10-23 18:30:00+00:00,283.70001220703125,284.5249938964844,283.510009765625,284.29998779296875,48608
2025-10-23 19:30:00+00:00,284.19000244140625,284.2300109863281,283.510009765625,283.8999938964844,104946
2025-10-24 13:30:00+00:00,285.8900146484375,286.5,284.2601013183594,284.6700134277344,43996
2025-10-24 14:30:00+00:00,284.7900085449219,286.135009765625,284.31500244140625,284.31500244140625,53393
2025-10-24 15:30:00+00:00,284.0799865722656,284.3999938964844,283.6700134277344,284.1600036621094,25964
2025-10-24 16:30:00+00:00,284.2449951171875,284.2449951171875,282.57000732421875,283.09588623046875,25768
2025-10-24 17:30:00+00:00,282.9800109863281,283.0400085449219,280.760009765625,280.760009765625,47649
2025-10-24 18:30:00+00:00,280.7799987792969,281.1283874511719,279.1199951171875,279.7300109863281,140684
2025-10-24 19:30:00+00:00,279.7300109863281,280.8599853515625,279.2799987792969,279.6099853515625,207060
2025-10-27 13:30:00+00:00,280.3599853515625,280.3599853515625,276.7799987792969,276.8924865722656,125904
2025-10-27 14:30:00+00:00,276.9349975585937,277.4024963378906,276.3800048828125,277.385009765625,101244
2025-10-27 15:30:00+00:00,277.3099975585937,277.6286926269531,275.75,277.2900085449219,112130
2025-10-27 16:30:00+00:00,277.2149963378906,277.5350036621094,276.44000244140625,276.4700012207031,68009
2025-10-27 17:30:00+00:00,276.5899963378906,276.6099853515625,274.260009765625,274.614990234375,152042
2025-10-27 18:30:00+00:00,274.614990234375,276.42999267578125,274.4601135253906,275.3399963378906,178386
2025-10-27 19:30:00+00:00,275.364990234375,275.7300109863281,274.8099975585937,275.6499938964844,412051
2025-10-28 13:30:00+00:00,264.8999938964844,268.8500061035156,252.4550018310547,255.447494506836,625034
2025-10-28 14:30:00+00:00,255.0500030517578,267.2449951171875,254.07000732421875,264.2650146484375,350980
2025-10-28 15:30:00+00:00,264.17999267578125,265.67999267578125,262.4649963378906,264.3399963378906,184533
2025-10-28 16:30:00+00:00,264.4200134277344,265.739990234375,260.3099975585937,261.5199890136719,118955
2025-10-28 17:30:00+00:00,261.3699951171875,262.3299865722656,259.8099975585937,262.2799987792969,200240
2025-10-28 18:30:00+00:00,262.8099975585937,263.75,260.7200012207031,262.1400146484375,150194
2025-10-28 19:30:00+00:00,262.0400085449219,262.1300048828125,259.29998779296875,259.8099975585937,368735
2025-10-29 13:30:00+00:00,259.0,259.7550048828125,252.19000244140625,255.22000122070312,185807
2025-10-29 14:30:00+00:00,255.4550018310547,255.47999572753903,253.42999267578125,253.6499938964844,123487
2025-10-29 15:30:00+00:00,253.7700042724609,254.77999877929688,252.97000122070312,254.19000244140625,152356
2025-10-29 16:30:00+00:00,254.1499938964844,255.9199981689453,253.94000244140625,254.2400054931641,123467
2025-10-29 17:30:00+00:00,253.8300018310547,253.9900054931641,250.6999969482422,252.72999572753903,173270
2025-10-29 18:30:00+00:00,252.72000122070312,252.72999572753903,249.1199951171875,249.9199981689453,241422
2025-10-29 19:30:00+00:00,249.8600006103516,250.3099975585937,248.0,248.19000244140625,373889
2025-10-30 13:30:00+00:00,248.9100036621093,252.9600067138672,248.8999938964844,251.7949981689453,180376
2025-10-30 14:30:00+00:00,252.1100006103516,253.8699951171875,251.6300048828125,253.0800018310547,130255
2025-10-30 15:30:00+00:00,253.0200042724609,254.07000732421875,252.1499938964844,254.009994506836,138474
2025-10-30 16:30:00+00:00,254.17999267578125,255.9100036621093,254.1600036621093,255.35499572753903,164688
2025-10-30 17:30:00+00:00,254.9900054931641,255.47999572753903,254.02999877929688,254.3999938964844,155665
2025-10-30 18:30:00+00:00,254.38999938964844,254.96499633789065,252.9900054931641,253.7899932861328,269829
2025-10-30 19:30:00+00:00,253.7899932861328,253.9900054931641,252.02999877929688,252.25,370865
2025-10-31 13:30:00+00:00,251.3800048828125,252.3099975585937,249.3099975585937,250.8999938964844,101996
2025-10-31 14:30:00+00:00,251.2801055908203,253.58999633789065,250.6499938964844,252.8300018310547,112563
2025-10-31 15:30:00+00:00,253.0399932861328,254.99989318847656,252.72999572753903,254.19000244140625,105055
2025-10-31 16:30:00+00:00,254.52999877929688,256.4800109863281,253.57000732421875,255.0050048828125,381871
2025-10-31 17:30:00+00:00,254.97999572753903,255.6999969482422,254.0399932861328,254.3800048828125,118660
2025-10-31 18:30:00+00:00,254.5050048828125,255.2100067138672,254.02999877929688,255.0399932861328,105146
2025-10-31 19:30:00+00:00,255.0800018310547,255.0800018310547,253.94000244140625,254.0,255767
2025-11-03 14:30:00+00:00,253.1000061035156,254.8999938964844,252.0,253.1699981689453,91799
2025-11-03 15:30:00+00:00,253.1699981689453,255.3699951171875,253.1100006103516,255.07000732421875,71877
2025-11-03 16:30:00+00:00,255.05499267578125,256.7049865722656,254.94500732421875,255.81280517578125,87616
2025-11-03 17:30:00+00:00,256.0799865722656,256.82000732421875,256.0299987792969,256.19000244140625,58766
2025-11-03 18:30:00+00:00,256.25,257.510009765625,256.0799865722656,257.1000061035156,106694
2025-11-03 19:30:00+00:00,257.1000061035156,257.9599914550781,256.9599914550781,257.44000244140625,111164
2025-11-03 20:30:00+00:00,257.5,258.70001220703125,256.5799865722656,257.8599853515625,334838
2025-11-04 14:30:00+00:00,257.5899963378906,259.67999267578125,253.9017028808593,254.7100067138672,83174
2025-11-04 15:30:00+00:00,254.5599975585937,254.5599975585937,252.5599975585937,252.8699951171875,142302
2025-11-04 16:30:00+00:00,252.8650054931641,253.0500030517578,251.4149932861328,251.625,119643
2025-11-04 17:30:00+00:00,251.65040588378903,252.4721069335937,251.5599975585937,252.0,82847
2025-11-04 18:30:00+00:00,251.97000122070312,252.8650054931641,251.8999938964844,252.17999267578125,150960
2025-11-04 19:30:00+00:00,252.2050018310547,253.02999877929688,251.3699951171875,252.19000244140625,156854
2025-11-04 20:30:00+00:00,252.3000030517578,252.94000244140625,250.9199981689453,252.38999938964844,234276
2025-11-05 14:30:00+00:00,250.9499969482422,253.009994506836,249.44000244140625,250.02999877929688,94201
2025-11-05 15:30:00+00:00,250.02999877929688,250.02999877929688,247.2899932861328,248.83999633789065,83192
2025-11-05 16:30:00+00:00,248.87210083007807,249.62989807128903,248.509994506836,249.2949981689453,68827
2025-11-05 17:30:00+00:00,249.2400054931641,249.6999969482422,248.5399932861328,248.94000244140625,37997
2025-11-05 18:30:00+00:00,249.1199951171875,249.8099975585937,248.3600006103516,249.63999938964844,75114
2025-11-05 19:30:00+00:00,249.6999969482422,252.4499969482422,249.6499938964844,252.3249969482422,119491
2025-11-05 20:30:00+00:00,252.3249969482422,252.47999572753903,250.3999938964844,250.6300048828125,207302
2025-11-06 14:30:00+00:00,247.58999633789065,250.2949981689453,246.77999877929688,247.5,97381
2025-11-06 15:30:00+00:00,247.53250122070312,248.1999969482422,246.48370361328125,246.9600067138672,73381
2025-11-06 16:30:00+00:00,246.8999938964844,246.9900054931641,245.97000122070312,246.2899932861328,54237
2025-11-06 17:30:00+00:00,246.22999572753903,247.22000122070312,245.17999267578125,246.6000061035156,55916
2025-11-06 18:30:00+00:00,246.6000061035156,247.33999633789065,246.38999938964844,246.9100036621093,58648
2025-11-06 19:30:00+00:00,246.85499572753903,247.27999877929688,245.7700042724609,246.4199981689453,162308
2025-11-06 20:30:00+00:00,246.4100036621093,246.75,245.69000244140625,246.63999938964844,243825
2025-11-07 14:30:00+00:00,246.83999633789065,247.83999633789065,244.5200042724609,245.22000122070312,83758
2025-11-07 15:30:00+00:00,245.10499572753903,249.17999267578125,245.10499572753903,249.1600036621093,116742
2025-11-07 16:30:00+00:00,249.134994506836,250.4425048828125,248.3699951171875,248.38999938964844,131294
2025-11-07 17:30:00+00:00,248.384994506836,248.69000244140625,246.88999938964844,248.1199951171875,71951
2025-11-07 18:30:00+00:00,248.0,249.2480010986328,248.0,249.1649932861328,140500
2025-11-07 19:30:00+00:00,249.22000122070312,250.5599975585937,249.21499633789065,250.52999877929688,117255
2025-11-07 20:30:00+00:00,250.51499938964844,252.759994506836,250.4100036621093,252.7100067138672,315442
2025-11-10 14:30:00+00:00,251.57000732421875,256.0799865722656,249.92999267578125,254.32000732421875,104439
2025-11-10 15:30:00+00:00,254.2949981689453,254.3388061523437,252.8000030517578,253.1300048828125,106681
2025-11-10 16:30:00+00:00,253.259994506836,254.7400054931641,252.88999938964844,253.9900054931641,203766
2025-11-10 17:30:00+00:00,254.2899932861328,257.3550109863281,254.0500030517578,257.0899963378906,83911
2025-11-10 18:30:00+00:00,257.0799865722656,259.1400146484375,257.04998779296875,258.3800048828125,142707
2025-11-10 19:30:00+00:00,258.3800048828125,259.3800048828125,258.2099914550781,259.17999267578125,160888
2025-11-10 20:30:00+00:00,259.0299987792969,262.0199890136719,259.0,261.0899963378906,402524
2025-11-11 14:30:00+00:00,262.75,268.42999267578125,262.75,267.2900085449219,189280
2025-11-11 15:30:00+00:00,267.3699951171875,269.17999267578125,265.5199890136719,268.4800109863281,211190
2025-11-11 16:30:00+00:00,268.5599975585937,269.8599853515625,268.1099853515625,269.82000732421875,108965
2025-11-11 17:30:00+00:00,269.739990234375,271.0,269.739990234375,270.67999267578125,152040
2025-11-11 18:30:00+00:00,270.6300048828125,270.7149963378906,268.92999267578125,269.3999938964844,179055
2025-11-11 19:30:00+00:00,269.3399963378906,269.7300109863281,268.0,268.1849975585937,312700
2025-11-11 20:30:00+00:00,268.1849975585937,268.8399963378906,267.0,268.2099914550781,503315
2025-11-12 14:30:00+00:00,265.489990234375,268.6300048828125,265.1499938964844,267.2349853515625,134153
2025-11-12 15:30:00+00:00,267.0899963378906,267.6600036621094,264.9599914550781,265.0,261428
2025-11-12 16:30:00+00:00,265.1000061035156,266.3299865722656,265.0,266.1300048828125,60423
2025-11-12 17:30:00+00:00,266.0849914550781,267.0799865722656,265.94000244140625,266.5199890136719,94473
2025-11-12 18:30:00+00:00,266.57000732421875,266.6400146484375,264.7099914550781,265.69000244140625,283374
2025-11-12 19:30:00+00:00,265.614990234375,265.79998779296875,264.8599853515625,265.6600036621094,152162
2025-11-12 20:30:00+00:00,265.5599975585937,266.3349914550781,265.0400085449219,266.0,475075
2025-11-13 14:30:00+00:00,264.760009765625,270.4700012207031,263.4800109863281,269.57000732421875,111396
2025-11-13 15:30:00+00:00,269.5350036621094,270.0,268.1400146484375,269.0849914550781,94998
2025-11-13 16:30:00+00:00,269.0050048828125,269.8504943847656,267.3500061035156,268.29998779296875,206093
2025-11-13 17:30:00+00:00,268.2550048828125,268.6700134277344,267.5299987792969,267.7699890136719,73991
2025-11-13 18:30:00+00:00,267.7699890136719,268.2699890136719,267.239990234375,267.8500061035156,127831
2025-11-13 19:30:00+00:00,267.7850036621094,268.67999267578125,266.3699951171875,268.6600036621094,189382
2025-11-13 20:30:00+00:00,268.5799865722656,268.8699951171875,267.6000061035156,267.92999267578125,283423
2025-11-14 14:30:00+00:00,266.9800109863281,268.95001220703125,266.2049865722656,266.92999267578125,96139
2025-11-14 15:30:00+00:00,266.9049987792969,269.1499938964844,266.4349975585937,269.1499938964844,103301
2025-11-14 16:30:00+00:00,269.1499938964844,269.2300109863281,267.2900085449219,267.5599975585937,83292
2025-11-14 17:30:00+00:00,267.3699951171875,268.0,267.0,267.489990234375,70009
2025-11-14 18:30:00+00:00,267.54998779296875,267.739990234375,267.0,267.2699890136719,53384
2025-11-14 19:30:00+00:00,267.2699890136719,267.7799987792969,266.989990234375,267.4200134277344,227771
2025-11-14 20:30:00+00:00,267.3599853515625,268.010009765625,266.5,266.9750061035156,309812
2025-11-17 14:30:00+00:00,265.7200012207031,269.0299987792969,265.5599975585937,268.114990234375,54477
2025-11-17 15:30:00+00:00,268.0849914550781,268.70001220703125,266.260009765625,267.1000061035156,64794
2025-11-17 16:30:00+00:00,267.1050109863281,267.385009765625,265.9649963378906,266.8699951171875,74471
2025-11-17 17:30:00+00:00,266.864990234375,267.0400085449219,264.5150146484375,264.80499267578125,69350
2025-11-17 18:30:00+00:00,264.7749938964844,265.0,263.06500244140625,263.364990234375,104276
2025-11-17 19:30:00+00:00,263.3500061035156,263.45001220703125,261.17999267578125,261.5400085449219,111237
2025-11-17 20:30:00+00:00,261.4800109863281,262.30499267578125,260.8500061035156,261.2699890136719,250307
2025-11-18 14:30:00+00:00,261.8599853515625,262.0050048828125,259.04998779296875,259.3299865722656,34555
2025-11-18 15:30:00+00:00,259.3299865722656,260.8900146484375,258.6400146484375,258.989990234375,78075
2025-11-18 16:30:00+00:00,259.1600036621094,259.8099975585937,257.8800048828125,258.42999267578125,49875
2025-11-18 17:30:00+00:00,258.44000244140625,260.6000061035156,258.0400085449219,260.35400390625,43536
2025-11-18 18:30:00+00:00,260.3599853515625,260.5299987792969,258.8699951171875,259.32861328125,39154
2025-11-18 19:30:00+00:00,259.1300048828125,260.5799865722656,258.5599975585937,260.114990234375,64333
2025-11-18 20:30:00+00:00,260.0199890136719,260.4949951171875,259.4700012207031,259.79998779296875,164703
2025-11-19 14:30:00+00:00,260.760009765625,262.0,258.8900146484375,259.0668029785156,40127
2025-11-19 15:30:00+00:00,259.0696105957031,259.739990234375,257.7101135253906,258.8999938964844,35906
2025-11-19 16:30:00+00:00,258.94610595703125,258.94610595703125,257.94500732421875,258.8755187988281,41845
2025-11-19 17:30:00+00:00,259.0400085449219,260.9800109863281,258.57000732421875,260.7200012207031,28268
2025-11-19 18:30:00+00:00,260.6400146484375,262.1700134277344,260.0799865722656,260.0899963378906,59302
2025-11-19 19:30:00+00:00,260.07501220703125,261.7300109863281,259.4599914550781,261.6424865722656,51374
2025-11-19 20:30:00+00:00,261.6700134277344,262.1449890136719,260.44000244140625,260.45001220703125,123780
2025-11-20 14:30:00+00:00,262.8599853515625,264.489990234375,260.8399963378906,264.3099975585937,50264
2025-11-20 15:30:00+00:00,264.3949890136719,264.739990234375,263.20001220703125,263.2699890136719,56223
2025-11-20 16:30:00+00:00,263.2799987792969,263.7449951171875,261.1400146484375,261.4849853515625,45530
2025-11-20 17:30:00+00:00,261.260009765625,262.54998779296875,260.0199890136719,261.81500244140625,51901
2025-11-20 18:30:00+00:00,261.77508544921875,262.7699890136719,260.79998779296875,262.69000244140625,52174
2025-11-20 19:30:00+00:00,262.6499938964844,263.1199951171875,261.9200134277344,262.7200012207031,53725
2025-11-20 20:30:00+00:00,262.8299865722656,262.9200134277344,261.3299865722656,261.6099853515625,108815
2025-11-21 14:30:00+00:00,262.17999267578125,265.5899963378906,261.1099853515625,265.5899963378906,68076
2025-11-21 15:30:00+00:00,265.5199890136719,266.4599914550781,265.010009765625,266.010009765625,43879
2025-11-21 16:30:00+00:00,266.0150146484375,269.45001220703125,265.8299865722656,268.260009765625,57210
2025-11-21 17:30:00+00:00,268.1615905761719,268.6499938964844,267.3399963378906,268.42999267578125,50085
2025-11-21 18:30:00+00:00,268.3999938964844,269.5299987792969,268.3299865722656,268.54998779296875,58802
2025-11-21 19:30:00+00:00,268.6600036621094,268.67999267578125,267.3099975585937,267.4100036621094,71890
2025-11-21 20:30:00+00:00,267.4200134277344,267.7349853515625,265.510009765625,265.75,202493
2025-11-24 14:30:00+00:00,268.1499938964844,268.8299865722656,263.0,264.2300109863281,124331
2025-11-24 15:30:00+00:00,264.2300109863281,264.7049865722656,262.9100036621094,263.9150085449219,96141
2025-11-24 16:30:00+00:00,263.8699951171875,264.8800048828125,263.8699951171875,264.7300109863281,50018
2025-11-24 17:30:00+00:00,264.5899963378906,265.8599853515625,264.2799987792969,265.1600036621094,78901
2025-11-24 18:30:00+00:00,265.1199951171875,265.6199951171875,264.510009765625,264.69500732421875,69446
2025-11-24 19:30:00+00:00,264.70001220703125,266.2099914550781,264.6499938964844,265.30499267578125,289278
2025-11-24 20:30:00+00:00,265.3099975585937,265.6000061035156,264.1065979003906,265.29998779296875,208160
2025-11-25 14:30:00+00:00,266.79998779296875,268.6300048828125,264.8500061035156,267.5299987792969,220807
2025-11-25 15:30:00+00:00,267.4700012207031,270.9800109863281,267.4700012207031,270.3599853515625,132224
2025-11-25 16:30:00+00:00,270.2799987792969,270.5199890136719,269.4601135253906,270.0,49467
2025-11-25 17:30:00+00:00,269.9800109863281,270.0050048828125,268.0899963378906,268.20001220703125,45046
2025-11-25 18:30:00+00:00,268.2699890136719,269.2300109863281,268.1199951171875,269.0950012207031,47842
2025-11-25 19:30:00+00:00,269.0950012207031,269.9599914550781,268.5950012207031,268.6954040527344,77105
2025-11-25 20:30:00+00:00,268.7349853515625,270.5799865722656,268.6300048828125,269.8599853515625,176994
2025-11-26 14:30:00+00:00,268.010009765625,270.1000061035156,266.5,268.5,53131
2025-11-26 15:30:00+00:00,268.6050109863281,268.8099975585937,267.6600036621094,268.4800109863281,47887
2025-11-26 16:30:00+00:00,268.3500061035156,269.2799987792969,268.3299865722656,268.8500061035156,29036
2025-11-26 17:30:00+00:00,268.9200134277344,269.1449890136719,268.6300048828125,268.6700134277344,22282
2025-11-26 18:30:00+00:00,268.6600036621094,269.3800048828125,268.5574035644531,269.3399963378906,34006
2025-11-26 19:30:00+00:00,269.3699951171875,269.44000244140625,268.1400146484375,268.5799865722656,45263
2025-11-26 20:30:00+00:00,268.5799865722656,268.9549865722656,267.989990234375,268.260009765625,124508
2025-11-28 14:30:00+00:00,270.04998779296875,270.5199890136719,268.0950012207031,269.9800109863281,59704
2025-11-28 15:30:00+00:00,269.9800109863281,270.50250244140625,269.57000732421875,269.69000244140625,93970
2025-11-28 16:30:00+00:00,269.69000244140625,270.3900146484375,269.2200012207031,269.2200012207031,47533
2025-12-01 14:30:00+00:00,267.4599914550781,271.67999267578125,266.9800109863281,271.67999267578125,112656
2025-12-01 15:30:00+00:00,271.6700134277344,272.04998779296875,270.94000244140625,271.1000061035156,65076
2025-12-01 16:30:00+00:00,271.0400085449219,272.82000732421875,271.0400085449219,271.9599914550781,53696
2025-12-01 17:30:00+00:00,272.04998779296875,272.57000732421875,271.8299865722656,272.0150146484375,56421
2025-12-01 18:30:00+00:00,272.0249938964844,272.1600036621094,269.7950134277344,269.8599853515625,70227
2025-12-01 19:30:00+00:00,270.0,270.0199890136719,269.04998779296875,269.3500061035156,86815
2025-12-01 20:30:00+00:00,269.2099914550781,269.489990234375,267.6199951171875,267.8800048828125,183435
2025-12-02 14:30:00+00:00,267.5599975585937,268.1449890136719,266.20001220703125,266.29998779296875,84853
2025-12-02 15:30:00+00:00,266.20001220703125,267.82000732421875,265.739990234375,266.67999267578125,69702
2025-12-02 16:30:00+00:00,266.82000732421875,266.972412109375,264.94000244140625,265.1499938964844,42139
2025-12-02 17:30:00+00:00,265.2550048828125,265.54998779296875,264.6600036621094,265.4599914550781,34607
2025-12-02 18:30:00+00:00,265.5299987792969,266.57000732421875,265.3099975585937,266.510009765625,40681
2025-12-02 19:30:00+00:00,266.57501220703125,267.29998779296875,266.3399963378906,266.8399963378906,69854
2025-12-02 20:30:00+00:00,266.82501220703125,267.6499938964844,265.489990234375,265.989990234375,182968
2025-12-03 14:30:00+00:00,266.6600036621094,267.8800048828125,265.260009765625,266.9599914550781,46394
2025-12-03 15:30:00+00:00,266.7749938964844,266.95001220703125,265.8599853515625,266.0899963378906,71833
2025-12-03 16:30:00+00:00,266.22711181640625,268.0,266.1400146484375,267.3699951171875,53139
2025-12-03 17:30:00+00:00,267.19000244140625,267.385009765625,265.8800048828125,265.9349975585937,22943
2025-12-03 18:30:00+00:00,265.94000244140625,267.57000732421875,265.9200134277344,267.42498779296875,84497
2025-12-03 19:30:00+00:00,267.42498779296875,267.6499938964844,266.3699951171875,266.82000732421875,73238
2025-12-03 20:30:00+00:00,266.82000732421875,267.0299987792969,265.2200012207031,265.6700134277344,237771
2025-12-04 14:30:00+00:00,265.2699890136719,265.55499267578125,259.4200134277344,261.1199951171875,151814
2025-12-04 15:30:00+00:00,261.1600036621094,262.8299865722656,260.7900085449219,262.4150085449219,75984
2025-12-04 16:30:00+00:00,262.385009765625,262.75,261.6499938964844,262.375,67587
2025-12-04 17:30:00+00:00,262.3399963378906,264.20001220703125,262.2200012207031,264.0950012207031,59454
2025-12-04 18:30:00+00:00,264.0950012207031,264.5799865722656,262.5799865722656,262.5801086425781,64428
2025-12-04 19:30:00+00:00,262.5799865722656,263.364990234375,262.239990234375,262.7250061035156,78007
2025-12-04 20:30:00+00:00,262.69500732421875,262.7300109863281,261.2799987792969,261.4200134277344,232220
2025-12-05 14:30:00+00:00,261.45001220703125,261.6499938964844,258.0299987792969,258.3999938964844,85309
2025-12-05 15:30:00+00:00,258.510009765625,259.3041076660156,258.239990234375,258.8399963378906,55749
2025-12-05 16:30:00+00:00,258.7950134277344,258.95001220703125,257.5450134277344,258.0356140136719,58722
2025-12-05 17:30:00+00:00,258.0799865722656,259.2699890136719,257.8099975585937,258.8500061035156,37354
2025-12-05 18:30:00+00:00,258.8599853515625,259.260009765625,258.75,258.7699890136719,41733
2025-12-05 19:30:00+00:00,258.8599853515625,259.0849914550781,258.5799865722656,258.9599914550781,59795
2025-12-05 20:30:00+00:00,258.95001220703125,258.989990234375,257.7799987792969,258.31500244140625,189741
2025-12-08 14:30:00+00:00,257.70001220703125,259.125,256.29998779296875,258.9800109863281,75538
2025-12-08 15:30:00+00:00,258.8599853515625,259.7300109863281,258.75,259.45001220703125,73137
2025-12-08 16:30:00+00:00,259.6099853515625,260.3399963378906,259.260009765625,259.260009765625,43187
2025-12-08 17:30:00+00:00,259.2900085449219,259.5985107421875,258.6600036621094,258.69500732421875,46106
2025-12-08 18:30:00+00:00,258.69500732421875,259.70001220703125,258.6199951171875,259.3800048828125,39821
2025-12-08 19:30:00+00:00,259.3900146484375,259.6199951171875,258.9700012207031,258.9700012207031,47406
2025-12-08 20:30:00+00:00,258.9100036621094,260.0299987792969,258.8999938964844,259.94000244140625,138716
2025-12-09 14:30:00+00:00,260.0899963378906,262.0,258.4100952148437,258.6099853515625,91436
2025-12-09 15:30:00+00:00,258.4100036621094,259.3900146484375,257.2300109863281,259.0799865722656,35364
2025-12-09 16:30:00+00:00,259.17498779296875,259.19500732421875,258.0799865722656,258.2550048828125,29786
2025-12-09 17:30:00+00:00,258.44000244140625,258.5199890136719,257.9649963378906,258.3900146484375,34593
2025-12-09 18:30:00+00:00,258.3900146484375,259.17498779296875,258.20001220703125,258.5899963378906,30101
2025-12-09 19:30:00+00:00,258.6849975585937,259.1199951171875,258.4100036621094,258.7850036621094,35613
2025-12-09 20:30:00+00:00,258.7149963378906,259.010009765625,257.82501220703125,258.04998779296875,125050
2025-12-10 14:30:00+00:00,257.9100036621094,260.54998779296875,257.9100036621094,260.4800109863281,39949
2025-12-10 15:30:00+00:00,260.4750061035156,261.489990234375,259.8699951171875,260.4800109863281,43081
2025-12-10 16:30:00+00:00,260.3399963378906,261.135009765625,259.9599914550781,261.135009765625,54804
2025-12-10 17:30:00+00:00,261.0899963378906,261.1000061035156,260.0849914550781,260.4049987792969,48915
2025-12-10 18:30:00+00:00,260.3999938964844,261.010009765625,260.1400146484375,260.4100036621094,48530
2025-12-10 19:30:00+00:00,260.5,262.82000732421875,260.40008544921875,262.70001220703125,99125
2025-12-10 20:30:00+00:00,262.7550048828125,262.7550048828125,261.7349853515625,261.9700012207031,131812
2025-12-11 14:30:00+00:00,262.4599914550781,265.04998779296875,260.82501220703125,264.94000244140625,43628
2025-12-11 15:30:00+00:00,264.94000244140625,265.6607971191406,264.3299865722656,264.8699951171875,36214
2025-12-11 16:30:00+00:00,264.8699951171875,265.3999938964844,264.54998779296875,264.7900085449219,20573
2025-12-11 17:30:00+00:00,264.8900146484375,265.0450134277344,264.1200866699219,264.9599914550781,38448
2025-12-11 18:30:00+00:00,264.9599914550781,265.0799865722656,264.1700134277344,264.489990234375,32821
2025-12-11 19:30:00+00:00,264.4800109863281,265.2300109863281,264.3599853515625,264.6499938964844,40080
2025-12-11 20:30:00+00:00,264.69000244140625,264.8800048828125,263.9700012207031,264.7200012207031,89347
2025-12-12 14:30:00+00:00,265.82000732421875,266.29998779296875,263.5,265.94000244140625,51031
2025-12-12 15:30:00+00:00,266.0400085449219,266.71990966796875,264.5400085449219,264.8599853515625,34220
2025-12-12 16:30:00+00:00,264.67999267578125,264.9549865722656,263.2149963378906,263.2250061035156,28118
2025-12-12 17:30:00+00:00,263.2250061035156,263.7099914550781,263.0,263.32501220703125,24111
2025-12-12 18:30:00+00:00,263.32501220703125,264.07000732421875,262.45001220703125,263.510009765625,51678
2025-12-12 19:30:00+00:00,263.4800109863281,263.6400146484375,262.7601013183594,263.44000244140625,53339
2025-12-12 20:30:00+00:00,263.3999938964844,264.3900146484375,263.25,264.1499938964844,81059
2025-12-15 14:30:00+00:00,266.989990234375,266.989990234375,263.25,263.4100036621094,55066
2025-12-15 15:30:00+00:00,263.5174865722656,263.5174865722656,261.3599853515625,262.635009765625,64016
2025-12-15 16:30:00+00:00,262.5899963378906,262.95001220703125,261.3099975585937,261.44000244140625,54147
2025-12-15 17:30:00+00:00,261.44000244140625,261.54998779296875,260.3299865722656,260.7950134277344,65068
2025-12-15 18:30:00+00:00,260.7950134277344,262.1199951171875,260.69000244140625,262.1099853515625,47096
2025-12-15 19:30:00+00:00,262.1400146484375,262.8699951171875,261.95001220703125,261.95001220703125,53535
2025-12-15 20:30:00+00:00,261.92999267578125,263.5799865722656,261.875,263.2200012207031,131730
2025-12-16 14:30:00+00:00,263.5799865722656,265.0299987792969,261.739990234375,261.9200134277344,29355
2025-12-16 15:30:00+00:00,262.3800048828125,262.4800109863281,260.25,260.7449951171875,28454
2025-12-16 16:30:00+00:00,260.75,261.2699890136719,259.760009765625,260.9150085449219,26038
2025-12-16 17:30:00+00:00,260.8949890136719,260.8949890136719,259.6700134277344,259.7200012207031,17094
2025-12-16 18:30:00+00:00,259.81500244140625,260.2900085449219,258.6000061035156,259.5400085449219,30921
2025-12-16 19:30:00+00:00,259.4200134277344,259.8099060058594,258.3510131835937,259.1600036621094,44925
2025-12-16 20:30:00+00:00,259.17999267578125,259.510009765625,258.0,258.010009765625,111453
2025-12-17 14:30:00+00:00,257.04998779296875,259.1000061035156,255.7700042724609,258.20001220703125,79781
2025-12-17 15:30:00+00:00,258.17999267578125,258.5799865722656,256.8099975585937,257.1629943847656,69131
2025-12-17 16:30:00+00:00,257.1400146484375,257.4599914550781,256.4100036621094,256.6000061035156,40311
2025-12-17 17:30:00+00:00,256.70849609375,257.06500244140625,256.3599853515625,256.4800109863281,30028
2025-12-17 18:30:00+00:00,256.54998779296875,256.75,256.0599975585937,256.1499938964844,38656
2025-12-17 19:30:00+00:00,256.1499938964844,256.44000244140625,255.8800048828125,256.1099853515625,41554
2025-12-17 20:30:00+00:00,256.19000244140625,256.2699890136719,255.17999267578125,255.77999877929688,175888
2025-12-18 14:30:00+00:00,257.5,257.5,253.0399932861328,254.42999267578125,147044
2025-12-18 15:30:00+00:00,254.42999267578125,254.6199951171875,253.27999877929688,253.375,98322
2025-12-18 16:30:00+00:00,253.5749969482422,253.8999938964844,251.6300048828125,252.139892578125,114572
2025-12-18 17:30:00+00:00,251.9199981689453,252.9199981689453,251.1100006103516,252.35499572753903,67157
2025-12-18 18:30:00+00:00,252.33999633789065,252.8500061035156,251.3800048828125,251.4499969482422,60130
2025-12-18 19:30:00+00:00,251.4499969482422,252.0984039306641,250.88999938964844,251.5749969482422,110318
2025-12-18 20:30:00+00:00,251.5599975585937,252.6699981689453,251.5,252.07000732421875,248794
2025-12-19 14:30:00+00:00,251.92999267578125,252.7100067138672,250.92999267578125,251.8699951171875,177623
2025-12-19 15:30:00+00:00,251.8699951171875,252.6999969482422,251.5500030517578,252.63999938964844,129384
2025-12-19 16:30:00+00:00,252.57000732421875,252.6450042724609,251.69000244140625,251.8500061035156,102440
2025-12-19 17:30:00+00:00,251.83999633789065,252.4149932861328,251.7700042724609,252.3600006103516,110482
2025-12-19 18:30:00+00:00,252.33999633789065,252.4750061035156,251.8800048828125,252.0800018310547,109359
2025-12-19 19:30:00+00:00,252.0599975585937,253.0249938964844,251.5800018310547,251.58999633789065,174547
2025-12-19 20:30:00+00:00,251.58999633789065,252.32000732421875,251.25,251.9499969482422,286559
2025-12-22 14:30:00+00:00,252.1699981689453,253.7899932861328,250.8999938964844,253.625,88149
2025-12-22 15:30:00+00:00,253.625,254.4600067138672,253.4600982666016,253.72000122070312,63965
2025-12-22 16:30:00+00:00,253.7700042724609,255.0,253.5500030517578,254.1000061035156,56553
2025-12-22 17:30:00+00:00,254.08999633789065,254.5599975585937,253.2899932861328,253.7250061035156,52828
2025-12-22 18:30:00+00:00,253.8000030517578,254.1952972412109,253.2700958251953,253.88999938964844,42818
2025-12-22 19:30:00+00:00,253.8247985839844,254.69000244140625,253.7700042724609,254.5500030517578,59089
2025-12-22 20:30:00+00:00,254.58999633789065,255.25,254.4750061035156,255.0500030517578,188095
2025-12-23 14:30:00+00:00,254.97000122070312,255.4199981689453,253.3000030517578,254.009994506836,85315
2025-12-23 15:30:00+00:00,254.0399932861328,254.0399932861328,252.4499969482422,252.67999267578125,54084
2025-12-23 16:30:00+00:00,252.67999267578125,253.6300048828125,252.47999572753903,253.10499572753903,33817
2025-12-23 17:30:00+00:00,252.97999572753903,253.4349975585937,252.6199951171875,253.0500030517578,40261
2025-12-23 18:30:00+00:00,253.13999938964844,253.2400054931641,252.63999938964844,252.9149932861328,51816
2025-12-23 19:30:00+00:00,252.9499969482422,253.3800048828125,252.13999938964844,252.27999877929688,88898
2025-12-23 20:30:00+00:00,252.3650054931641,253.3800048828125,252.0399932861328,253.13999938964844,165204
2025-12-24 14:30:00+00:00,253.4900054931641,254.6450042724609,252.6699981689453,254.17999267578125,30643
2025-12-24 15:30:00+00:00,254.2250061035156,254.875,253.759994506836,254.42999267578125,56319
2025-12-24 16:30:00+00:00,254.22579956054688,254.8600006103516,253.7899932861328,254.5399932861328,51671
2025-12-26 14:30:00+00:00,253.8999938964844,254.4600067138672,253.3000030517578,254.0,22935
2025-12-26 15:30:00+00:00,254.0449981689453,254.134994506836,253.4199981689453,253.5399932861328,27249
2025-12-26 16:30:00+00:00,253.5399932861328,253.80499267578125,253.42999267578125,253.6199951171875,15157
2025-12-26 17:30:00+00:00,253.7884063720703,253.7884063720703,253.32000732421875,253.4499969482422,16517
2025-12-26 18:30:00+00:00,253.38999938964844,253.9949951171875,253.3600006103516,253.8800048828125,23971
2025-12-26 19:30:00+00:00,253.88999938964844,254.2700042724609,253.6199951171875,254.1600036621093,22576
2025-12-26 20:30:00+00:00,254.1750030517578,254.4100036621093,253.80059814453125,253.8999938964844,67352
2025-12-29 14:30:00+00:00,253.88999938964844,254.9799041748047,253.3800048828125,253.82000732421875,29513
2025-12-29 15:30:00+00:00,253.7400054931641,254.009994506836,252.8099975585937,253.02999877929688,32419
2025-12-29 16:30:00+00:00,253.0399932861328,253.15249633789065,252.1000061035156,252.4100036621093,35059
2025-12-29 17:30:00+00:00,252.25,253.32000732421875,252.2209930419922,253.0050048828125,26605
2025-12-29 18:30:00+00:00,253.2050018310547,253.32000732421875,252.6300048828125,252.94500732421875,24764
2025-12-29 19:30:00+00:00,252.9499969482422,253.25,252.63999938964844,252.8600006103516,34856
2025-12-29 20:30:00+00:00,252.92999267578125,253.1499938964844,252.5500030517578,253.0200042724609,95458
2025-12-30 14:30:00+00:00,252.6199951171875,253.1100006103516,251.2899932861328,252.83999633789065,37329
2025-12-30 15:30:00+00:00,252.97000122070312,253.1199951171875,252.3600006103516,253.09500122070312,26841
2025-12-30 16:30:00+00:00,253.02999877929688,253.1699981689453,252.2700042724609,252.7700042724609,22849
2025-12-30 17:30:00+00:00,252.7700042724609,253.1699981689453,252.7700042724609,253.0800018310547,25328
2025-12-30 18:30:00+00:00,253.0800018310547,253.47999572753903,252.97000122070312,253.26499938964844,30761
2025-12-30 19:30:00+00:00,253.26499938964844,253.65499877929688,253.1100006103516,253.6100006103516,39564
2025-12-30 20:30:00+00:00,253.6699981689453,253.9600067138672,253.0599975585937,253.19000244140625,114832
2025-12-31 14:30:00+00:00,251.8800048828125,254.47000122070312,251.8600006103516,251.8600006103516,33870
2025-12-31 15:30:00+00:00,251.875,252.13999938964844,251.1300048828125,251.58999633789065,20470
2025-12-31 16:30:00+00:00,251.61749267578125,252.19000244140625,251.3300018310547,251.88999938964844,32411
2025-12-31 17:30:00+00:00,251.8950042724609,252.27999877929688,251.57000732421875,252.125,20025
2025-12-31 18:30:00+00:00,252.0850067138672,252.2400054931641,251.6499938964844,251.7899932861328,21792
2025-12-31 19:30:00+00:00,251.7899932861328,251.8699951171875,250.88999938964844,250.88999938964844,27225
2025-12-31 20:30:00+00:00,250.8800048828125,251.44000244140625,250.5800018310547,251.0,89337
2026-01-02 14:30:00+00:00,251.3099975585937,251.3099975585937,249.47000122070312,250.125,25771
2026-01-02 15:30:00+00:00,250.25,251.46499633789065,249.38999938964844,250.884994506836,26904
2026-01-02 16:30:00+00:00,251.0599975585937,251.9499969482422,250.82940673828125,251.9499969482422,28132
2026-01-02 17:30:00+00:00,251.8125,251.8500061035156,250.7949981689453,251.00250244140625,26537
2026-01-02 18:30:00+00:00,251.0249938964844,252.02999877929688,250.69000244140625,251.6100006103516,34152
2026-01-02 19:30:00+00:00,251.6024932861328,252.3699951171875,251.0200042724609,251.35499572753903,49239
2026-01-02 20:30:00+00:00,251.3699951171875,251.72999572753903,250.97000122070312,251.6300048828125,104558
2026-01-05 14:30:00+00:00,250.32000732421875,251.3300018310547,245.0,250.7949981689453,48220
2026-01-05 15:30:00+00:00,250.6750030517578,252.6000061035156,250.2100067138672,252.34500122070312,41731
2026-01-05 16:30:00+00:00,252.34500122070312,253.83990478515625,252.19000244140625,253.3300018310547,37348
2026-01-05 17:30:00+00:00,253.2899932861328,253.759994506836,253.2100067138672,253.4499969482422,32610
2026-01-05 18:30:00+00:00,253.4750061035156,254.2449951171875,253.1199951171875,254.2449951171875,37785
2026-01-05 19:30:00+00:00,254.27999877929688,254.27999877929688,252.22999572753903,252.8500061035156,76357
2026-01-05 20:30:00+00:00,252.8699951171875,253.3249969482422,252.4949951171875,253.13999938964844,134130
2026-01-06 14:30:00+00:00,252.2449951171875,257.19000244140625,252.2449951171875,257.0599975585937,54412
2026-01-06 15:30:00+00:00,257.25,257.95001220703125,256.3399963378906,257.1199951171875,45897
2026-01-06 16:30:00+00:00,256.79998779296875,258.4200134277344,256.5799865722656,258.2200012207031,43988
2026-01-06 17:30:00+00:00,258.25,259.25,257.6200866699219,259.1199951171875,44444
2026-01-06 18:30:00+00:00,259.1199951171875,260.6700134277344,259.0899963378906,260.260009765625,68096
2026-01-06 19:30:00+00:00,260.17999267578125,261.4700012207031,259.989990234375,261.4172058105469,68653
2026-01-06 20:30:00+00:00,261.1300048828125,261.135009765625,259.7900085449219,260.1300048828125,122738
2026-01-07 14:30:00+00:00,261.7300109863281,261.7300109863281,255.94000244140625,256.9800109863281,42247
2026-01-07 15:30:00+00:00,256.9800109863281,257.17999267578125,256.2300109863281,256.2300109863281,39032
2026-01-07 16:30:00+00:00,256.3399963378906,257.5199890136719,256.3399963378906,256.8349914550781,30639
2026-01-07 17:30:00+00:00,256.8299865722656,256.885009765625,255.009994506836,256.07000732421875,49307
2026-01-07 18:30:00+00:00,256.07501220703125,256.0799865722656,255.0599975585937,255.6300048828125,63801
2026-01-07 19:30:00+00:00,255.5399932861328,255.6999969482422,253.6600036621093,253.9579925537109,84106
2026-01-07 20:30:00+00:00,253.97000122070312,254.13999938964844,253.33999633789065,253.72000122070312,165364
2026-01-08 14:30:00+00:00,256.3699951171875,257.5050048828125,251.1699981689453,254.9499969482422,78889
2026-01-08 15:30:00+00:00,254.7700042724609,256.25,254.42999267578125,254.5500030517578,50973
2026-01-08 16:30:00+00:00,254.67999267578125,255.19129943847656,253.8600006103516,253.92999267578125,49327
2026-01-08 17:30:00+00:00,254.1499938964844,255.2700042724609,254.07000732421875,254.6100006103516,43288
2026-01-08 18:30:00+00:00,254.6649932861328,255.7700042724609,254.08999633789065,255.33999633789065,54188
2026-01-08 19:30:00+00:00,255.2700042724609,256.32000732421875,254.4199981689453,254.5699005126953,107414
2026-01-08 20:30:00+00:00,254.509994506836,255.6600036621093,254.47000122070312,254.67999267578125,168482
2026-01-09 14:30:00+00:00,256.7099914550781,256.7099914550781,253.1699981689453,253.6600036621093,61615
2026-01-09 15:30:00+00:00,253.6600036621093,254.22999572753903,252.6849975585937,253.0449981689453,29310
2026-01-09 16:30:00+00:00,252.9199981689453,254.58999633789065,252.6999969482422,254.57000732421875,22328
2026-01-09 17:30:00+00:00,254.4550018310547,254.8999938964844,254.1392059326172,254.6000061035156,26449
2026-01-09 18:30:00+00:00,254.4199981689453,254.8000030517578,253.3300018310547,253.69500732421875,40530
2026-01-09 19:30:00+00:00,253.69500732421875,253.9949951171875,252.32009887695312,252.67100524902344,90207
2026-01-09 20:30:00+00:00,252.6499938964844,252.8000030517578,251.6999969482422,251.759994506836,122579
2026-01-12 14:30:00+00:00,252.13999938964844,252.5449981689453,249.40249633789065,251.46499633789065,32512
2026-01-12 15:30:00+00:00,251.4600067138672,251.9900054931641,250.1300048828125,250.19500732421875,66762
2026-01-12 16:30:00+00:00,250.1499938964844,250.1499938964844,248.7899932861328,249.9100036621093,129772
2026-01-12 17:30:00+00:00,249.8000030517578,250.2400054931641,249.3800048828125,249.5200042724609,67392
2026-01-12 18:30:00+00:00,249.47000122070312,250.5449981689453,249.3800048828125,249.6600036621093,96872
2026-01-12 19:30:00+00:00,249.63999938964844,250.4199981689453,249.57000732421875,249.6699981689453,105377
2026-01-12 20:30:00+00:00,249.625,250.47000122070312,249.1100006103516,250.2899932861328,241001
2026-01-13 14:30:00+00:00,251.3999938964844,252.17999267578125,249.3800048828125,250.7749938964844,98204
2026-01-13 15:30:00+00:00,250.6199951171875,251.6699981689453,249.4100036621093,249.57000732421875,177771
2026-01-13 16:30:00+00:00,249.4499969482422,250.85499572753903,249.25,250.42999267578125,212440
2026-01-13 17:30:00+00:00,250.4100036621093,250.8800048828125,248.3950042724609,248.4850006103516,109828
2026-01-13 18:30:00+00:00,248.5599975585937,251.7899932861328,248.1999969482422,250.9199981689453,242584
2026-01-13 19:30:00+00:00,250.92999267578125,253.07000732421875,250.6501007080078,252.2850036621093,260945
2026-01-13 20:30:00+00:00,252.26499938964844,254.72999572753903,252.07000732421875,253.97000122070312,362891
2026-01-14 14:30:00+00:00,254.6499938964844,260.45001220703125,253.56149291992188,259.17498779296875,194292
2026-01-14 15:30:00+00:00,259.1700134277344,260.3299865722656,257.6600036621094,259.9150085449219,184406
2026-01-14 16:30:00+00:00,259.9150085449219,260.9700012207031,259.3900146484375,260.04998779296875,105757
2026-01-14 17:30:00+00:00,260.05499267578125,260.44000244140625,259.29998779296875,259.6600036621094,105598
2026-01-14 18:30:00+00:00,259.6300048828125,260.3500061035156,259.2200012207031,259.875,81379
2026-01-14 19:30:00+00:00,259.8800048828125,260.4200134277344,259.0,259.9049987792969,121575
2026-01-14 20:30:00+00:00,259.9100036621094,262.07000732421875,259.4750061035156,262.010009765625,316007
2026-01-15 14:30:00+00:00,263.6300048828125,263.7300109863281,261.8800048828125,263.4100036621094,61195
2026-01-15 15:30:00+00:00,263.3999938964844,265.69000244140625,263.1400146484375,265.44000244140625,47111
2026-01-15 16:30:00+00:00,265.44000244140625,266.9200134277344,265.05010986328125,266.9200134277344,45375
2026-01-15 17:30:00+00:00,266.8349914550781,267.6600036621094,266.54998779296875,267.3399963378906,42877
2026-01-15 18:30:00+00:00,267.510009765625,268.3399963378906,266.79998779296875,267.94000244140625,65520
2026-01-15 19:30:00+00:00,267.94000244140625,268.70001220703125,267.0599975585937,268.56500244140625,129019
2026-01-15 20:30:00+00:00,268.6400146484375,269.5199890136719,268.5849914550781,268.8299865722656,275483
2026-01-16 14:30:00+00:00,267.0899963378906,268.0,265.8599853515625,268.0,108170
2026-01-16 15:30:00+00:00,267.9750061035156,269.239990234375,266.8500061035156,268.82000732421875,123972
2026-01-16 16:30:00+00:00,268.82000732421875,270.29998779296875,268.70001220703125,270.0199890136719,104537
2026-01-16 17:30:00+00:00,270.1099853515625,270.6700134277344,269.79998779296875,269.8450012207031,62232
2026-01-16 18:30:00+00:00,269.8450012207031,270.7699890136719,268.8599853515625,270.1849975585937,60191
2026-01-16 19:30:00+00:00,270.29998779296875,271.6099853515625,270.1400146484375,271.1449890136719,127791
2026-01-16 20:30:00+00:00,270.94500732421875,271.1300048828125,270.1199951171875,270.9700012207031,265142
2026-01-20 14:30:00+00:00,268.1400146484375,274.82000732421875,266.7699890136719,274.5799865722656,157639
2026-01-20 15:30:00+00:00,274.75,275.3699951171875,272.8099975585937,273.9949951171875,115930
2026-01-20 16:30:00+00:00,273.9949951171875,274.6000061035156,273.3099975585937,274.010009765625,87136
2026-01-20 17:30:00+00:00,273.9949951171875,274.9800109863281,273.1099853515625,274.54998779296875,113365
2026-01-20 18:30:00+00:00,274.1099853515625,274.7799987792969,272.5799865722656,274.7799987792969,144768
2026-01-20 19:30:00+00:00,274.75,274.75,272.67010498046875,273.0799865722656,146016
2026-01-20 20:30:00+00:00,273.07501220703125,273.17999267578125,271.2699890136719,271.3099975585937,254180
2026-01-21 14:30:00+00:00,272.8900146484375,274.1199951171875,269.3500061035156,271.7749938964844,91663
2026-01-21 15:30:00+00:00,271.7699890136719,272.2300109863281,269.3200988769531,269.5350036621094,55346
2026-01-21 16:30:00+00:00,269.5350036621094,270.1400146484375,268.6499938964844,268.9775085449219,52477
2026-01-21 17:30:00+00:00,268.8299865722656,269.2749938964844,268.4800109863281,269.25,38615
2026-01-21 18:30:00+00:00,269.239990234375,270.3900146484375,268.21099853515625,270.239990234375,60453
2026-01-21 19:30:00+00:00,270.260009765625,271.4849853515625,267.7099914550781,268.17498779296875,118617
2026-01-21 20:30:00+00:00,268.29998779296875,269.3999938964844,267.989990234375,269.2099914550781,202691
2026-01-22 14:30:00+00:00,265.6099853515625,270.5899963378906,265.2900085449219,270.5899963378906,72120
2026-01-22 15:30:00+00:00,270.5899963378906,271.7099914550781,270.3999938964844,270.7099914550781,63491
2026-01-22 16:30:00+00:00,270.6700134277344,271.2099914550781,270.2749938964844,270.69000244140625,27843
2026-01-22 17:30:00+00:00,270.7099914550781,271.8599853515625,270.4775085449219,270.4775085449219,66290
2026-01-22 18:30:00+00:00,270.6000061035156,271.2225036621094,270.3900146484375,271.20001220703125,58915
2026-01-22 19:30:00+00:00,271.1300048828125,271.639892578125,270.489990234375,271.07000732421875,129909
2026-01-22 20:30:00+00:00,270.9599914550781,271.1099853515625,269.6499938964844,269.8699951171875,175797
2026-01-23 14:30:00+00:00,269.17999267578125,270.9200134277344,266.8500061035156,267.07000732421875,33989
2026-01-23 15:30:00+00:00,267.07000732421875,267.4559936523437,265.7699890136719,266.1000061035156,37670
2026-01-23 16:30:00+00:00,266.1000061035156,267.135009765625,265.989990234375,266.25,40483
2026-01-23 17:30:00+00:00,266.239990234375,266.239990234375,264.7950134277344,265.510009765625,37190
2026-01-23 18:30:00+00:00,265.79998779296875,266.45001220703125,265.2650146484375,266.1600036621094,33350
2026-01-23 19:30:00+00:00,266.1700134277344,266.79998779296875,265.45001220703125,266.510009765625,55938
2026-01-23 20:30:00+00:00,266.45001220703125,266.95001220703125,266.0450134277344,266.6400146484375,108656
2026-01-26 14:30:00+00:00,266.1099853515625,269.1499938964844,266.1099853515625,267.9700012207031,54298
2026-01-26 15:30:00+00:00,267.9700012207031,268.2099914550781,265.5400085449219,265.739990234375,39826
2026-01-26 16:30:00+00:00,265.6099853515625,266.3900146484375,265.4049987792969,266.1400146484375,32593
2026-01-26 17:30:00+00:00,266.1449890136719,266.44000244140625,265.7699890136719,266.30499267578125,50643
2026-01-26 18:30:00+00:00,266.4599914550781,266.9100036621094,265.9750061035156,266.8099975585937,77951
2026-01-26 19:30:00+00:00,266.909912109375,267.45001220703125,266.760009765625,267.1449890136719,42418
2026-01-26 20:30:00+00:00,267.20001220703125,267.6099853515625,267.0726928710937,267.42999267578125,122740
2026-01-27 14:30:00+00:00,266.5199890136719,270.0799865722656,266.1700134277344,269.2749938964844,71913
2026-01-27 15:30:00+00:00,269.114990234375,269.3500061035156,268.8699951171875,269.23309326171875,37053
2026-01-27 16:30:00+00:00,269.1842956542969,269.510009765625,268.6000061035156,269.114990234375,40646
2026-01-27 17:30:00+00:00,269.1199951171875,269.8999938964844,268.82000732421875,269.8450012207031,39959
2026-01-27 18:30:00+00:00,269.9200134277344,270.739990234375,269.56500244140625,270.5899963378906,70496
2026-01-27 19:30:00+00:00,270.69000244140625,271.7300109863281,269.6942138671875,270.9349975585937,91541
2026-01-27 20:30:00+00:00,270.7650146484375,271.3500061035156,270.42999267578125,271.1499938964844,204266
2026-01-28 14:30:00+00:00,269.5899963378906,272.2120056152344,268.70001220703125,269.4574890136719,84534
2026-01-28 15:30:00+00:00,269.7699890136719,270.2200012207031,268.69500732421875,269.39990234375,103046
2026-01-28 16:30:00+00:00,269.1300048828125,270.19000244140625,269.0799865722656,270.19000244140625,37894
2026-01-28 17:30:00+00:00,270.19000244140625,270.80499267578125,269.8450012207031,270.29998779296875,64099
2026-01-28 18:30:00+00:00,270.3999938964844,271.29998779296875,270.1000061035156,270.1849975585937,62679
2026-01-28 19:30:00+00:00,270.1849975585937,271.7799987792969,269.3599853515625,270.114990234375,153334
2026-01-28 20:30:00+00:00,270.05389404296875,270.114990234375,267.7799987792969,268.1000061035156,252731
2026-01-29 14:30:00+00:00,267.82000732421875,269.9800109863281,266.57501220703125,269.2799987792969,114236
2026-01-29 15:30:00+00:00,269.44000244140625,269.8699951171875,268.7900085449219,269.0950012207031,52943
2026-01-29 16:30:00+00:00,268.95001220703125,269.1499938964844,268.32000732421875,268.7650146484375,45655
2026-01-29 17:30:00+00:00,268.6700134277344,269.0249938964844,267.7900085449219,268.760009765625,74095
2026-01-29 18:30:00+00:00,268.760009765625,269.4700012207031,268.45001220703125,269.2699890136719,53723
2026-01-29 19:30:00+00:00,269.1300048828125,270.1000061035156,268.9599914550781,270.0299987792969,67141
2026-01-29 20:30:00+00:00,270.04998779296875,270.1000061035156,268.3599853515625,269.6700134277344,178364
2026-01-30 14:30:00+00:00,270.9200134277344,272.81500244140625,268.38800048828125,268.9100036621094,67522
2026-01-30 15:30:00+00:00,268.8999938964844,270.2699890136719,268.82501220703125,269.1499938964844,53320
2026-01-30 16:30:00+00:00,269.2300109863281,270.0899963378906,268.9700012207031,269.8999938964844,47444
2026-01-30 17:30:00+00:00,269.9349975585937,270.6499938964844,269.45001220703125,270.6499938964844,29018
2026-01-30 18:30:00+00:00,270.6549987792969,272.4100036621094,270.1700134277344,271.5400085449219,38227
2026-01-30 19:30:00+00:00,271.5,271.9200134277344,270.4949951171875,271.55499267578125,56266
2026-01-30 20:30:00+00:00,271.4599914550781,272.1199951171875,270.875,271.510009765625,174230
2026-02-02 14:30:00+00:00,268.4200134277344,271.8599853515625,265.7300109863281,267.7655029296875,40108
2026-02-02 15:30:00+00:00,267.82000732421875,268.6199951171875,265.7850036621094,266.9896850585937,55876
2026-02-02 16:30:00+00:00,267.04998779296875,268.45001220703125,266.5299987792969,267.7850036621094,33754
2026-02-02 17:30:00+00:00,267.8999938964844,268.1300048828125,267.0899963378906,267.6650085449219,28713
2026-02-02 18:30:00+00:00,267.69000244140625,269.29998779296875,267.6499938964844,268.7900085449219,43630
2026-02-02 19:30:00+00:00,268.6199951171875,269.6199951171875,268.3399963378906,269.54998779296875,49381
2026-02-02 20:30:00+00:00,269.4760131835937,270.3949890136719,269.17999267578125,270.260009765625,106082
2026-02-03 14:30:00+00:00,269.57000732421875,275.489990234375,269.5450134277344,273.79998779296875,31882
2026-02-03 15:30:00+00:00,273.8900146484375,274.2300109863281,272.2099914550781,273.32000732421875,49818
2026-02-03 16:30:00+00:00,273.32000732421875,273.3299865722656,271.30010986328125,271.7699890136719,60788
2026-02-03 17:30:00+00:00,271.70001220703125,273.239990234375,271.6199951171875,271.92999267578125,60657
2026-02-03 18:30:00+00:00,272.0899963378906,272.1499938964844,270.9400939941406,271.260009765625,36464
2026-02-03 19:30:00+00:00,271.3999938964844,271.95001220703125,270.6173095703125,271.07000732421875,34430
2026-02-03 20:30:00+00:00,271.1199951171875,272.3599853515625,270.7749938964844,272.20001220703125,121971
2026-02-04 14:30:00+00:00,273.4800109863281,275.69000244140625,271.92999267578125,274.989990234375,66173
2026-02-04 15:30:00+00:00,275.1300048828125,275.2300109863281,273.9200134277344,274.3099975585937,45984
2026-02-04 16:30:00+00:00,274.42999267578125,276.45001220703125,274.1600036621094,276.17498779296875,48239
2026-02-04 17:30:00+00:00,276.17498779296875,277.8599853515625,276.1700134277344,276.9599914550781,67020
2026-02-04 18:30:00+00:00,276.864990234375,278.44000244140625,276.70001220703125,278.25,64875
2026-02-04 19:30:00+00:00,278.125,278.3699951171875,276.2300109863281,276.3349914550781,59380
2026-02-04 20:30:00+00:00,276.2300109863281,277.4649963378906,276.0199890136719,276.2300109863281,134741
2026-02-05 14:30:00+00:00,276.9700012207031,278.489990234375,275.1549987792969,276.7950134277344,76238
2026-02-05 15:30:00+00:00,276.7950134277344,277.94000244140625,275.79998779296875,276.67498779296875,55669
2026-02-05 16:30:00+00:00,276.8900146484375,278.27899169921875,276.8900146484375,278.2300109863281,60762
2026-02-05 17:30:00+00:00,278.19000244140625,278.19000244140625,276.8349914550781,277.2300109863281,45916
2026-02-05 18:30:00+00:00,277.239990234375,278.45001220703125,276.7650146484375,278.45001220703125,66861
2026-02-05 19:30:00+00:00,278.31500244140625,278.8500061035156,277.6900939941406,278.0400085449219,61220
2026-02-05 20:30:00+00:00,278.0899963378906,278.3299865722656,277.489990234375,278.239990234375,181841
2026-02-06 14:30:00+00:00,280.0,281.989990234375,277.8500061035156,278.3299865722656,62423
2026-02-06 15:30:00+00:00,278.32000732421875,278.3699951171875,275.19000244140625,275.19000244140625,66872
2026-02-06 16:30:00+00:00,275.17999267578125,276.57000732421875,274.2900085449219,275.1549987792969,64135
2026-02-06 17:30:00+00:00,275.1549987792969,275.1549987792969,274.10888671875,274.9100036621094,49651
2026-02-06 18:30:00+00:00,274.8999938964844,275.97479248046875,274.5599975585937,275.760009765625,50954
2026-02-06 19:30:00+00:00,275.75,277.1300048828125,275.6600036621094,276.9100036621094,74231
2026-02-06 20:30:00+00:00,277.0,277.7200012207031,276.69000244140625,277.2200012207031,134946
2026-02-09 14:30:00+00:00,275.5299987792969,276.0299987792969,272.4800109863281,274.3500061035156,41249
2026-02-09 15:30:00+00:00,274.3550109863281,275.57989501953125,274.1050109863281,274.95001220703125,87066
2026-02-09 16:30:00+00:00,274.8399963378906,275.1000061035156,274.0,274.20001220703125,61369
2026-02-09 17:30:00+00:00,274.05499267578125,275.3099975585937,274.05499267578125,275.1099853515625,57460
2026-02-09 18:30:00+00:00,275.1099853515625,275.3999938964844,273.57000732421875,275.2900085449219,56039
2026-02-09 19:30:00+00:00,275.2900085449219,275.29998779296875,274.3301086425781,274.5599975585937,68827
2026-02-09 20:30:00+00:00,274.5199890136719,274.75,273.9700012207031,273.989990234375,173212
2026-02-10 14:30:00+00:00,275.9700012207031,285.7300109863281,275.42999267578125,283.1849975585937,243132
2026-02-10 15:30:00+00:00,283.1849975585937,285.17999267578125,282.9700012207031,284.19000244140625,100195
2026-02-10 16:30:00+00:00,284.19500732421875,284.19500732421875,281.7200012207031,281.7200012207031,58917
2026-02-10 17:30:00+00:00,281.79998779296875,284.1000061035156,281.45001220703125,284.0,69444
2026-02-10 18:30:00+00:00,283.9750061035156,285.79998779296875,283.4349975585937,285.375,86826
2026-02-10 19:30:00+00:00,285.4849853515625,285.8699951171875,283.67999267578125,284.125,95366
2026-02-10 20:30:00+00:00,283.9599914550781,284.57000732421875,282.760009765625,284.54998779296875,208752
2026-02-11 14:30:00+00:00,284.3800048828125,285.56500244140625,282.2250061035156,283.25,94315
2026-02-11 15:30:00+00:00,283.44000244140625,284.70001220703125,282.4100036621094,284.67999267578125,63807
2026-02-11 16:30:00+00:00,284.7099914550781,286.3500061035156,284.6600036621094,286.3399963378906,49668
2026-02-11 17:30:00+00:00,286.3500061035156,288.57000732421875,286.29998779296875,288.3999938964844,88879
2026-02-11 18:30:00+00:00,288.5400085449219,289.4700012207031,287.69000244140625,289.4617919921875,94918
2026-02-11 19:30:00+00:00,289.5299987792969,289.94000244140625,288.5,289.2117919921875,104324
2026-02-11 20:30:00+00:00,289.17498779296875,290.1400146484375,288.92999267578125,289.8800048828125,175392
2026-02-12 14:30:00+00:00,292.0199890136719,292.0199890136719,284.9447937011719,285.8599853515625,98298
2026-02-12 15:30:00+00:00,286.0599975585937,286.2300109863281,283.2950134277344,284.6300048828125,105935
2026-02-12 16:30:00+00:00,284.7950134277344,284.92498779296875,280.0899963378906,280.20001220703125,94401
2026-02-12 17:30:00+00:00,280.2650146484375,282.3099975585937,279.6199951171875,281.1400146484375,80643
2026-02-12 18:30:00+00:00,281.1400146484375,281.44000244140625,278.0899963378906,278.4549865722656,68345
2026-02-12 19:30:00+00:00,278.1600036621094,280.3399963378906,277.7799987792969,279.69500732421875,94239
2026-02-12 20:30:00+00:00,279.510009765625,279.885009765625,278.1099853515625,278.2049865722656,168809
2026-02-13 14:30:00+00:00,277.510009765625,282.2449951171875,277.510009765625,279.4150085449219,55358
2026-02-13 15:30:00+00:00,279.25,282.0,279.25,280.95001220703125,59701
2026-02-13 16:30:00+00:00,281.0775146484375,282.0450134277344,280.9200134277344,281.5249938964844,40625
2026-02-13 17:30:00+00:00,281.5199890136719,282.7699890136719,281.489990234375,282.3949890136719,48885
2026-02-13 18:30:00+00:00,282.0199890136719,282.6098937988281,281.625,282.1600036621094,70551
2026-02-13 19:30:00+00:00,282.0799865722656,282.7900085449219,281.1400146484375,281.7200012207031,70985
2026-02-13 20:30:00+00:00,281.6600036621094,282.8599853515625,281.19000244140625,282.8599853515625,210184
2026-02-17 14:30:00+00:00,277.8900146484375,279.489990234375,260.57000732421875,261.0799865722656,339278
2026-02-17 15:30:00+00:00,261.19500732421875,270.989990234375,260.57000732421875,269.95001220703125,150319
2026-02-17 16:30:00+00:00,270.2900085449219,274.8699951171875,269.6199951171875,274.3399963378906,166506
2026-02-17 17:30:00+00:00,274.57000732421875,276.0799865722656,272.6300048828125,274.8399963378906,144155
2026-02-17 18:30:00+00:00,275.1000061035156,277.0,273.6801147460937,276.2099914550781,157048
2026-02-17 19:30:00+00:00,276.2099914550781,279.1499938964844,275.95001220703125,278.385009765625,190917
2026-02-17 20:30:00+00:00,278.385009765625,278.42498779296875,276.1337890625,276.69000244140625,309199
2026-02-18 14:30:00+00:00,279.3699951171875,280.04998779296875,274.1499938964844,276.8800048828125,76273
2026-02-18 15:30:00+00:00,277.1400146484375,280.58990478515625,276.44000244140625,280.58990478515625,100462
2026-02-18 16:30:00+00:00,280.364990234375,280.7699890136719,277.3699951171875,277.8599853515625,48298
2026-02-18 17:30:00+00:00,277.8699951171875,279.32000732421875,277.4800109863281,278.3599853515625,62283
2026-02-18 18:30:00+00:00,278.3599853515625,278.9200134277344,276.010009765625,277.7300109863281,84241
2026-02-18 19:30:00+00:00,277.7300109863281,277.81500244140625,276.1549987792969,277.0249938964844,94575
2026-02-18 20:30:00+00:00,277.0274963378906,279.6000061035156,277.0249938964844,278.67999267578125,224727
2026-02-19 14:30:00+00:00,277.94000244140625,281.0899963378906,276.4599914550781,280.364990234375,78232
2026-02-19 15:30:00+00:00,280.42999267578125,281.6098937988281,279.3299865722656,279.7200012207031,79188
2026-02-19 16:30:00+00:00,279.81500244140625,281.9599914550781,279.69000244140625,281.6050109863281,49927
2026-02-19 17:30:00+00:00,281.489990234375,281.7799987792969,278.82000732421875,280.0574951171875,68119
2026-02-19 18:30:00+00:00,280.1099853515625,281.29998779296875,279.9700927734375,281.0799865722656,52895
2026-02-19 19:30:00+00:00,281.239990234375,281.79998779296875,280.44000244140625,281.4549865722656,83415
2026-02-19 20:30:00+00:00,281.4549865722656,282.5,281.04998779296875,282.4800109863281,189887
2026-02-20 14:30:00+00:00,284.6600036621094,285.0,280.7099914550781,284.1700134277344,111789
2026-02-20 15:30:00+00:00,284.3349914550781,284.3399963378906,280.7200012207031,280.7300109863281,111225
2026-02-20 16:30:00+00:00,280.7300109863281,281.247802734375,278.9800109863281,279.6199951171875,84365
2026-02-20 17:30:00+00:00,279.6400146484375,282.1300048828125,279.1700134277344,281.9200134277344,77585
2026-02-20 18:30:00+00:00,281.8500061035156,283.88751220703125,281.7900085449219,283.2200012207031,50688
2026-02-20 19:30:00+00:00,283.2799987792969,283.8099975585937,282.510009765625,283.1300048828125,64837
2026-02-20 20:30:00+00:00,283.2699890136719,283.6549987792969,282.5299987792969,282.6700134277344,155799
2026-02-23 14:30:00+00:00,281.0400085449219,289.364990234375,278.97100830078125,285.1199951171875,117011
2026-02-23 15:30:00+00:00,285.1499938964844,285.1700134277344,282.94000244140625,283.19000244140625,89705
2026-02-23 16:30:00+00:00,283.2699890136719,284.010009765625,282.54998779296875,283.9200134277344,62324
2026-02-23 17:30:00+00:00,283.8800048828125,285.4200134277344,283.7049865722656,285.3900146484375,49357
2026-02-23 18:30:00+00:00,285.3500061035156,286.0299987792969,284.8999938964844,285.57000732421875,72946
2026-02-23 19:30:00+00:00,285.57000732421875,285.70001220703125,284.5199890136719,284.82000732421875,84986
2026-02-23 20:30:00+00:00,284.885009765625,286.0899963378906,284.8475952148437,285.4200134277344,140890
2026-02-24 14:30:00+00:00,285.20001220703125,289.07000732421875,284.4100036621094,288.7149963378906,67725
2026-02-24 15:30:00+00:00,288.7149963378906,288.7149963378906,285.3399963378906,286.07000732421875,46695
2026-02-24 16:30:00+00:00,286.0450134277344,286.739990234375,285.54998779296875,286.19000244140625,40599
2026-02-24 17:30:00+00:00,286.4150085449219,286.9349975585937,285.6400146484375,286.9349975585937,39236
2026-02-24 18:30:00+00:00,286.94000244140625,288.0,286.94000244140625,287.4349975585937,54723
2026-02-24 19:30:00+00:00,287.5299987792969,288.0799865722656,286.8699951171875,286.8699951171875,76401
2026-02-24 20:30:00+00:00,287.0150146484375,287.8349914550781,286.81500244140625,287.239990234375,127990
2026-02-25 14:30:00+00:00,287.3299865722656,289.7099914550781,284.510009765625,285.9150085449219,54094
2026-02-25 15:30:00+00:00,285.9649963378906,286.3599853515625,282.0899963378906,283.3299865722656,75450
2026-02-25 16:30:00+00:00,283.3099975585937,283.57000732421875,281.07000732421875,282.2699890136719,65488
2026-02-25 17:30:00+00:00,282.2200012207031,282.70001220703125,281.3599853515625,282.3599853515625,37488
2026-02-25 18:30:00+00:00,282.57000732421875,282.9700012207031,281.8399963378906,282.57000732421875,46402
2026-02-25 19:30:00+00:00,282.57000732421875,283.44000244140625,281.8500061035156,281.8599853515625,70566
2026-02-25 20:30:00+00:00,282.0199890136719,283.1849975585937,281.8699951171875,282.7699890136719,103860
2026-02-26 14:30:00+00:00,285.95001220703125,287.45001220703125,282.7799987792969,285.3099975585937,62068
2026-02-26 15:30:00+00:00,285.2749938964844,286.20001220703125,284.54998779296875,284.6099853515625,56932
2026-02-26 16:30:00+00:00,284.69000244140625,285.6000061035156,284.3900146484375,285.114990234375,38790
2026-02-26 17:30:00+00:00,285.17999267578125,285.2300109863281,284.2585144042969,284.947509765625,68806
2026-02-26 18:30:00+00:00,284.95001220703125,286.4800109863281,284.5400085449219,286.4549865722656,68065
2026-02-26 19:30:00+00:00,286.6199951171875,287.3900146484375,285.9469909667969,286.19000244140625,76117
2026-02-26 20:30:00+00:00,286.2300109863281,287.6499938964844,286.07000732421875,287.5899963378906,122087
2026-02-27 14:30:00+00:00,287.0299987792969,288.6199951171875,284.9100036621094,287.8699951171875,38189
2026-02-27 15:30:00+00:00,287.8399963378906,288.0599975585937,286.6400146484375,287.375,74530
2026-02-27 16:30:00+00:00,287.2300109863281,287.32000732421875,285.6199951171875,287.0425109863281,55148
2026-02-27 17:30:00+00:00,287.0599975585937,289.739990234375,287.0599975585937,289.1600036621094,29891
2026-02-27 18:30:00+00:00,289.1849975585937,289.3399963378906,287.29998779296875,287.5899963378906,39653
2026-02-27 19:30:00+00:00,287.510009765625,289.0,287.3800048828125,288.8800048828125,45862
2026-02-27 20:30:00+00:00,288.9800109863281,290.6499938964844,288.8099975585937,289.1700134277344,117803
2026-03-02 14:30:00+00:00,287.239990234375,289.1199951171875,286.2200012207031,286.8424987792969,35319
2026-03-02 15:30:00+00:00,286.8699951171875,286.8900146484375,285.2099914550781,285.4100036621094,34710
2026-03-02 16:30:00+00:00,285.5199890136719,286.75,285.260009765625,285.8699951171875,21997
2026-03-02 17:30:00+00:00,285.94000244140625,287.3599853515625,285.8399963378906,286.989990234375,23969
2026-03-02 18:30:00+00:00,286.5,287.07000732421875,285.8299865722656,287.0,23675
2026-03-02 19:30:00+00:00,286.864990234375,287.4549865722656,285.9200134277344,286.6379089355469,44724
2026-03-02 20:30:00+00:00,286.6499938964844,286.9700012207031,286.25,286.3500061035156,79496
2026-03-03 14:30:00+00:00,281.5599975585937,284.0899963378906,278.70001220703125,280.0199890136719,51173
2026-03-03 15:30:00+00:00,280.2300109863281,280.6300048828125,279.0950012207031,279.7900085449219,40985
2026-03-03 16:30:00+00:00,279.6499938964844,281.69989013671875,278.8599853515625,281.69000244140625,29429
2026-03-03 17:30:00+00:00,281.4100036621094,283.0639953613281,281.0899963378906,283.0,21930
2026-03-03 18:30:00+00:00,282.8699951171875,284.2900085449219,282.8699951171875,283.9150085449219,25830
2026-03-03 19:30:00+00:00,283.8800048828125,284.19000244140625,282.9100952148437,283.3099975585937,47533
2026-03-03 20:30:00+00:00,283.239990234375,283.67999267578125,282.6499938964844,283.0299987792969,42250
2026-03-04 14:30:00+00:00,283.04998779296875,283.25,279.2300109863281,282.67999267578125,46722
2026-03-04 15:30:00+00:00,282.443603515625,283.5299987792969,281.6000061035156,281.92999267578125,44121
2026-03-04 16:30:00+00:00,281.9949951171875,282.260009765625,281.56500244140625,281.82000732421875,31099
2026-03-04 17:30:00+00:00,281.7449951171875,282.4200134277344,281.45001220703125,282.04998779296875,25368
2026-03-04 18:30:00+00:00,282.04998779296875,282.20001220703125,280.8299865722656,280.9599914550781,35776
2026-03-04 19:30:00+00:00,281.0150146484375,282.0450134277344,280.92999267578125,281.1650085449219,44785
2026-03-04 20:30:00+00:00,281.17498779296875,281.364990234375,280.7099914550781,280.8699951171875,80941
2026-03-05 14:30:00+00:00,277.8699951171875,278.4700012207031,274.239990234375,275.135009765625,72597
2026-03-05 15:30:00+00:00,275.04998779296875,276.3299865722656,274.6000061035156,276.0400085449219,29346
2026-03-05 16:30:00+00:00,276.0400085449219,276.7900085449219,275.6900939941406,275.9800109863281,28620
2026-03-05 17:30:00+00:00,275.9800109863281,276.5599975585937,275.70001220703125,275.92999267578125,26861
2026-03-05 18:30:00+00:00,275.9750061035156,276.5,275.6400146484375,275.8450012207031,40026
2026-03-05 19:30:00+00:00,275.739990234375,276.1300048828125,275.3999938964844,275.6700134277344,45911
2026-03-05 20:30:00+00:00,275.6650085449219,276.1449890136719,275.1642150878906,275.8699951171875,102786
2026-03-06 14:30:00+00:00,273.3800048828125,274.5299987792969,269.29998779296875,270.5249938964844,73173
2026-03-06 15:30:00+00:00,270.57000732421875,271.55499267578125,268.57000732421875,269.6300048828125,62965
2026-03-06 16:30:00+00:00,269.3599853515625,269.94000244140625,268.17999267578125,268.17999267578125,27530
2026-03-06 17:30:00+00:00,268.1700134277344,269.44000244140625,267.7799987792969,269.44000244140625,27237
2026-03-06 18:30:00+00:00,269.57000732421875,269.57000732421875,268.44500732421875,269.20001220703125,35750
2026-03-06 19:30:00+00:00,269.17498779296875,269.57000732421875,268.9241943359375,269.40008544921875,38665
2026-03-06 20:30:00+00:00,269.54998779296875,270.20001220703125,268.760009765625,269.6499938964844,109370
2026-03-09 13:30:00+00:00,268.3800048828125,268.4849853515625,264.239990234375,264.8800048828125,77269
2026-03-09 14:30:00+00:00,264.92498779296875,268.2149963378906,264.8599853515625,267.2799987792969,35629
2026-03-09 15:30:00+00:00,267.239990234375,269.3099975585937,266.5599975585937,269.0299987792969,38224
2026-03-09 16:30:00+00:00,268.9599914550781,269.5400085449219,268.3299865722656,268.4949951171875,39503
2026-03-09 17:30:00+00:00,268.4649963378906,269.7699890136719,268.1400146484375,269.5450134277344,35857
2026-03-09 18:30:00+00:00,269.5400085449219,272.70001220703125,269.5400085449219,272.70001220703125,50000
2026-03-09 19:30:00+00:00,272.8999938964844,274.3500061035156,272.4200134277344,273.5199890136719,121605
2026-03-10 13:30:00+00:00,270.8299865722656,273.53271484375,268.4200134277344,269.239990234375,73422
2026-03-10 14:30:00+00:00,269.239990234375,271.3299865722656,269.239990234375,271.260009765625,62027
2026-03-10 15:30:00+00:00,271.2349853515625,271.3900146484375,270.239990234375,270.8500061035156,27845
2026-03-10 16:30:00+00:00,270.69000244140625,272.6600036621094,270.69000244140625,272.6600036621094,28821
2026-03-10 17:30:00+00:00,272.67999267578125,272.726806640625,269.94000244140625,270.6524963378906,43238
2026-03-10 18:30:00+00:00,270.75,271.17999267578125,269.8500061035156,269.9649963378906,40859
2026-03-10 19:30:00+00:00,269.9200134277344,270.010009765625,268.5,268.75,110550
2026-03-11 13:30:00+00:00,267.69000244140625,270.3299865722656,266.7500915527344,269.0450134277344,45138
2026-03-11 14:30:00+00:00,268.5101013183594,270.9700012207031,268.5101013183594,269.8500061035156,45178
2026-03-11 15:30:00+00:00,269.95001220703125,271.17999267578125,269.7900085449219,270.6400146484375,39350
2026-03-11 16:30:00+00:00,270.510009765625,271.1400146484375,270.1199951171875,270.92999267578125,47292
2026-03-11 17:30:00+00:00,270.9599914550781,271.6400146484375,270.6099853515625,271.3099975585937,38913
2026-03-11 18:30:00+00:00,271.4700012207031,271.5299987792969,270.07000732421875,270.6050109863281,51041
2026-03-11 19:30:00+00:00,270.6400146484375,270.8800048828125,270.1600036621094,270.4024963378906,114012
2026-03-12 13:30:00+00:00,270.0,272.56500244140625,267.5799865722656,271.0150146484375,68339
2026-03-12 14:30:00+00:00,271.0,271.4599914550781,269.07000732421875,269.1400146484375,56487
2026-03-12 15:30:00+00:00,269.0599975585937,270.3949890136719,268.4700012207031,269.260009765625,53010
2026-03-12 16:30:00+00:00,269.239990234375,269.7499084472656,268.8099975585937,269.6099853515625,52932
2026-03-12 17:30:00+00:00,269.614990234375,270.1099853515625,268.489990234375,268.6099853515625,55299
2026-03-12 18:30:00+00:00,268.6499938964844,268.697509765625,265.6300048828125,265.67999267578125,82051
2026-03-12 19:30:00+00:00,265.7200012207031,265.7300109863281,262.54998779296875,262.8099975585937,196556
2026-03-13 13:30:00+00:00,265.6000061035156,267.1199951171875,263.20001220703125,264.3299865722656,75061
2026-03-13 14:30:00+00:00,264.260009765625,265.0249938964844,263.3599853515625,264.135009765625,31313
2026-03-13 15:30:00+00:00,264.0400085449219,265.25,263.3599853515625,264.9800109863281,27191
2026-03-13 16:30:00+00:00,265.010009765625,266.8399963378906,265.0,266.67999267578125,51562
2026-03-13 17:30:00+00:00,266.7099914550781,266.8500061035156,264.7099914550781,265.17999267578125,49416
2026-03-13 18:30:00+00:00,265.32000732421875,265.5599975585937,264.2850036621094,264.5400085449219,42018
2026-03-13 19:30:00+00:00,264.5400085449219,264.6600036621094,262.8699951171875,263.79998779296875,102372
2026-03-16 13:30:00+00:00,265.8299865722656,270.2550048828125,264.0201110839844,268.31549072265625,79088
2026-03-16 14:30:00+00:00,268.19000244140625,268.67999267578125,267.3900146484375,268.6099853515625,46781
2026-03-16 15:30:00+00:00,268.6099853515625,268.6099853515625,265.6000061035156,266.3599853515625,35800
2026-03-16 16:30:00+00:00,266.3699951171875,267.0098876953125,265.989990234375,266.81500244140625,25132
2026-03-16 17:30:00+00:00,266.82000732421875,267.2799987792969,266.32501220703125,266.9549865722656,38259
2026-03-16 18:30:00+00:00,266.9549865722656,268.6499938964844,266.6099853515625,266.69500732421875,104574
2026-03-16 19:30:00+00:00,266.69500732421875,266.9100036621094,265.6099853515625,266.82000732421875,78248
2026-03-17 13:30:00+00:00,264.7300109863281,272.8299865722656,264.7300109863281,271.0,53340
2026-03-17 14:30:00+00:00,271.07000732421875,271.3599853515625,270.0450134277344,270.7900085449219,30572
2026-03-17 15:30:00+00:00,270.614990234375,270.8299865722656,268.8299865722656,268.8699951171875,35053
2026-03-17 16:30:00+00:00,268.79998779296875,271.04998779296875,268.260009765625,270.79998779296875,28712
2026-03-17 17:30:00+00:00,270.7099914550781,271.3099975585937,270.1328125,270.2200012207031,36875
2026-03-17 18:30:00+00:00,270.17999267578125,271.1899108886719,269.9690856933594,270.1700134277344,73142
2026-03-17 19:30:00+00:00,270.1700134277344,271.260009765625,269.6000061035156,270.6600036621094,128765
2026-03-18 13:30:00+00:00,267.8500061035156,270.8999938964844,267.1400146484375,269.1499938964844,55741
2026-03-18 14:30:00+00:00,269.1499938964844,271.3599853515625,268.8900146484375,271.3599853515625,34525
2026-03-18 15:30:00+00:00,271.3399963378906,271.4800109863281,269.9349975585937,269.95001220703125,37595
2026-03-18 16:30:00+00:00,270.1099853515625,270.239990234375,268.8099975585937,269.010009765625,30097
2026-03-18 17:30:00+00:00,268.864990234375,269.29998779296875,267.9800109863281,268.6000061035156,42769
2026-03-18 18:30:00+00:00,268.489990234375,268.7149963378906,265.1600036621094,265.29998779296875,77233
2026-03-18 19:30:00+00:00,265.2049865722656,266.4800109863281,265.1099853515625,265.8500061035156,112756
2026-03-19 13:30:00+00:00,264.67999267578125,267.5400085449219,264.67999267578125,264.7300109863281,69742
2026-03-19 14:30:00+00:00,264.7799987792969,265.7950134277344,263.20001220703125,263.8399963378906,38754
2026-03-19 15:30:00+00:00,263.8299865722656,264.5599975585937,263.3599853515625,263.9849853515625,29080
2026-03-19 16:30:00+00:00,263.9800109863281,264.04998779296875,263.3599853515625,263.45001220703125,26213
2026-03-19 17:30:00+00:00,263.5199890136719,264.5050048828125,263.25,263.44000244140625,31294
2026-03-19 18:30:00+00:00,263.4750061035156,266.25,263.4750061035156,264.82000732421875,38220
2026-03-19 19:30:00+00:00,264.9700012207031,264.9700012207031,263.1199951171875,264.1000061035156,134556
2026-03-20 13:30:00+00:00,263.70001220703125,264.4949951171875,262.281005859375,263.0450134277344,107228
2026-03-20 14:30:00+00:00,263.3500061035156,264.9800109863281,263.2349853515625,264.56988525390625,34014
2026-03-20 15:30:00+00:00,264.57000732421875,264.7799987792969,264.033203125,264.6000061035156,23369
2026-03-20 16:30:00+00:00,264.6499938964844,265.3399963378906,264.3399963378906,265.0599975585937,25798
2026-03-20 17:30:00+00:00,264.6300048828125,264.6300048828125,262.1600036621094,262.4100036621094,32801
2026-03-20 18:30:00+00:00,262.4800109863281,262.739990234375,261.2950134277344,261.7099914550781,39806
2026-03-20 19:30:00+00:00,261.6700134277344,263.79998779296875,261.20001220703125,263.0,87171
2026-03-23 13:30:00+00:00,266.0299987792969,269.0,264.54998779296875,267.6075134277344,65152
2026-03-23 14:30:00+00:00,267.8399963378906,270.5899963378906,267.56500244140625,268.6000061035156,42083
2026-03-23 15:30:00+00:00,268.9599914550781,268.9599914550781,266.5350036621094,266.5599975585937,40409
2026-03-23 16:30:00+00:00,266.6549987792969,267.54998779296875,266.44000244140625,266.8349914550781,29342
2026-03-23 17:30:00+00:00,267.010009765625,267.9800109863281,266.1300048828125,266.4700012207031,46954
2026-03-23 18:30:00+00:00,266.4849853515625,267.6400146484375,265.8999938964844,266.06500244140625,72497
2026-03-23 19:30:00+00:00,265.9800109863281,266.57501220703125,264.32000732421875,264.3999938964844,142632
2026-03-24 13:30:00+00:00,262.1400146484375,264.6300048828125,260.8662109375,264.0,51037
2026-03-24 14:30:00+00:00,263.8699951171875,265.760009765625,263.1099853515625,264.95001220703125,51907
2026-03-24 15:30:00+00:00,264.7099914550781,267.17999267578125,264.7099914550781,266.5450134277344,45164
2026-03-24 16:30:00+00:00,266.5400085449219,267.42999267578125,266.3100891113281,267.0450134277344,27386
2026-03-24 17:30:00+00:00,267.010009765625,267.17999267578125,265.7349853515625,266.12750244140625,40848
2026-03-24 18:30:00+00:00,266.31988525390625,267.3399963378906,266.0,266.06500244140625,48664
2026-03-24 19:30:00+00:00,266.1600036621094,266.510009765625,265.3999938964844,266.0350036621094,79836
2026-03-25 13:30:00+00:00,267.45001220703125,269.9700012207031,265.4700012207031,266.3099975585937,54854
2026-03-25 14:30:00+00:00,266.5599975585937,267.95001220703125,266.12750244140625,267.7950134277344,42619
2026-03-25 15:30:00+00:00,267.94000244140625,268.29998779296875,267.1099853515625,267.5400085449219,41370
2026-03-25 16:30:00+00:00,267.5,268.4750061035156,267.3699951171875,268.42999267578125,25526
2026-03-25 17:30:00+00:00,268.3699951171875,268.92999267578125,267.6300048828125,267.75,34326
2026-03-25 18:30:00+00:00,267.75,268.3500061035156,266.94000244140625,267.239990234375,52134
2026-03-25 19:30:00+00:00,267.19000244140625,267.44000244140625,265.9599914550781,266.010009765625,105584
2026-03-26 13:30:00+00:00,264.8900146484375,271.7799987792969,264.6449890136719,270.9100036621094,62351
2026-03-26 14:30:00+00:00,270.8999938964844,271.4800109863281,269.4949951171875,271.0899963378906,49212
2026-03-26 15:30:00+00:00,271.0450134277344,271.2099914550781,269.2300109863281,269.489990234375,29982
2026-03-26 16:30:00+00:00,269.5,269.6300048828125,268.5086975097656,268.6099853515625,31412
2026-03-26 17:30:00+00:00,268.8099975585937,269.1499938964844,268.4549865722656,268.9049987792969,28162
2026-03-26 18:30:00+00:00,269.0400085449219,269.4800109863281,267.9100036621094,267.9200134277344,32514
2026-03-26 19:30:00+00:00,267.989990234375,268.5599975585937,267.6000061035156,268.3699951171875,68953
2026-03-27 13:30:00+00:00,267.04998779296875,269.7300109863281,265.57000732421875,268.3550109863281,106098
2026-03-27 14:30:00+00:00,268.3550109863281,269.1650085449219,266.69500732421875,268.6849975585937,52379
2026-03-27 15:30:00+00:00,269.0400085449219,269.0799865722656,267.2099914550781,267.489990234375,54981
2026-03-27 16:30:00+00:00,267.6300048828125,267.8999938964844,265.7200012207031,265.7699890136719,40311
2026-03-27 17:30:00+00:00,265.9549865722656,266.4399108886719,264.1849975585937,264.6000061035156,32105
2026-03-27 18:30:00+00:00,264.7749938964844,265.3800048828125,263.9599914550781,264.8299865722656,38652
2026-03-27 19:30:00+00:00,264.739990234375,264.8399963378906,263.1700134277344,264.17999267578125,123175
2026-03-30 13:30:00+00:00,266.6199951171875,267.7699890136719,265.260009765625,265.7250061035156,109531
2026-03-30 14:30:00+00:00,266.0899963378906,268.75,265.7200012207031,266.1400146484375,48085
2026-03-30 15:30:00+00:00,266.29998779296875,267.20001220703125,265.6724853515625,266.57000732421875,47151
2026-03-30 16:30:00+00:00,266.7799987792969,267.3699951171875,265.32000732421875,265.8587951660156,71270
2026-03-30 17:30:00+00:00,265.67999267578125,266.1099853515625,264.8699951171875,265.3999938964844,31124
2026-03-30 18:30:00+00:00,265.3599853515625,265.5199890136719,263.9100036621094,264.05499267578125,35525
2026-03-30 19:30:00+00:00,264.04998779296875,264.5400085449219,263.3900146484375,263.69000244140625,174481
2026-03-31 13:30:00+00:00,266.54998779296875,267.4049987792969,264.125,266.5199890136719,91006
2026-03-31 14:30:00+00:00,266.5150146484375,267.30499267578125,263.87750244140625,264.8699951171875,67730
2026-03-31 15:30:00+00:00,264.7550048828125,264.79998779296875,263.510009765625,263.6300048828125,35392
2026-03-31 16:30:00+00:00,263.510009765625,267.29998779296875,262.010009765625,264.5899963378906,120424
2026-03-31 17:30:00+00:00,264.57501220703125,264.8599853515625,262.7680053710937,263.1050109863281,48273
2026-03-31 18:30:00+00:00,263.0299987792969,265.8800048828125,262.56500244140625,265.6000061035156,72561
2026-03-31 19:30:00+00:00,265.45001220703125,267.7799987792969,265.0599975585937,266.8399963378906,154297
2026-04-01 13:30:00+00:00,266.6700134277344,272.0199890136719,265.29998779296875,270.4200134277344,96476
2026-04-01 14:30:00+00:00,270.4150085449219,272.0,270.1600036621094,270.94500732421875,90346
2026-04-01 15:30:00+00:00,271.04998779296875,271.9800109863281,270.3599853515625,270.875,63713
2026-04-01 16:30:00+00:00,270.875,272.07000732421875,270.6400146484375,271.9549865722656,39432
2026-04-01 17:30:00+00:00,271.989990234375,272.2099914550781,271.20001220703125,271.45001220703125,37824
2026-04-01 18:30:00+00:00,271.45001220703125,273.1549987792969,271.25,272.864990234375,82135
2026-04-01 19:30:00+00:00,272.864990234375,273.5299987792969,272.5400085449219,272.75,162140
2026-04-02 13:30:00+00:00,270.2200012207031,273.4949951171875,270.2200012207031,272.1700134277344,51733
2026-04-02 14:30:00+00:00,272.1050109863281,276.5799865722656,272.1050109863281,274.3999938964844,68602
2026-04-02 15:30:00+00:00,274.3599853515625,274.739990234375,272.5799865722656,273.07000732421875,30926
2026-04-02 16:30:00+00:00,273.2699890136719,273.82501220703125,272.8374938964844,273.635009765625,18628
2026-04-02 17:30:00+00:00,273.6400146484375,274.5,273.4649963378906,274.2950134277344,43825
2026-04-02 18:30:00+00:00,274.2900085449219,275.2099914550781,274.0249938964844,274.17999267578125,42994
2026-04-02 19:30:00+00:00,274.17999267578125,274.8299865722656,273.69000244140625,273.75,86306
2026-04-06 13:30:00+00:00,272.6400146484375,276.010009765625,272.6400146484375,275.739990234375,92640
2026-04-06 14:30:00+00:00,275.739990234375,276.21990966796875,274.0,274.1449890136719,38370
2026-04-06 15:30:00+00:00,274.1700134277344,274.7200012207031,273.9700012207031,274.29998779296875,28819
2026-04-06 16:30:00+00:00,274.32000732421875,274.739990234375,274.0899963378906,274.6300048828125,16175
2026-04-06 17:30:00+00:00,274.3399963378906,274.95001220703125,274.1610107421875,274.8999938964844,18392
2026-04-06 18:30:00+00:00,274.8999938964844,275.1700134277344,274.3800048828125,274.9200134277344,31195
2026-04-06 19:30:00+00:00,274.9599914550781,275.70001220703125,274.4700012207031,274.5,73789
2026-04-07 13:30:00+00:00,275.8299865722656,277.9200134277344,273.40008544921875,274.6499938964844,33678
2026-04-07 14:30:00+00:00,274.6499938964844,275.0400085449219,271.7749938964844,272.2149963378906,33333
2026-04-07 15:30:00+00:00,272.239990234375,273.3699951171875,270.92999267578125,271.54998779296875,44270
2026-04-07 16:30:00+00:00,271.5849914550781,271.8699951171875,270.7049865722656,270.7049865722656,27040
2026-04-07 17:30:00+00:00,270.8450012207031,271.79998779296875,270.25,271.79998779296875,42289
2026-04-07 18:30:00+00:00,271.7699890136719,271.9921875,269.6199951171875,270.3450012207031,40362
2026-04-07 19:30:00+00:00,270.4100036621094,270.42999267578125,268.75,269.1600036621094,106903
2026-04-08 13:30:00+00:00,271.95001220703125,275.385009765625,271.7449951171875,274.3299865722656,51832
2026-04-08 14:30:00+00:00,274.1600036621094,275.1000061035156,273.6099853515625,274.0199890136719,38275
2026-04-08 15:30:00+00:00,274.2900085449219,275.6099853515625,273.9049987792969,275.2825012207031,28719
2026-04-08 16:30:00+00:00,275.1499938964844,275.25,274.760009765625,275.0450134277344,26810
2026-04-08 17:30:00+00:00,275.1199951171875,276.0599975585937,275.07501220703125,275.7200012207031,22656
2026-04-08 18:30:00+00:00,275.6600036621094,275.8500061035156,274.1700134277344,274.29998779296875,38974
2026-04-08 19:30:00+00:00,274.2950134277344,275.4175109863281,274.0150146484375,274.6700134277344,94240
2026-04-09 13:30:00+00:00,272.3999938964844,275.70001220703125,271.9349975585937,272.7799987792969,37823
2026-04-09 14:30:00+00:00,272.92999267578125,273.1199951171875,270.9750061035156,272.5299987792969,30884
2026-04-09 15:30:00+00:00,272.2900085449219,274.3349914550781,272.0299987792969,273.95001220703125,28956
2026-04-09 16:30:00+00:00,274.1099853515625,275.1300048828125,273.9100036621094,275.0,30096
2026-04-09 17:30:00+00:00,275.0849914550781,275.2900085449219,274.1600036621094,274.3699951171875,30081
2026-04-09 18:30:00+00:00,274.489990234375,276.3699951171875,274.1199951171875,275.364990234375,63979
2026-04-09 19:30:00+00:00,275.42498779296875,275.6099853515625,272.9800109863281,273.2300109863281,105118
2026-04-10 13:30:00+00:00,272.989990234375,274.1700134277344,267.5390014648437,270.0,118524
2026-04-10 14:30:00+00:00,269.7550048828125,270.5299987792969,268.7049865722656,270.0,29858
2026-04-10 15:30:00+00:00,269.9200134277344,270.04998779296875,261.5400085449219,265.3324890136719,130320
2026-04-10 16:30:00+00:00,265.6099853515625,265.8500061035156,260.0599975585937,260.9200134277344,81266
2026-04-10 17:30:00+00:00,260.9200134277344,263.0,259.6000061035156,263.0,91831
2026-04-10 18:30:00+00:00,263.3099975585937,263.3099975585937,259.8099975585937,261.4849853515625,107554
2026-04-10 19:30:00+00:00,261.7200012207031,262.2099914550781,260.54998779296875,260.9700012207031,116357
2026-04-13 13:30:00+00:00,259.1000061035156,263.4052124023437,257.79998779296875,261.56500244140625,41293
2026-04-13 14:30:00+00:00,261.7699890136719,262.1700134277344,261.1199951171875,261.1449890136719,37708
2026-04-13 15:30:00+00:00,261.1449890136719,262.510009765625,260.19000244140625,262.1549987792969,54067
2026-04-13 16:30:00+00:00,262.1549987792969,262.8500061035156,262.010009765625,262.25,31033
2026-04-13 17:30:00+00:00,262.364990234375,264.3099975585937,262.29998779296875,263.7611083984375,35065
2026-04-13 18:30:00+00:00,263.760009765625,264.1499938964844,262.8450012207031,263.9599914550781,70533
2026-04-13 19:30:00+00:00,264.0799865722656,265.6300048828125,263.6600036621094,264.260009765625,141597
2026-04-14 13:30:00+00:00,263.1300048828125,269.45001220703125,262.7300109863281,266.7699890136719,54818
2026-04-14 14:30:00+00:00,266.94000244140625,268.0,266.260009765625,267.6099853515625,37198
2026-04-14 15:30:00+00:00,267.69500732421875,268.1700134277344,266.2799987792969,266.8550109863281,54170
2026-04-14 16:30:00+00:00,266.8599853515625,267.5599975585937,266.17999267578125,267.3599853515625,40419
2026-04-14 17:30:00+00:00,267.55499267578125,268.1400146484375,267.4200134277344,267.7550048828125,33911
2026-04-14 18:30:00+00:00,267.6199951171875,267.7799987792969,266.9700012207031,267.7099914550781,38986
2026-04-14 19:30:00+00:00,267.7099914550781,268.9100036621094,267.5299987792969,268.9100036621094,178524
2026-04-15 13:30:00+00:00,268.1400146484375,271.20001220703125,267.57501220703125,270.1700134277344,52897
2026-04-15 14:30:00+00:00,270.0150146484375,270.1600036621094,268.8399963378906,269.2699890136719,43516
2026-04-15 15:30:00+00:00,269.239990234375,269.385009765625,268.4349975585937,268.6824951171875,33422
2026-04-15 16:30:00+00:00,268.7200012207031,269.4700012207031,268.510009765625,268.5899963378906,44478
2026-04-15 17:30:00+00:00,268.57000732421875,268.6600036621094,267.69000244140625,268.3500061035156,41012
2026-04-15 18:30:00+00:00,268.34991455078125,269.3699951171875,267.57501220703125,268.42498779296875,47296
2026-04-15 19:30:00+00:00,268.3949890136719,268.3949890136719,266.4200134277344,266.8999938964844,93247
2026-04-16 13:30:00+00:00,266.95001220703125,269.8999938964844,265.0299987792969,268.3450012207031,31143
2026-04-16 14:30:00+00:00,268.489990234375,269.4200134277344,267.6400146484375,268.8299865722656,44858
2026-04-16 15:30:00+00:00,269.010009765625,269.7900085449219,268.6000061035156,269.1499938964844,26593
2026-04-16 16:30:00+00:00,269.0799865722656,269.2149963378906,267.92999267578125,268.20001220703125,25722
2026-04-16 17:30:00+00:00,268.0799865722656,268.8399963378906,268.07000732421875,268.1050109863281,28628
2026-04-16 18:30:00+00:00,268.1050109863281,268.1849975585937,266.5799865722656,266.5799865722656,58019
2026-04-16 19:30:00+00:00,266.5450134277344,268.010009765625,266.32000732421875,266.54998779296875,110232
2026-04-17 13:30:00+00:00,266.67999267578125,271.20001220703125,266.67999267578125,271.20001220703125,70763
2026-04-17 14:30:00+00:00,271.0599975585937,271.95001220703125,270.5,270.8349914550781,47730
2026-04-17 15:30:00+00:00,270.8550109863281,273.42999267578125,270.8550109863281,271.9700012207031,55619
2026-04-17 16:30:00+00:00,272.0150146484375,273.625,272.010009765625,272.4649963378906,54457
2026-04-17 17:30:00+00:00,272.4750061035156,272.6400146484375,271.5,272.3349914550781,30878
2026-04-17 18:30:00+00:00,272.3349914550781,272.5,270.7449951171875,270.8599853515625,36323
2026-04-17 19:30:00+00:00,270.9700012207031,271.31500244140625,270.2099914550781,270.79998779296875,125959
2026-04-20 13:30:00+00:00,270.5,271.26251220703125,268.95001220703125,270.3800048828125,36291
2026-04-20 14:30:00+00:00,270.3450012207031,270.9598999023437,269.79998779296875,270.3450012207031,47140
2026-04-20 15:30:00+00:00,270.3500061035156,270.6000061035156,268.92999267578125,269.75,39839
2026-04-20 16:30:00+00:00,269.8299865722656,269.8299865722656,268.6099853515625,269.55499267578125,33584
2026-04-20 17:30:00+00:00,269.55499267578125,269.639892578125,265.70001220703125,267.8399963378906,72409
2026-04-20 18:30:00+00:00,267.67999267578125,269.1700134277344,267.4700012207031,268.510009765625,86572
2026-04-20 19:30:00+00:00,268.49249267578125,269.239990234375,267.3099975585937,269.20001220703125,111096
2026-04-21 13:30:00+00:00,274.1099853515625,279.7099914550781,274.0,275.94000244140625,181352
2026-04-21 14:30:00+00:00,275.8699951171875,277.31500244140625,274.8699951171875,275.510009765625,87131
2026-04-21 15:30:00+00:00,275.44000244140625,276.79998779296875,274.95001220703125,276.3099975585937,38306
2026-04-21 16:30:00+00:00,276.3099975585937,276.6650085449219,274.1000061035156,274.6700134277344,49303
2026-04-21 17:30:00+00:00,274.6499938964844,274.9800109863281,272.92010498046875,274.1600036621094,67210
2026-04-21 18:30:00+00:00,273.94000244140625,276.1199951171875,273.94000244140625,276.0474853515625,40025
2026-04-21 19:30:00+00:00,275.96099853515625,275.9700012207031,273.4200134277344,273.4200134277344,107404
2026-04-22 13:30:00+00:00,274.95001220703125,276.135009765625,270.7300109863281,272.6000061035156,63805
2026-04-22 14:30:00+00:00,272.3099975585937,272.3099975585937,269.1199951171875,270.3949890136719,67748
2026-04-22 15:30:00+00:00,270.2900085449219,270.7049865722656,268.5249938964844,270.6199951171875,35265
2026-04-22 16:30:00+00:00,270.45001220703125,271.3450012207031,270.0050048828125,270.9100036621094,34933
2026-04-22 17:30:00+00:00,270.8800048828125,271.7049865722656,270.5710144042969,271.45001220703125,31527
2026-04-22 18:30:00+00:00,271.54998779296875,272.5899963378906,271.44000244140625,272.260009765625,42728
2026-04-22 19:30:00+00:00,272.32000732421875,272.9700012207031,272.0799865722656,272.6199951171875,96311
2026-04-23 13:30:00+00:00,272.92999267578125,274.1600036621094,264.3399963378906,266.67498779296875,146272
2026-04-23 14:30:00+00:00,266.69000244140625,268.17498779296875,262.67999267578125,263.6449890136719,178059
2026-04-23 15:30:00+00:00,263.6499938964844,264.19000244140625,262.010009765625,262.2300109863281,79949
2026-04-23 16:30:00+00:00,262.1600036621094,262.95001220703125,261.1080017089844,261.7825012207031,33560
2026-04-23 17:30:00+00:00,261.6000061035156,263.6400146484375,260.8299865722656,263.54998779296875,37748
2026-04-23 18:30:00+00:00,263.70001220703125,265.1650085449219,262.9985046386719,265.1499938964844,75691
2026-04-23 19:30:00+00:00,265.010009765625,265.0599975585937,263.3348999023437,265.0,111540
2026-04-24 13:30:00+00:00,264.92999267578125,265.6300048828125,262.4200134277344,265.3599853515625,56066
2026-04-24 14:30:00+00:00,265.32000732421875,266.0599975585937,263.4100036621094,264.1199951171875,48997
2026-04-24 15:30:00+00:00,264.0299987792969,265.6570129394531,263.9200134277344,264.9649963378906,36998
2026-04-24 16:30:00+00:00,264.9649963378906,265.3800048828125,264.5400085449219,264.9200134277344,35104
2026-04-24 17:30:00+00:00,265.0299987792969,265.2699890136719,263.03009033203125,263.6199951171875,51874
2026-04-24 18:30:00+00:00,263.614990234375,264.2300109863281,263.1549987792969,263.2850036621094,53881
2026-04-24 19:30:00+00:00,263.239990234375,263.9100036621094,262.5899963378906,263.7300109863281,98919
2026-04-27 13:30:00+00:00,262.989990234375,265.4349975585937,261.8599853515625,263.5799865722656,72677
2026-04-27 14:30:00+00:00,263.5899963378906,265.510009765625,263.44000244140625,263.9700012207031,48210
2026-04-27 15:30:00+00:00,264.1300048828125,264.2099914550781,263.25,263.5599975585937,37764
2026-04-27 16:30:00+00:00,263.5599975585937,264.1600036621094,263.07000732421875,264.07501220703125,47148
2026-04-27 17:30:00+00:00,264.010009765625,264.3299865722656,263.614990234375,263.989990234375,39834
2026-04-27 18:30:00+00:00,263.9599914550781,264.1700134277344,263.2300109863281,263.3900146484375,63476
2026-04-27 19:30:00+00:00,263.3699951171875,263.8900146484375,263.0199890136719,263.42999267578125,132968
2026-04-28 13:30:00+00:00,265.3900146484375,267.1400146484375,260.3399963378906,261.4800109863281,81790
2026-04-28 14:30:00+00:00,261.4800109863281,262.8699951171875,260.3399963378906,260.7699890136719,60469
2026-04-28 15:30:00+00:00,260.7449951171875,262.5199890136719,260.4599914550781,261.4150085449219,96854
2026-04-28 16:30:00+00:00,261.4200134277344,261.42999267578125,259.79998779296875,260.1099853515625,52212
2026-04-28 17:30:00+00:00,260.17999267578125,260.739990234375,260.0299987792969,260.3299865722656,80986
2026-04-28 18:30:00+00:00,260.3099975585937,260.4750061035156,259.1700134277344,259.1700134277344,87067
2026-04-28 19:30:00+00:00,259.04998779296875,260.2950134277344,258.5599975585937,259.57000732421875,161868
2026-04-29 13:30:00+00:00,258.9100036621094,261.1700134277344,255.22000122070312,255.2899932861328,103351
2026-04-29 14:30:00+00:00,255.1000061035156,255.7850036621093,252.375,253.384994506836,182591
2026-04-29 15:30:00+00:00,253.2100067138672,256.0799865722656,252.5399932861328,255.9100036621093,119933
2026-04-29 16:30:00+00:00,255.759994506836,256.7699890136719,254.8000030517578,256.1650085449219,126753
2026-04-29 17:30:00+00:00,256.1650085449219,257.6849975585937,255.0599975585937,255.07000732421875,86380
2026-04-29 18:30:00+00:00,255.0449981689453,256.42999267578125,253.9850006103516,254.9199981689453,136703
2026-04-29 19:30:00+00:00,254.97999572753903,257.79998779296875,254.6300048828125,257.3500061035156,248529
2026-04-30 13:30:00+00:00,264.5,265.989990234375,255.32000732421875,263.6724853515625,195421
2026-04-30 14:30:00+00:00,263.8949890136719,264.4700012207031,259.489990234375,260.0599975585937,95598
2026-04-30 15:30:00+00:00,259.8099975585937,261.7799987792969,259.19000244140625,259.32501220703125,73513
2026-04-30 16:30:00+00:00,259.1549987792969,260.1600036621094,258.5400085449219,259.5400085449219,77986
2026-04-30 17:30:00+00:00,259.57000732421875,260.5299987792969,256.9349975585937,257.44500732421875,95077
2026-04-30 18:30:00+00:00,257.510009765625,258.29998779296875,255.3300018310547,255.3500061035156,154868
2026-04-30 19:30:00+00:00,255.09500122070312,257.135009765625,254.22000122070312,256.95001220703125,309925
2026-05-01 13:30:00+00:00,261.2300109863281,261.8450012207031,254.0800018310547,257.3800048828125,74785
2026-05-01 14:30:00+00:00,257.5249938964844,258.0599975585937,255.13009643554688,256.2850036621094,58041
2026-05-01 15:30:00+00:00,256.25,256.989990234375,255.58999633789065,256.114990234375,40524
2026-05-01 16:30:00+00:00,256.0299987792969,256.7650146484375,255.58999633789065,256.6000061035156,55955
2026-05-01 17:30:00+00:00,256.3399963378906,257.92999267578125,256.1300048828125,257.19000244140625,68942
2026-05-01 18:30:00+00:00,257.2200012207031,257.739990234375,256.6400146484375,256.6400146484375,68228
2026-05-01 19:30:00+00:00,256.6549987792969,257.2799987792969,255.39100646972656,255.8300018310547,148349
2026-05-04 13:30:00+00:00,253.5200042724609,256.4631042480469,253.08999633789065,256.0899963378906,54129
2026-05-04 14:30:00+00:00,256.2349853515625,256.2349853515625,253.7100067138672,254.22999572753903,51513
2026-05-04 15:30:00+00:00,254.3099975585937,254.906005859375,252.72000122070312,252.8800048828125,46536
2026-05-04 16:30:00+00:00,252.884994506836,253.3300018310547,252.10499572753903,252.5599975585937,67975
2026-05-04 17:30:00+00:00,252.5599975585937,254.1100006103516,252.1699981689453,252.75250244140625,63974
2026-05-04 18:30:00+00:00,252.7449951171875,253.5800018310547,251.1100006103516,251.1100006103516,121459
2026-05-04 19:30:00+00:00,251.009994506836,253.1300048828125,250.8999938964844,253.07000732421875,249844
2026-05-05 13:30:00+00:00,253.0599975585937,254.34500122070312,248.5883026123047,254.0,96072
2026-05-05 14:30:00+00:00,253.8099975585937,255.47000122070312,253.0399932861328,253.8950042724609,41213
2026-05-05 15:30:00+00:00,253.88999938964844,254.07000732421875,253.1000061035156,253.94000244140625,41947
2026-05-05 16:30:00+00:00,253.77999877929688,253.99639892578125,253.0399932861328,253.9349975585937,40788
2026-05-05 17:30:00+00:00,254.0,256.6400146484375,253.9349975585937,256.1300048828125,77365
2026-05-05 18:30:00+00:00,256.1199951171875,258.0,255.75,257.2300109863281,115198
2026-05-05 19:30:00+00:00,257.3399963378906,257.6300048828125,256.4750061035156,257.0599975585937,292460
2026-05-06 13:30:00+00:00,257.04998779296875,260.57000732421875,253.8300018310547,259.5425109863281,117098
2026-05-06 14:30:00+00:00,260.0599975585937,260.260009765625,259.2200012207031,259.5599975585937,55338
2026-05-06 15:30:00+00:00,259.5599975585937,259.7699890136719,257.5299987792969,257.5299987792969,84529
2026-05-06 16:30:00+00:00,257.45001220703125,257.57000732421875,256.5899963378906,257.19000244140625,58048
2026-05-06 17:30:00+00:00,257.3279113769531,257.9599914550781,256.5,257.29998779296875,191136
2026-05-06 18:30:00+00:00,257.3900146484375,258.8399963378906,257.0599975585937,257.92999267578125,214928
2026-05-06 19:30:00+00:00,257.9100036621094,258.7200012207031,256.8900146484375,256.9200134277344,193510
2026-05-07 13:30:00+00:00,255.83999633789065,259.3999938964844,254.9499969482422,256.5899963378906,92044
2026-05-07 14:30:00+00:00,256.6199951171875,257.7300109863281,255.85499572753903,256.3099975585937,99769
2026-05-07 15:30:00+00:00,256.3800048828125,258.69000244140625,256.3599853515625,258.4150085449219,49895
2026-05-07 16:30:00+00:00,258.6199035644531,258.6199951171875,257.19000244140625,257.3599853515625,57821
2026-05-07 17:30:00+00:00,257.375,258.9700012207031,257.04998779296875,258.3550109863281,46267
2026-05-07 18:30:00+00:00,258.3999938964844,258.8800048828125,257.1199951171875,257.6099853515625,52425
2026-05-07 19:30:00+00:00,257.44000244140625,258.1499938964844,256.3999938964844,258.0400085449219,138033
2026-05-08 13:30:00+00:00,258.2300109863281,259.989990234375,252.88999938964844,253.8999938964844,65836
2026-05-08 14:30:00+00:00,253.8099975585937,255.65060424804688,253.375,253.56500244140625,52106
2026-05-08 15:30:00+00:00,253.5749969482422,254.9600067138672,253.47000122070312,254.4600067138672,53137
2026-05-08 16:30:00+00:00,254.4499969482422,254.8600006103516,253.3999938964844,253.5050048828125,49668
2026-05-08 17:30:00+00:00,253.5200042724609,255.02999877929688,253.32000732421875,254.384994506836,45719
2026-05-08 18:30:00+00:00,254.42999267578125,254.5500030517578,252.6499938964844,254.02999877929688,70586
2026-05-08 19:30:00+00:00,253.92999267578125,254.6499938964844,253.6150054931641,254.05499267578125,125832
2026-05-11 13:30:00+00:00,254.5,256.8900146484375,253.0,256.6000061035156,73193
2026-05-11 14:30:00+00:00,256.44000244140625,256.9999084472656,254.02999877929688,254.2050018310547,46149
2026-05-11 15:30:00+00:00,254.2050018310547,254.83999633789065,253.5,254.35499572753903,39845
2026-05-11 16:30:00+00:00,254.0800018310547,254.6000061035156,253.74009704589844,253.9149932861328,35390
2026-05-11 17:30:00+00:00,254.0599975585937,254.38999938964844,253.2700042724609,254.1499938964844,42584
2026-05-11 18:30:00+00:00,254.1499938964844,254.4600067138672,253.8600006103516,254.25,57415
2026-05-11 19:30:00+00:00,254.2850036621093,255.44000244140625,254.1199951171875,255.1499938964844,115918
2026-05-12 13:30:00+00:00,255.69000244140625,257.0,254.1499938964844,255.69000244140625,56551
2026-05-12 14:30:00+00:00,255.5200042724609,257.1099853515625,254.759994506836,256.92498779296875,38355
2026-05-12 15:30:00+00:00,256.9150085449219,257.0849914550781,255.83999633789065,256.67999267578125,31077
2026-05-12 16:30:00+00:00,256.9100036621094,258.7699890136719,256.8125,257.54998779296875,40213
2026-05-12 17:30:00+00:00,257.54998779296875,258.75750732421875,257.30010986328125,258.3699951171875,49295
2026-05-12 18:30:00+00:00,258.1600036621094,258.4150085449219,257.29998779296875,258.0350036621094,96631
2026-05-12 19:30:00+00:00,258.0350036621094,258.1600036621094,256.1600036621094,257.4200134277344,186701
2026-05-13 13:30:00+00:00,255.7700042724609,257.29998779296875,254.00010681152344,255.6100006103516,55719
2026-05-13 14:30:00+00:00,255.3800048828125,255.83999633789065,254.2700042724609,255.2100067138672,49282
2026-05-13 15:30:00+00:00,255.0399932861328,255.79559326171875,254.259994506836,255.509994506836,44205
2026-05-13 16:30:00+00:00,255.47999572753903,256.6600036621094,255.1199951171875,256.5899963378906,36590
2026-05-13 17:30:00+00:00,256.7200012207031,256.7200012207031,255.5200958251953,255.5500030517578,41422
2026-05-13 18:30:00+00:00,255.5200042724609,255.8000030517578,254.72000122070312,254.7400054931641,51820
2026-05-13 19:30:00+00:00,254.8500061035156,255.1300048828125,254.3300018310547,254.3999938964844,88561
2026-05-14 13:30:00+00:00,255.22000122070312,256.52459716796875,254.0599975585937,254.88999938964844,48197
2026-05-14 14:30:00+00:00,255.1199951171875,255.3199005126953,253.25,254.6699981689453,53320
2026-05-14 15:30:00+00:00,254.5599975585937,255.56939697265625,254.42999267578125,254.67999267578125,38896
2026-05-14 16:30:00+00:00,254.6699981689453,255.1875,254.1499938964844,254.38999938964844,51089
2026-05-14 17:30:00+00:00,254.4900054931641,254.8999938964844,253.13999938964844,253.69500732421875,51240
2026-05-14 18:30:00+00:00,253.5399932861328,254.5800018310547,253.5399932861328,254.1201019287109,68811
2026-05-14 19:30:00+00:00,254.26499938964844,254.5599975585937,253.77999877929688,254.009994506836,94131
2026-05-15 13:30:00+00:00,254.75,255.0,251.0800018310547,251.875,89328
2026-05-15 14:30:00+00:00,252.0,252.5800018310547,251.2700042724609,251.4750061035156,37108
2026-05-15 15:30:00+00:00,251.5599975585937,252.1199951171875,250.8350067138672,251.4100036621093,37209
2026-05-15 16:30:00+00:00,251.4100036621093,252.7949981689453,250.96499633789065,252.22999572753903,33294
2026-05-15 17:30:00+00:00,252.1699981689453,252.82000732421875,251.8701019287109,252.0500030517578,38977
2026-05-15 18:30:00+00:00,252.0500030517578,252.67999267578125,251.6150054931641,252.34500122070312,59504
2026-05-15 19:30:00+00:00,252.22999572753903,252.34500122070312,250.1300048828125,250.4750061035156,171172
2026-05-18 13:30:00+00:00,250.8300018310547,256.2250061035156,250.0,254.82000732421875,45954
2026-05-18 14:30:00+00:00,254.4750061035156,255.19000244140625,253.3800048828125,254.8500061035156,40652
2026-05-18 15:30:00+00:00,254.9250030517578,256.20001220703125,254.3600006103516,255.4100036621093,45715
2026-05-18 16:30:00+00:00,255.6499938964844,256.0799865722656,254.8500061035156,255.8600006103516,51853
2026-05-18 17:30:00+00:00,255.9199981689453,256.4200134277344,255.5601043701172,256.0874938964844,45281
2026-05-18 18:30:00+00:00,256.25,257.0799865722656,255.8650054931641,255.97000122070312,52622
2026-05-18 19:30:00+00:00,255.9900054931641,256.2799987792969,255.07000732421875,255.6300048828125,78173
2026-05-19 13:30:00+00:00,253.5399932861328,255.6300048828125,251.0599975585937,255.3000030517578,43360
2026-05-19 14:30:00+00:00,255.44000244140625,255.6100006103516,253.1699981689453,253.7550048828125,50408
2026-05-19 15:30:00+00:00,253.6199951171875,254.009994506836,252.5901031494141,253.134994506836,38922
2026-05-19 16:30:00+00:00,253.134994506836,253.27999877929688,252.1199951171875,253.13999938964844,46222
2026-05-19 17:30:00+00:00,253.0800018310547,253.6199951171875,252.47000122070312,253.47999572753903,59257
2026-05-19 18:30:00+00:00,253.3800048828125,253.8300018310547,252.6600036621093,252.9550018310547,51168
2026-05-19 19:30:00+00:00,252.97000122070312,253.7250061035156,252.36099243164065,253.625,103150
2026-05-20 13:30:00+00:00,255.4100036621093,256.81890869140625,251.009994506836,254.21499633789065,103438
2026-05-20 14:30:00+00:00,254.30499267578125,255.759994506836,254.2353973388672,255.02999877929688,32472
2026-05-20 15:30:00+00:00,254.759994506836,255.94000244140625,254.5399932861328,255.32000732421875,22531
2026-05-20 16:30:00+00:00,255.2400054931641,256.3999938964844,254.9600067138672,255.7700042724609,34851
2026-05-20 17:30:00+00:00,255.9349975585937,256.9399108886719,255.634994506836,256.739990234375,29935
2026-05-20 18:30:00+00:00,256.7449951171875,257.4198913574219,256.4100036621094,256.4800109863281,34935
2026-05-20 19:30:00+00:00,256.4750061035156,257.4750061035156,256.4750061035156,257.32000732421875,54568
2026-05-21 13:30:00+00:00,255.0200042724609,255.0200042724609,250.5800018310547,254.6600036621093,54544
2026-05-21 14:30:00+00:00,254.6199951171875,254.88800048828125,253.7700042724609,254.08999633789065,39428
2026-05-21 15:30:00+00:00,254.2050018310547,254.33999633789065,253.1000061035156,253.1000061035156,37396
2026-05-21 16:30:00+00:00,253.1100006103516,254.9900054931641,253.1100006103516,253.6150054931641,45381
2026-05-21 17:30:00+00:00,253.6150054931641,255.83999633789065,253.3650054931641,255.67999267578125,53238
2026-05-21 18:30:00+00:00,255.6199951171875,256.31988525390625,255.13999938964844,255.67999267578125,50299
2026-05-21 19:30:00+00:00,255.67999267578125,256.1000061035156,254.9409942626953,255.5599975585937,96336
2026-05-22 13:30:00+00:00,256.0,260.4599914550781,254.47999572753903,258.6300048828125,51495
2026-05-22 14:30:00+00:00,258.7099914550781,258.8599853515625,257.54998779296875,258.67498779296875,26523
2026-05-22 15:30:00+00:00,258.7699890136719,260.44000244140625,258.6600036621094,260.1300048828125,25197
2026-05-22 16:30:00+00:00,260.260009765625,260.6199951171875,258.8299865722656,259.3699951171875,32190
2026-05-22 17:30:00+00:00,259.1700134277344,260.3598937988281,259.0599975585937,260.0400085449219,40031
2026-05-22 18:30:00+00:00,259.9800109863281,260.9898986816406,259.9349975585937,260.2900085449219,37456
2026-05-22 19:30:00+00:00,260.2900085449219,260.989990234375,259.9100036621094,259.94000244140625,118502
2026-05-26 13:30:00+00:00,261.1499938964844,261.1499938964844,256.4599914550781,259.06500244140625,66561
2026-05-26 14:30:00+00:00,259.06500244140625,260.4700012207031,258.489990234375,258.69500732421875,75606
2026-05-26 15:30:00+00:00,258.8599853515625,259.9700012207031,258.6400146484375,259.82000732421875,49537
2026-05-26 16:30:00+00:00,259.7900085449219,260.1700134277344,259.19000244140625,260.04998779296875,57558
2026-05-26 17:30:00+00:00,260.0799865722656,260.0899963378906,259.3099975585937,259.8399963378906,50660
2026-05-26 18:30:00+00:00,259.8999938964844,260.0,258.9100036621094,259.6000061035156,62120
2026-05-26 19:30:00+00:00,259.5400085449219,260.0849914550781,258.3999938964844,258.44000244140625,102941
2026-05-27 13:30:00+00:00,260.0,264.1400146484375,259.7300109863281,262.0400085449219,39881
2026-05-27 14:30:00+00:00,262.1610107421875,262.17999267578125,259.0950012207031,259.6650085449219,49373
2026-05-27 15:30:00+00:00,259.6650085449219,259.8900146484375,258.0950012207031,258.5,98109
2026-05-27 16:30:00+00:00,258.42498779296875,258.5799865722656,257.0400085449219,257.3598937988281,43243
2026-05-27 17:30:00+00:00,257.1000061035156,259.42999267578125,257.1000061035156,258.5350036621094,53185
2026-05-27 18:30:00+00:00,258.6600036621094,259.2900085449219,258.1000061035156,258.3099975585937,45215
2026-05-27 19:30:00+00:00,258.44000244140625,258.6199951171875,257.739990234375,258.17999267578125,80313
2026-05-28 13:30:00+00:00,258.0199890136719,262.5899963378906,255.47000122070312,261.7047119140625,77506
2026-05-28 14:30:00+00:00,262.0199890136719,263.7749938964844,261.3699951171875,263.239990234375,50459
2026-05-28 15:30:00+00:00,263.29998779296875,264.6600036621094,263.2650146484375,264.0599975585937,41129
2026-05-28 16:30:00+00:00,264.1099853515625,264.32000732421875,262.94000244140625,263.0801086425781,32756
2026-05-28 17:30:00+00:00,262.989990234375,263.3699951171875,262.6000061035156,263.0899963378906,43430
2026-05-28 18:30:00+00:00,263.0899963378906,263.4150085449219,262.4049987792969,263.2900085449219,54919
2026-05-28 19:30:00+00:00,263.2200012207031,263.67999267578125,262.3900146484375,262.79998779296875,124494
2026-05-29 13:30:00+00:00,262.6199951171875,263.7250061035156,259.510009765625,262.0350036621094,46032
2026-05-29 14:30:00+00:00,261.7699890136719,263.0199890136719,261.3800048828125,262.6600036621094,43650
2026-05-29 15:30:00+00:00,262.4700012207031,263.2799987792969,262.0199890136719,262.57000732421875,31975
2026-05-29 16:30:00+00:00,262.1600036621094,262.7699890136719,261.8999938964844,262.0899963378906,30385
2026-05-29 17:30:00+00:00,262.19000244140625,262.45001220703125,261.79998779296875,262.0950012207031,42027
2026-05-29 18:30:00+00:00,262.04998779296875,262.7349853515625,261.5199890136719,261.739990234375,60765
2026-05-29 19:30:00+00:00,261.81500244140625,261.8900146484375,259.8800048828125,260.1700134277344,144683
2026-06-01 13:30:00+00:00,260.2250061035156,260.9198913574219,255.8300018310547,257.29998779296875,60330
2026-06-01 14:30:00+00:00,257.2900085449219,258.0498962402344,256.9100036621094,257.3299865722656,49659
2026-06-01 15:30:00+00:00,257.45001220703125,257.67999267578125,256.7300109863281,257.125,50941
2026-06-01 16:30:00+00:00,257.135009765625,257.9200134277344,256.3399963378906,257.2200012207031,30585
2026-06-01 17:30:00+00:00,257.3800048828125,258.2099914550781,256.7601013183594,258.0599975585937,49500
2026-06-01 18:30:00+00:00,257.95001220703125,258.0799865722656,256.6400146484375,257.5899963378906,68245
2026-06-01 19:30:00+00:00,257.5299987792969,257.7900085449219,256.7900085449219,256.989990234375,108513
2026-06-02 13:30:00+00:00,255.3999938964844,258.260009765625,254.6699981689453,257.0159912109375,57096
2026-06-02 14:30:00+00:00,256.9649963378906,258.1000061035156,256.489990234375,256.875,51051
2026-06-02 15:30:00+00:00,256.7200012207031,257.760009765625,256.5400085449219,256.739990234375,41703
2026-06-02 16:30:00+00:00,256.739990234375,257.0299987792969,256.04998779296875,256.32000732421875,35121
2026-06-02 17:30:00+00:00,256.2850036621094,256.8999938964844,256.1300964355469,256.25,50793
2026-06-02 18:30:00+00:00,256.260009765625,257.010009765625,256.1849975585937,256.9800109863281,49338
2026-06-02 19:30:00+00:00,256.92999267578125,257.75,256.6000061035156,257.739990234375,94065
2026-06-03 13:30:00+00:00,257.20001220703125,258.6400146484375,253.05499267578125,254.47000122070312,81447
2026-06-03 14:30:00+00:00,255.0599975585937,257.04998779296875,254.4250030517578,256.80499267578125,69787
2026-06-03 15:30:00+00:00,256.7749938964844,257.29998779296875,256.07000732421875,257.2799987792969,35679
2026-06-03 16:30:00+00:00,257.2900085449219,257.6499938964844,257.0599975585937,257.6400146484375,34552
2026-06-03 17:30:00+00:00,257.7300109863281,258.2799987792969,257.5599975585937,258.07000732421875,38754
2026-06-03 18:30:00+00:00,258.1300048828125,259.54998779296875,257.7950134277344,258.885009765625,104789
2026-06-03 19:30:00+00:00,258.885009765625,259.5799865722656,258.3900146484375,258.9200134277344,125061
2026-06-04 13:30:00+00:00,262.2900085449219,265.57501220703125,261.2200012207031,265.3349914550781,75976
2026-06-04 14:30:00+00:00,265.20001220703125,267.2699890136719,265.0599975585937,265.1099853515625,63985
2026-06-04 15:30:00+00:00,265.375,265.58160400390625,261.5700988769531,262.177490234375,43918
2026-06-04 16:30:00+00:00,262.2699890136719,262.4800109863281,261.3052978515625,261.4800109863281,27668
2026-06-04 17:30:00+00:00,261.4800109863281,261.69000244140625,260.635009765625,260.8399963378906,25456
2026-06-04 18:30:00+00:00,260.614990234375,261.010009765625,259.989990234375,260.67498779296875,49608
2026-06-04 19:30:00+00:00,260.67498779296875,261.4599914550781,260.3299865722656,260.9200134277344,117343
2026-06-05 13:30:00+00:00,262.239990234375,265.7650146484375,260.9150085449219,265.57000732421875,50050
2026-06-05 14:30:00+00:00,265.5599975585937,265.7698974609375,264.7699890136719,264.7900085449219,29509
2026-06-05 15:30:00+00:00,264.7900085449219,265.29998779296875,263.4200134277344,263.9100036621094,29132
2026-06-05 16:30:00+00:00,263.9849853515625,265.4349975585937,263.79998779296875,265.3699951171875,21223
2026-06-05 17:30:00+00:00,265.385009765625,266.2084045410156,265.0,265.92498779296875,38804
2026-06-05 18:30:00+00:00,265.9849853515625,266.6199951171875,264.1400146484375,264.42999267578125,51441
2026-06-05 19:30:00+00:00,264.42999267578125,266.010009765625,264.42999267578125,265.1300048828125,117266
2026-06-08 13:30:00+00:00,266.07000732421875,266.07000732421875,262.1600036621094,265.2650146484375,39917
2026-06-08 14:30:00+00:00,265.0,265.1499938964844,263.2099914550781,263.8999938964844,27029
2026-06-08 15:30:00+00:00,263.8599853515625,263.9599914550781,263.1575012207031,263.29998779296875,31184
2026-06-08 16:30:00+00:00,263.29998779296875,263.5199890136719,262.7908020019531,262.9100036621094,23958
2026-06-08 17:30:00+00:00,262.9100036621094,263.260009765625,262.5201110839844,262.9798278808594,31043
2026-06-08 18:30:00+00:00,262.989990234375,262.989990234375,261.55999755859375,261.8399963378906,46381
2026-06-08 19:30:00+00:00,261.8999938964844,262.2200012207031,260.6400146484375,262.010009765625,117232
2026-06-09 13:30:00+00:00,263.67999267578125,268.08990478515625,262.42999267578125,267.7449951171875,50707
2026-06-09 14:30:00+00:00,267.69000244140625,268.80999755859375,266.82000732421875,267.0299987792969,24427
